ts_open,ts_close,dir,qty,entry,exit,sl,tp,reason,pnl_pts,pnl_usd,tag
1672734678808198422,1672738172000871256,-1,1,1844.2,1847.4,1847.3500000000004,1837.8999999999996,sl,-3.35,-335.0,L-Rev|M15|low@1844.20
1672759980128707524,1672765218662523657,-1,1,1836.8,1840.5,1840.475,1829.4499999999998,sl,-3.85,-385.0,L-Rev|M15|low@1836.80
1672789251531452075,1672793607094954080,-1,1,1842.6,1845.2,1845.075,1837.6499999999996,sl,-2.75,-275.0,L-Rev|M15|low@1842.60
1672844954430009333,1672847020055333054,-1,1,1858.2,1863.6,1863.525,1847.5500000000002,sl,-5.55,-555.0,L-Rev|M15|low@1858.20
1672858997973892156,1672863947169055343,-1,1,1854.7,1860.3,1860.1,1843.9000000000003,sl,-5.75,-575.0,L-Rev|M15|low@1854.70
1672885461397507465,1672887496137190377,-1,1,1859.3,1862.0,1861.925,1854.05,sl,-2.85,-285.0,L-Rev|M15|low@1859.30
1672905325513143367,1672908394516722854,-1,1,1854.9,1849.3500000000004,1857.675,1849.3500000000004,tp,5.4,540.0,L-Rev|M15|low@1854.90
1672924500843655622,1672926792972348841,-1,1,1849.0,1841.1999999999996,1852.9,1841.1999999999996,tp,7.65,765.0,L-Rev|M15|low@1849.00
1672996263663261645,1673003362619375799,-1,1,1840.1,1842.9,1842.875,1834.5499999999995,sl,-2.95,-295.0,L-Rev|M15|low@1840.10
1673013366213972025,1673013879608327705,1,1,1856.8,1853.0,1853.125,1864.1499999999996,sl,-3.95,-395.0,L-Rev|M15|high@1856.70
1673017547681269601,1673021225484940406,1,1,1861.0,1869.0,1856.85,1869.0,tp,7.85,785.0,L-Rev|M15|high@1860.80
1673017703859888715,1673024650734672820,1,1,1864.4,1869.6499999999999,1861.7749999999999,1869.6499999999999,tp,5.1,510.0,L-Rev|M15|high@1864.30
1673244972786559093,1673246179393243035,1,1,1884.6,1882.6,1882.7000000000003,1888.1,sl,-2.15,-215.0,L-Rev|M15|high@1884.40
1673284558780159406,1673289191243304340,-1,1,1875.5,1879.1,1879.025,1868.4499999999998,sl,-3.75,-375.0,L-Rev|M15|low@1875.50
1673335889906386972,1673336279095665194,-1,1,1874.8,1876.9,1876.8999999999999,1870.6,sl,-2.25,-225.0,L-Rev|M15|low@1874.80
1673341617976423936,1673347281972608118,1,1,1880.8,1878.3,1878.325,1885.75,sl,-2.65,-265.0,L-Rev|M15|high@1880.60
1673354992149089632,1673357032563874394,-1,1,1874.7,1878.5,1878.4499999999998,1867.2000000000003,sl,-3.95,-395.0,L-Rev|M15|low@1874.70
1673359494431263772,1673359697002204589,1,1,1881.6,1878.9,1878.9,1886.9999999999998,sl,-2.85,-285.0,L-Rev|M15|high@1881.50
1673413643132681483,1673415700746372979,1,1,1882.8,1888.8000000000002,1879.7999999999997,1888.8000000000002,tp,5.85,585.0,L-Rev|M15|high@1882.70
1673426968725166577,1673439111800280057,1,1,1889.1,1885.5,1885.5749999999998,1896.15,sl,-3.75,-375.0,L-Rev|M15|high@1889.00
1673415308173964630,1673439138682475622,1,1,1887.3,1883.5,1883.5,1892.5,sl,-3.95,-395.0,L-Rev|H1|high@1886.40
1673415308173964630,1673439309432148097,1,1,1887.3,1882.7,1882.775,1893.9500000000003,sl,-4.75,-475.0,L-Rev|H4|high@1886.40
1673447812711871141,1673453849179010245,-1,1,1879.8,1871.8499999999997,1883.775,1871.8499999999997,tp,7.8,780.0,L-Rev|M15|low@1879.80
1673453849179010245,1673454321511427469,-1,1,1871.3,1873.7,1873.65,1868.7,sl,-2.55,-255.0,L-Rev|H1|low@1872.00
1673448642969792539,1673455886794684236,-1,1,1875.1,1878.1,1878.1,1869.1,sl,-3.15,-315.0,L-Rev|M15|low@1875.10
1673448404281005293,1673457292768226517,-1,1,1875.9,1878.9,1878.9,1870.7999999999997,sl,-3.15,-315.0,L-Rev|M15|low@1876.20
1673448644185024758,1673457293092356627,-1,1,1874.5,1879.0,1878.9250000000002,1866.5499999999997,sl,-4.65,-465.0,L-Rev|M15|low@1874.80
1673488274546277490,1673490819662059923,1,1,1882.9,1886.4999999999995,1881.1,1886.4999999999995,tp,3.45,345.0,L-Rev|M15|high@1882.80
1673516522059696920,1673517951247228351,1,1,1888.4,1886.8,1886.8249999999998,1891.5499999999997,sl,-1.75,-175.0,L-Rev|M15|high@1888.30
1673569512929075173,1673570650799549056,1,1,1903.9,1900.6,1900.6999999999998,1910.3,sl,-3.45,-345.0,L-Rev|H1|high@1906.50
1673621311447933512,1673631235569415037,1,1,1913.0,1919.6000000000004,1909.6999999999998,1919.6000000000004,tp,6.45,645.0,L-Rev|M15|high@1912.90
1673919461511667073,1673919512157069685,-1,1,1915.8,1916.7,1916.7,1914.0,sl,-1.05,-105.0,L-Rev|M15|low@1915.80
1673850477377478151,1673922707940188985,-1,1,1919.8,1913.8,1922.8,1913.8,tp,5.85,585.0,L-Rev|M15|low@1919.80
1673938222368047429,1673942739358876902,-1,1,1910.6,1913.4,1913.375,1905.0499999999997,sl,-2.95,-295.0,L-Rev|M15|low@1910.60
1673922686275715476,1673950503176748032,-1,1,1914.1,1907.7999999999997,1917.25,1907.7999999999997,tp,6.15,615.0,L-Rev|M15|low@1914.10
1673956829900829878,1673959436895547302,1,1,1915.8,1912.5,1912.575,1922.25,sl,-3.45,-345.0,L-Rev|M15|high@1915.70
1673982839202236467,1673983954502270192,-1,1,1906.8,1909.5,1909.425,1901.55,sl,-2.85,-285.0,L-Rev|M15|low@1906.80
1673982839202236467,1673984093187009936,-1,1,1906.8,1910.1,1910.025,1900.35,sl,-3.45,-345.0,L-Rev|H1|low@1906.80
1674009626574390432,1674015960652551174,-1,1,1906.2,1899.3000000000002,1909.65,1899.3000000000002,tp,6.75,675.0,L-Rev|M15|low@1906.20
1674046935399991507,1674047998291441687,1,1,1921.9,1919.7,1919.7999999999997,1926.1,sl,-2.35,-235.0,L-Rev|H1|high@1921.80
1674046259924284241,1674048601640095189,1,1,1919.7,1924.25,1917.275,1924.25,tp,4.4,440.0,L-Rev|H1|high@1919.50
1674046940161766683,1674049355213311975,1,1,1922.0,1918.9,1918.9999999999998,1928.0000000000005,sl,-3.25,-325.0,L-Rev|M15|high@1921.80
1674046259779638132,1674057309753282914,1,1,1919.6,1914.8,1914.875,1929.0499999999997,sl,-4.95,-495.0,L-Rev|M15|high@1919.50
1674091263578047593,1674096145530454739,-1,1,1904.2,1906.3,1906.225,1900.1500000000003,sl,-2.25,-225.0,L-Rev|M15|low@1904.20
1674110384566344891,1674111429341684050,1,1,1912.6,1910.1,1910.1999999999998,1917.4,sl,-2.65,-265.0,L-Rev|M15|high@1912.50
1674138017723394335,1674139780958623283,1,1,1918.6,1916.2,1916.2500000000002,1923.0000000000002,sl,-2.55,-255.0,L-Rev|M15|high@1918.40
1674223278405888148,1674223487215396118,-1,1,1924.8,1927.1,1927.0500000000002,1920.2999999999997,sl,-2.45,-245.0,L-Rev|M15|low@1924.80
1674223278405888148,1674224801586806770,-1,1,1924.8,1927.2,1927.15,1920.1,sl,-2.55,-255.0,L-Rev|H1|low@1924.80
1674156388584806142,1674225174567788275,1,1,1929.9,1922.9,1922.925,1943.85,sl,-7.15,-715.0,L-Rev|M15|high@1929.80
1674481171506541276,1674482475380040427,-1,1,1920.4,1924.0,1923.9250000000002,1913.35,sl,-3.75,-375.0,L-Rev|M15|low@1920.40
1674499771665591856,1674500479363797203,1,1,1930.9,1928.4,1928.4,1935.6000000000004,sl,-2.65,-265.0,L-Rev|M15|high@1930.70
1674525599354998076,1674531924584946206,1,1,1936.9,1935.0,1935.025,1940.65,sl,-2.05,-205.0,L-Rev|H1|high@1936.70
1674541815192867055,1674545557354410200,1,1,1938.5,1942.1500000000005,1936.5249999999999,1942.1500000000005,tp,3.5,350.0,L-Rev|M15|high@1938.30
1674566464307759262,1674566577756714352,-1,1,1935.4,1937.8,1937.8,1930.6000000000004,sl,-2.55,-255.0,L-Rev|M15|low@1935.40
1674568480040025630,1674568735509691329,-1,1,1931.4,1933.8,1933.8,1926.6000000000004,sl,-2.55,-255.0,L-Rev|M15|low@1931.40
1674568376698414791,1674569852946303861,-1,1,1933.1,1929.2,1935.0499999999997,1929.2,tp,3.75,375.0,L-Rev|M15|low@1933.10
1674497921004435877,1674572400607765001,1,1,1929.3,1921.9,1921.9499999999998,1944.0000000000002,sl,-7.55,-755.0,L-Rev|M15|high@1929.20
1674601200194737791,1674601200194770890,1,1,1938.6,1932.0500000000002,1928.225,1932.0500000000002,tp,-6.7,-670.0,L-Rev|M15|high@1939.50
1674641308505602786,1674657110369723175,-1,1,1927.0,1930.8,1930.75,1919.5,sl,-3.95,-395.0,L-Rev|M15|low@1927.00
1674659129330432600,1674660315906741803,1,1,1935.3,1930.9,1930.9250000000002,1941.9500000000003,sl,-4.55,-455.0,L-Rev|M15|high@1934.50
1674668015541665578,1674669595029556536,1,1,1940.7,1938.1,1938.125,1945.85,sl,-2.75,-275.0,L-Rev|H1|high@1940.60
1674668015552829016,1674677036415199423,1,1,1940.8,1946.7999999999997,1937.8000000000002,1946.7999999999997,tp,5.85,585.0,L-Rev|M15|high@1940.60
1674668015552829016,1674677125470856844,1,1,1940.8,1949.1999999999998,1936.6,1949.1999999999998,tp,8.25,825.0,L-Rev|M15|high@1940.70
1674717086593975535,1674717702306862305,-1,1,1942.9,1938.7000000000003,1945.0,1938.7000000000003,tp,4.05,405.0,L-Rev|M15|low@1942.90
1674750285108012329,1674750433550417126,-1,1,1920.3,1924.2,1924.125,1913.5499999999997,sl,-4.05,-405.0,L-Rev|H1|low@1920.60
1674750285108012329,1674752741768212443,-1,1,1920.3,1927.5,1927.4249999999997,1906.95,sl,-7.35,-735.0,L-Rev|M15|low@1920.60
1674780665762748995,1674782557644940354,1,1,1933.7,1931.7,1931.725,1937.3500000000004,sl,-2.15,-215.0,L-Rev|M15|high@1933.50
1674786147360054461,1674790040679325562,-1,1,1928.5,1925.2999999999997,1930.25,1925.2999999999997,tp,3.05,305.0,L-Rev|M15|low@1928.60
1674834412583297283,1674834469236084673,-1,1,1919.4,1921.8,1921.8,1915.8,sl,-2.55,-255.0,L-Rev|H1|low@1919.80
1674834516864887504,1674834822605481017,-1,1,1917.0,1920.3,1920.25,1914.7,sl,-3.45,-345.0,L-Rev|H1|low@1918.40
1674834412583297283,1674834992047416674,-1,1,1919.4,1922.8,1922.5,1914.4,sl,-3.55,-355.0,L-Rev|M15|low@1919.80
1674834516864887504,1674834992047416674,-1,1,1917.0,1922.8,1922.4500000000003,1910.3,sl,-5.95,-595.0,L-Rev|M15|low@1918.40
1675049629194265407,1675051246910892189,-1,1,1924.0,1927.0,1927.0,1918.0,sl,-3.15,-315.0,L-Rev|M15|low@1924.00
1675052898764817789,1675063311643957028,1,1,1931.1,1927.3,1927.6499999999999,1938.0,sl,-3.95,-395.0,L-Rev|M15|high@1931.00
1675065173731871703,1675073181692150197,-1,1,1923.8,1926.8,1926.0,1919.7000000000005,sl,-3.15,-315.0,L-Rev|M15|low@1923.90
1675106282826910049,1675106519426182594,-1,1,1920.3,1923.0,1922.475,1915.9499999999998,sl,-2.85,-285.0,L-Rev|M15|low@1920.30
1675106282826910049,1675106519426182594,-1,1,1920.3,1923.0,1922.9,1915.1,sl,-2.85,-285.0,L-Rev|H1|low@1920.30
1675235160186504453,1675235462909366777,1,1,1944.5,1942.8,1942.85,1947.8000000000002,sl,-1.85,-185.0,L-Rev|M15|high@1944.40
1675235158873338506,1675236156247664431,1,1,1944.3,1941.9,1941.9,1949.0999999999997,sl,-2.55,-255.0,L-Rev|M15|high@1944.20
1675236859465041155,1675240714626388386,-1,1,1940.1,1941.5,1941.45,1937.3999999999996,sl,-1.55,-155.0,L-Rev|M15|low@1940.10
1675263776829653604,1675263901506519921,-1,1,1938.6,1941.6,1941.525,1932.7499999999998,sl,-3.15,-315.0,L-Rev|M15|low@1938.60
1675321346394647723,1675322044090143732,1,1,1969.7,1974.35,1967.3749999999998,1974.35,tp,4.5,450.0,L-Rev|M15|high@1969.60
1675344042238886841,1675345858752040046,-1,1,1966.8,1960.9499999999998,1969.725,1960.9499999999998,tp,5.7,570.0,L-Rev|M15|low@1966.80
1675344050960748192,1675346195102481757,-1,1,1966.5,1959.0,1970.25,1959.0,tp,7.35,735.0,L-Rev|M15|low@1966.50
1675369717430567468,1675378800055185450,-1,1,1926.0,1918.0500000000002,1929.975,1918.0500000000002,tp,7.8,780.0,L-Rev|M15|low@1926.00
1675409422377119363,1675416010942965350,-1,1,1927.5,1929.7,1929.6000000000001,1923.2999999999997,sl,-2.35,-235.0,L-Rev|M15|low@1927.50
1675419650431188458,1675425112984574416,-1,1,1923.7,1927.9,1927.9,1915.2999999999997,sl,-4.35,-435.0,L-Rev|M15|low@1923.70
1675683311438206780,1675685372439736810,-1,1,1882.7,1886.0,1886.0,1876.1,sl,-3.45,-345.0,L-Rev|M15|low@1882.70
1675697364186922407,1675710346975452444,-1,1,1880.8,1883.6,1883.5750000000003,1875.2499999999995,sl,-2.95,-295.0,L-Rev|M15|low@1880.80
1675760428154118755,1675761004268929183,-1,1,1884.2,1886.3,1886.3,1880.0,sl,-2.25,-225.0,L-Rev|M15|low@1884.20
1675785362372514690,1675786419176638027,1,1,1890.8,1887.3,1887.3000000000002,1897.1999999999998,sl,-3.65,-365.0,L-Rev|M15|high@1890.50
1675820183026239900,1675822056658583534,1,1,1890.6,1887.9,1887.975,1895.85,sl,-2.85,-285.0,L-Rev|M15|high@1890.50
1675841238545369795,1675842952250696062,1,1,1891.2,1895.4499999999998,1888.9250000000002,1895.4499999999998,tp,4.1,410.0,L-Rev|M15|high@1891.00
1675862709176575451,1675865166213122787,-1,1,1885.4,1891.1,1891.0500000000002,1874.3999999999999,sl,-5.85,-585.0,L-Rev|M15|low@1885.50
1675921504816874942,1675921520546625235,1,1,1892.7,1891.3,1891.4,1895.0,sl,-1.55,-155.0,L-Rev|M15|high@1892.50
1675921504758093746,1675921625261255585,1,1,1892.4,1889.5,1889.55,1898.1000000000004,sl,-3.05,-305.0,L-Rev|M15|high@1892.30
1675931285963034419,1675934924300397321,1,1,1896.3,1891.6,1891.6499999999999,1905.6,sl,-4.85,-485.0,L-Rev|M15|high@1896.20
1675950776969444074,1675953268127016475,1,1,1899.6,1895.5,1895.575,1905.85,sl,-4.25,-425.0,L-Rev|H1|high@1898.90
1675950776969444074,1675953343252946839,1,1,1899.6,1894.1,1894.125,1908.75,sl,-5.65,-565.0,L-Rev|M15|high@1898.90
1675956397061926064,1675958545178618473,-1,1,1888.4,1882.85,1891.1750000000002,1882.85,tp,5.4,540.0,L-Rev|M15|low@1888.40
1675958538563835804,1675958592997355046,-1,1,1883.4,1880.05,1885.8250000000003,1880.05,tp,3.2,320.0,L-Rev|H1|low@1883.90
1675958538563835804,1675958612483400126,-1,1,1883.4,1878.8000000000002,1886.45,1878.8000000000002,tp,4.45,445.0,L-Rev|M15|low@1883.90
1675958564499092243,1675958852375293314,-1,1,1881.2,1877.5,1883.3500000000001,1877.5,tp,3.55,355.0,L-Rev|H1|low@1881.40
1675958564499092243,1675959223792859352,-1,1,1881.2,1886.7,1886.65,1870.9,sl,-5.65,-565.0,L-Rev|M15|low@1881.40
1675993310642964332,1675993630017203416,-1,1,1870.2,1872.0,1872.0,1866.6,sl,-1.95,-195.0,L-Rev|M15|low@1870.20
1676015168954755527,1676020746814362124,1,1,1876.7,1873.0,1873.1749999999997,1883.7500000000005,sl,-3.85,-385.0,L-Rev|M15|high@1876.50
1676263314893940000,1676268277313968881,-1,1,1868.9,1871.7,1871.6000000000001,1863.5,sl,-2.95,-295.0,L-Rev|M15|low@1868.90
1676270489508332780,1676271121326192399,1,1,1876.9,1874.7,1874.7000000000003,1881.0,sl,-2.35,-235.0,L-Rev|M15|high@1876.70
1676280710599500770,1676284036695379434,-1,1,1867.5,1869.2,1869.125,1864.25,sl,-1.85,-185.0,L-Rev|H1|low@1867.50
1676280696147423757,1676286527071785913,-1,1,1867.8,1871.1,1871.025,1861.3499999999997,sl,-3.45,-345.0,L-Rev|M15|low@1867.80
1676298952775732921,1676299034152538241,-1,1,1863.6,1866.7,1866.675,1859.25,sl,-3.25,-325.0,L-Rev|M15|low@1864.20
1676373879070519413,1676379065413324717,-1,1,1868.0,1871.2,1871.15,1861.6999999999998,sl,-3.35,-335.0,L-Rev|M15|low@1868.00
1676381550068209868,1676381613898282187,1,1,1875.1,1881.0499999999997,1870.9250000000002,1881.0499999999997,tp,5.8,580.0,L-Rev|M15|high@1874.20
1676381570385123696,1676381874008310697,1,1,1877.5,1874.8,1874.875,1882.4499999999998,sl,-2.85,-285.0,L-Rev|H1|high@1877.20
1676381570385123696,1676381884410410310,1,1,1877.5,1874.0,1874.0,1883.9000000000003,sl,-3.65,-365.0,L-Rev|M15|high@1877.20
1676381550068209868,1676381953443735121,1,1,1875.1,1870.8,1870.8750000000002,1883.2500000000002,sl,-4.45,-445.0,L-Rev|M15|high@1874.90
1676429001961660099,1676432677144702063,-1,1,1863.9,1858.8000000000006,1866.4499999999998,1858.8000000000006,tp,4.95,495.0,L-Rev|M15|low@1863.90
1676469055184105949,1676469518177417756,1,1,1848.2,1844.7,1844.725,1854.8500000000004,sl,-3.65,-365.0,L-Rev|M15|high@1847.90
1676489158762425971,1676490511405160845,1,1,1848.6,1845.6,1845.6,1854.6,sl,-3.15,-315.0,L-Rev|M15|high@1848.50
1676511050334341371,1676524845127238026,1,1,1849.4,1847.9,1848.0500000000002,1852.0999999999997,sl,-1.65,-165.0,L-Rev|M15|high@1849.30
1676528911408793513,1676530903133432932,-1,1,1844.0,1846.8,1846.775,1838.4499999999998,sl,-2.95,-295.0,L-Rev|M15|low@1844.00
1676534831310086726,1676536296881346411,1,1,1852.2,1850.3,1850.3750000000002,1855.5500000000002,sl,-2.05,-205.0,L-Rev|M15|high@1852.00
1676554201289040683,1676554202887349795,-1,1,1844.1,1839.7499999999998,1846.275,1839.7499999999998,tp,4.2,420.0,L-Rev|M15|low@1844.10
1676554202374875547,1676554740300480504,-1,1,1843.6,1847.4,1847.35,1836.1,sl,-3.95,-395.0,L-Rev|M15|low@1843.60
1676565985183110670,1676588664814683687,1,1,1850.1,1844.0,1844.0000000000005,1862.0,sl,-6.25,-625.0,L-Rev|M15|high@1849.90
1676608230585205662,1676620948070914928,-1,1,1835.6,1830.7999999999997,1838.0,1830.7999999999997,tp,4.65,465.0,L-Rev|M15|low@1835.60
1676599272869941572,1676621022383648938,-1,1,1836.6,1828.6999999999998,1840.55,1828.6999999999998,tp,7.75,775.0,L-Rev|H1|low@1836.60
1676636864301158957,1676645161451825290,1,1,1837.1,1833.2,1833.25,1844.5,sl,-4.05,-405.0,L-Rev|M15|high@1836.90
1676599272869941572,1676646709433569322,-1,1,1836.6,1842.9,1842.6749999999997,1824.45,sl,-6.45,-645.0,L-Rev|M15|low@1836.60
1676882938680732039,1676883559337574971,-1,1,1850.2,1852.7,1852.6000000000001,1845.4,sl,-2.65,-265.0,L-Rev|M15|low@1850.20
1676907041736508227,1676956960656589122,-1,1,1851.7,1845.8500000000004,1854.625,1845.8500000000004,tp,5.7,570.0,L-Rev|M15|low@1851.70
1676981495550927460,1676984747388938697,-1,1,1839.9,1843.3,1843.2000000000003,1833.3,sl,-3.55,-355.0,L-Rev|M15|low@1839.90
1676990150907165832,1676990300350435828,1,1,1852.9,1850.4,1850.4750000000004,1857.45,sl,-2.65,-265.0,L-Rev|M15|high@1852.70
1676988436010770715,1676990918616070506,1,1,1848.5,1846.0,1846.0249999999999,1853.4500000000003,sl,-2.65,-265.0,L-Rev|M15|high@1848.40
1677025015695257758,1677028288167477663,1,1,1845.6,1844.5,1844.5499999999997,1847.7,sl,-1.25,-125.0,L-Rev|M15|high@1845.50
1677052285006489501,1677054189826219328,1,1,1847.7,1845.1,1845.2999999999997,1852.5,sl,-2.75,-275.0,L-Rev|M15|high@1847.60
1677055116987711285,1677059431729172156,-1,1,1843.1,1844.9,1844.9,1839.4999999999998,sl,-1.95,-195.0,L-Rev|M15|low@1843.10
1677078735204455027,1677079055493131937,-1,1,1839.8,1842.7,1842.625,1836.5499999999997,sl,-3.05,-305.0,L-Rev|M15|low@1840.60
1677078735204455027,1677079325476448733,-1,1,1839.8,1844.8,1844.7749999999999,1832.85,sl,-5.15,-515.0,L-Rev|M15|low@1840.80
1677087353826512625,1677088146187641369,-1,1,1839.7,1843.3,1843.3,1832.5,sl,-3.75,-375.0,L-Rev|M15|low@1839.70
1677159001063265239,1677159020540607495,-1,1,1831.2,1833.0,1832.95,1827.7,sl,-1.95,-195.0,L-Rev|H1|low@1831.20
1677159001063265239,1677159735104201892,-1,1,1831.2,1826.1,1833.75,1826.1,tp,4.95,495.0,L-Rev|M15|low@1831.20
1677159001042374468,1677159750568902555,-1,1,1831.5,1825.35,1834.575,1825.35,tp,6.0,600.0,L-Rev|M15|low@1831.50
1677224717556239617,1677227550205416074,-1,1,1829.4,1830.9,1830.9,1826.4,sl,-1.65,-165.0,L-Rev|M15|low@1829.40
1677238299238862654,1677248362873901654,-1,1,1826.9,1818.35,1831.1750000000002,1818.35,tp,8.4,840.0,L-Rev|M15|low@1826.90
1677457765494837903,1677466110535192741,1,1,1820.4,1818.5,1818.5000000000002,1823.9,sl,-2.05,-205.0,L-Rev|M15|high@1820.20
1677468781715655685,1677484286007450532,-1,1,1816.5,1818.8,1818.525,1812.4499999999998,sl,-2.45,-245.0,L-Rev|M15|low@1816.50
1677505082274069036,1677509880024317784,1,1,1821.0,1825.0500000000002,1818.975,1825.0500000000002,tp,3.9,390.0,L-Rev|M15|high@1820.90
1677504971949281908,1677510112330564156,1,1,1820.9,1825.9000000000003,1818.25,1825.9000000000003,tp,4.85,485.0,L-Rev|M15|high@1820.70
1677524022239822536,1677528323313318257,1,1,1827.1,1823.8,1823.8500000000001,1833.3000000000002,sl,-3.45,-345.0,L-Rev|M15|high@1826.90
1677545503007830399,1677546781591329774,-1,1,1823.1,1824.1,1824.0749999999998,1821.15,sl,-1.15,-115.0,L-Rev|M15|low@1823.10
1677562584853853783,1677566181447303726,-1,1,1819.3,1821.8,1821.7749999999996,1814.3500000000004,sl,-2.65,-265.0,L-Rev|M15|low@1819.30
1677556502177812751,1677568952295523433,-1,1,1822.1,1817.2999999999997,1824.5,1817.2999999999997,tp,4.65,465.0,L-Rev|M15|low@1822.10
1677571582874341852,1677574400390070591,-1,1,1815.3,1817.6,1817.5500000000002,1810.7999999999997,sl,-2.45,-245.0,L-Rev|M15|low@1815.30
1677590405255290411,1677591965757011210,-1,1,1814.5,1816.8,1816.7500000000002,1809.9999999999995,sl,-2.45,-245.0,L-Rev|M15|low@1814.50
1677595561643801612,1677596400030494100,1,1,1823.6,1832.6499999999999,1818.9250000000002,1832.6499999999999,tp,8.9,890.0,L-Rev|M15|high@1823.40
1677661287125028604,1677662019026591530,1,1,1843.7,1840.7,1840.7000000000003,1849.6999999999998,sl,-3.15,-315.0,L-Rev|M15|high@1843.60
1677741415034155379,1677747305547018601,-1,1,1837.1,1840.3,1840.2499999999998,1830.8000000000002,sl,-3.35,-335.0,L-Rev|M15|low@1837.10
1677741411204024203,1677747314732409804,-1,1,1837.2,1840.5,1840.5,1830.6,sl,-3.45,-345.0,L-Rev|M15|low@1837.20
1677756836820257976,1677760300104299256,1,1,1841.7,1838.9,1838.9750000000001,1846.8500000000001,sl,-2.95,-295.0,L-Rev|M15|high@1841.40
1677765188717081252,1677765721372965489,-1,1,1835.9,1839.5,1839.425,1828.8500000000004,sl,-3.75,-375.0,L-Rev|M15|low@1835.90
1677768181469497657,1677768329412826234,1,1,1843.9,1839.9,1839.9750000000004,1851.45,sl,-4.15,-415.0,L-Rev|M15|high@1843.70
1677801618361453034,1677834963959589160,1,1,1845.4,1853.0500000000002,1841.575,1853.0500000000002,tp,7.5,750.0,L-Rev|M15|high@1845.30
1678128311304050676,1678143600065858988,-1,1,1853.0,1847.7500000000005,1855.6249999999998,1847.7500000000005,tp,5.1,510.0,L-Rev|M15|low@1853.00
1678173952845617631,1678175316020544035,1,1,1856.1,1854.2,1854.2000000000003,1859.6000000000004,sl,-2.05,-205.0,L-Rev|M15|high@1855.90
1678180709887769778,1678192269494808719,-1,1,1850.5,1844.9499999999996,1853.275,1844.9499999999996,tp,5.4,540.0,L-Rev|M15|low@1850.50
1678233860130495343,1678247637913889232,-1,1,1817.1,1813.5,1818.8999999999999,1813.5,tp,3.45,345.0,L-Rev|M15|low@1817.10
1678273587002818946,1678281300967676554,1,1,1819.7,1817.4,1817.45,1824.2,sl,-2.45,-245.0,L-Rev|M15|high@1819.50
1678282250882966022,1678282863406073245,-1,1,1816.5,1818.7,1818.6000000000001,1812.2999999999997,sl,-2.35,-235.0,L-Rev|M15|low@1816.50
1678285889519873787,1678287062489322313,1,1,1821.9,1825.6,1818.85,1825.6,tp,3.55,355.0,L-Rev|M15|high@1821.00
1678325598145384895,1678338450840620485,-1,1,1817.2,1818.5,1818.4750000000001,1814.65,sl,-1.45,-145.0,L-Rev|M15|low@1817.20
1678326364880973619,1678360189311193114,-1,1,1816.2,1823.2,1823.1000000000001,1802.4,sl,-7.15,-715.0,L-Rev|M15|low@1816.20
1678351023108567303,1678360207880627288,1,1,1820.6,1823.2000000000005,1819.15,1823.2000000000005,tp,2.45,245.0,L-Rev|M15|high@1820.40
1678360207877455266,1678365089912911666,1,1,1823.3,1821.4,1821.425,1827.05,sl,-2.05,-205.0,L-Rev|M15|high@1823.20
1678368667059592730,1678370384483328230,1,1,1824.2,1828.15,1822.0749999999998,1828.15,tp,3.8,380.0,L-Rev|M15|high@1824.00
1678370393388849315,1678372498230272324,1,1,1828.8,1831.85,1827.2749999999999,1831.85,tp,2.9,290.0,L-Rev|H1|high@1828.70
1678370393388849315,1678373225495642440,1,1,1828.8,1834.8,1825.8,1834.8,tp,5.85,585.0,L-Rev|M15|high@1828.70
1678415408740769537,1678427163618374089,-1,1,1833.1,1834.9,1834.8249999999998,1829.65,sl,-1.95,-195.0,L-Rev|M15|low@1833.10
1678435240605382894,1678436395197740946,1,1,1839.6,1837.3,1837.3,1843.9,sl,-2.45,-245.0,L-Rev|H1|high@1839.40
1678435240605382894,1678436412268309342,1,1,1839.6,1836.8,1836.8000000000002,1843.1,sl,-2.95,-295.0,L-Rev|M15|high@1838.80
1678435240605382894,1678436475536155271,1,1,1839.6,1836.5,1836.575,1844.45,sl,-3.25,-325.0,L-Rev|M15|high@1839.00
1678435240605382894,1678442402936813129,1,1,1839.6,1835.2,1835.225,1848.0500000000002,sl,-4.55,-455.0,L-Rev|M15|high@1839.40
1678480780225771115,1678658403127682753,1,1,1872.1,1886.5500000000002,1864.7250000000001,1886.5500000000002,tp,14.3,1430.0,L-Rev|M15|high@1871.90
1678691050851367987,1678695043600092170,-1,1,1876.3,1882.2,1882.15,1864.5999999999997,sl,-6.05,-605.0,L-Rev|M15|low@1876.30
1678710257618224861,1678714862700597078,1,1,1898.3,1911.9499999999998,1891.475,1911.9499999999998,tp,13.5,1350.0,L-Rev|M15|high@1898.20
1678735922107946184,1678757774561676810,1,1,1918.4,1913.5,1913.525,1928.1499999999996,sl,-5.05,-505.0,L-Rev|M15|high@1918.30
1678757870328049661,1678768064987673615,-1,1,1912.8,1907.25,1915.575,1907.25,tp,5.4,540.0,L-Rev|M15|low@1912.80
1678783576829983647,1678795468285308929,-1,1,1906.0,1912.0,1910.1250000000002,1897.7499999999995,sl,-6.15,-615.0,L-Rev|M15|low@1906.00
1678857637298704370,1678863258347014144,-1,1,1904.0,1906.3,1906.25,1899.5,sl,-2.45,-245.0,L-Rev|M15|low@1904.00
1678875119913064133,1678875256177112012,1,1,1910.7,1908.8,1908.8000000000002,1914.2000000000003,sl,-2.05,-205.0,L-Rev|M15|high@1910.50
1678874756608096286,1678879612665189403,1,1,1907.2,1914.9500000000005,1903.025,1914.9500000000005,tp,7.6,760.0,L-Rev|M15|high@1906.90
1678879592131054595,1678879953756352905,1,1,1914.9,1922.2499999999995,1911.225,1922.2499999999995,tp,7.2,720.0,L-Rev|M15|high@1914.80
1678879856497496325,1678881850600900888,1,1,1918.4,1926.8999999999996,1913.85,1926.8999999999996,tp,8.35,835.0,L-Rev|M15|high@1918.10
1678879735624701354,1678897083259845313,1,1,1917.2,1936.7000000000003,1907.4499999999996,1936.7000000000003,tp,19.35,1935.0,L-Rev|M15|high@1917.10
1678896915720827938,1678904873941359876,1,1,1935.7,1924.4,1924.4499999999998,1958.2000000000003,sl,-11.45,-1145.0,L-Rev|M15|high@1935.60
1679052014862965046,1679056255648523546,1,1,1939.3,1948.0499999999997,1933.875,1948.0499999999997,tp,8.6,860.0,L-Rev|M15|high@1938.50
1679072964170564220,1679076938195597932,1,1,1969.7,1984.9999999999998,1962.0500000000002,1984.9999999999998,tp,15.15,1515.0,L-Rev|M15|high@1969.60
1679288610635176674,1679291532671069026,1,1,1980.8,1986.9499999999998,1977.725,1986.9499999999998,tp,6.0,600.0,L-Rev|M15|high@1980.60
1679292096100291543,1679292812186654596,1,1,1994.7,1989.4,1989.45,2005.1999999999994,sl,-5.45,-545.0,L-Rev|M15|high@1994.60
1679316707272143893,1679318854127206134,-1,1,1978.5,1985.7,1985.625,1964.25,sl,-7.35,-735.0,L-Rev|M15|low@1978.50
1679321512598379487,1679321924236509012,-1,1,1972.9,1976.7,1976.65,1965.4,sl,-3.95,-395.0,L-Rev|M15|low@1972.90
1679386017164587667,1679391744896231289,-1,1,1970.0,1973.7,1973.625,1962.75,sl,-3.85,-385.0,L-Rev|H1|low@1970.00
1679401125481484831,1679402267855342318,-1,1,1966.6,1970.5,1970.4999999999998,1958.8000000000002,sl,-4.05,-405.0,L-Rev|M15|low@1966.60
1679386017164587667,1679406382557731610,-1,1,1970.0,1958.3000000000002,1975.85,1958.3000000000002,tp,11.55,1155.0,L-Rev|M15|low@1970.00
1679470018087118969,1679470441247950640,-1,1,1937.9,1940.3,1940.25,1935.2999999999997,sl,-2.55,-255.0,L-Rev|H1|low@1938.60
1679470018087118969,1679470702429106533,-1,1,1937.9,1941.6,1941.45,1932.8999999999996,sl,-3.85,-385.0,L-Rev|M15|low@1938.60
1679469293844750084,1679471139086931849,-1,1,1940.6,1942.9,1942.85,1936.1,sl,-2.45,-245.0,L-Rev|M15|low@1940.60
1679494461550204345,1679508030603615427,1,1,1948.8,1956.7500000000002,1944.8249999999998,1956.7500000000002,tp,7.8,780.0,L-Rev|M15|high@1948.70
1679496430467667845,1679508032854677282,1,1,1949.6,1958.15,1945.3249999999998,1958.15,tp,8.4,840.0,L-Rev|M15|high@1949.50
1679508020986888131,1679508169756456976,1,1,1955.6,1962.2500000000002,1952.1250000000002,1962.2500000000002,tp,6.5,650.0,L-Rev|M15|high@1955.40
1679549587176743342,1679557725720493922,1,1,1982.5,1978.7,1978.75,1990.0,sl,-3.95,-395.0,L-Rev|H1|high@1982.30
1679549593060816674,1679575210725183642,1,1,1982.8,1972.1,1972.125,2003.85,sl,-10.85,-1085.0,L-Rev|M15|high@1982.30
1679574995797607236,1679577882306734045,-1,1,1976.5,1981.0,1981.0,1967.5,sl,-4.65,-465.0,L-Rev|M15|low@1976.50
1679579778802812478,1679583696402371210,1,1,1986.2,1980.4,1980.425,1997.7499999999995,sl,-5.95,-595.0,L-Rev|M15|high@1986.10
1679579460352248308,1679588181498677408,1,1,1983.5,1991.6,1979.45,1991.6,tp,7.95,795.0,L-Rev|M15|high@1983.40
1679635325057532162,1679636274145437481,-1,1,1992.2,1995.0,1994.9750000000001,1986.65,sl,-2.95,-295.0,L-Rev|M15|low@1992.20
1679627048402347813,1679647151224920186,-1,1,1992.5,1985.4499999999998,1996.025,1985.4499999999998,tp,6.9,690.0,L-Rev|M15|low@1992.50
1679638781463717259,1679651697066883804,-1,1,1990.9,1997.2,1996.075,1980.5500000000002,sl,-6.45,-645.0,L-Rev|M15|low@1990.90
1679652031425685781,1679655851219420424,1,1,1997.9,1994.6,1994.65,2004.1000000000004,sl,-3.45,-345.0,L-Rev|M15|high@1997.70
1679661198436184799,1679661289848693114,1,1,2006.5,2003.7,2003.7749999999999,2011.0499999999997,sl,-2.95,-295.0,L-Rev|H1|high@2006.10
1679661198436184799,1679661490969985549,1,1,2006.5,1999.2,1999.2999999999997,2020.0,sl,-7.45,-745.0,L-Rev|M15|high@2006.10
1679661096834259921,1679664976296891555,1,1,2003.5,1998.0,1998.0249999999999,2014.4500000000003,sl,-5.65,-565.0,L-Rev|M15|high@2003.20
1679678875186469545,1679868429887876899,-1,1,1983.7,1973.5500000000002,1988.775,1973.5500000000002,tp,10.0,1000.0,L-Rev|H1|low@1983.70
1679678875186469545,1679897404653422872,-1,1,1983.7,1970.3500000000004,1990.375,1970.3500000000004,tp,13.2,1320.0,L-Rev|M15|low@1983.70
1679893541203574409,1679898035003779055,-1,1,1974.0,1969.1999999999998,1976.4,1969.1999999999998,tp,4.65,465.0,L-Rev|M15|low@1974.00
1679921274147285707,1679926830759415179,-1,1,1949.3,1954.1,1954.1,1939.6999999999998,sl,-4.95,-495.0,L-Rev|M15|low@1949.30
1679962350155995703,1679983914262012084,1,1,1960.7,1956.8,1956.8000000000002,1968.4999999999998,sl,-4.05,-405.0,L-Rev|M15|high@1960.60
1679930062259345927,1679993740675575397,1,1,1960.1,1951.7,1951.7500000000002,1976.5000000000002,sl,-8.55,-855.0,L-Rev|M15|high@1959.90
1679992647830469110,1679997622352629849,-1,1,1951.8,1954.8,1954.7250000000001,1945.9499999999994,sl,-3.15,-315.0,L-Rev|M15|low@1951.80
1680134952213682490,1680154503045371115,-1,1,1961.4,1968.8,1965.65,1953.4999999999998,sl,-7.55,-755.0,L-Rev|M15|low@1961.60
1680283181972650558,1680285405362216196,-1,1,1990.2,1984.3,1993.3,1984.3,tp,5.75,575.0,L-Rev|H1|low@1990.30
1680283181972650558,1680472800134717254,-1,1,1990.2,1983.85,1993.5249999999999,1983.85,tp,6.2,620.0,L-Rev|M15|low@1990.30
1680472800182386238,1680472809534891752,1,1,1991.5,1987.4,1987.425,1996.65,sl,-4.25,-425.0,L-Rev|H1|high@2005.50
1680489222292990905,1680508595061210907,-1,1,1973.6,1978.4,1978.3999999999999,1964.0,sl,-4.95,-495.0,L-Rev|M15|low@1973.60
1680509742524461460,1680519755939608878,1,1,1981.9,1990.2999999999997,1977.6999999999998,1990.2999999999997,tp,8.25,825.0,L-Rev|M15|high@1981.80
1680520781104445768,1680530568847345792,1,1,1992.1,2002.45,1986.9249999999997,2002.45,tp,10.2,1020.0,L-Rev|M15|high@1992.00
1680582890218473613,1680583320561105603,-1,1,1995.0,1996.8,1996.7250000000001,1991.5499999999997,sl,-1.95,-195.0,L-Rev|M15|low@1995.00
1680610839182995813,1680610924243358847,1,1,2002.7,2000.2,2000.275,2007.25,sl,-2.65,-265.0,L-Rev|M15|high@2002.50
1680610605344674703,1680611242578158887,1,1,2001.7,1998.9,1998.925,2007.2499999999995,sl,-2.95,-295.0,L-Rev|M15|high@2001.50
1680613355607345861,1680615175135418027,1,1,2003.2,2006.8,2001.3999999999996,2006.8,tp,3.45,345.0,L-Rev|M15|high@2003.10
1680615723047783829,1680616801126608361,1,1,2008.4,2011.5499999999997,2006.375,2011.5499999999997,tp,3.0,300.0,L-Rev|H1|high@2008.00
1680662520321043743,1680665216058441975,1,1,2040.4,2038.6,2038.7250000000001,2043.4500000000003,sl,-1.95,-195.0,L-Rev|M15|high@2040.20
1680675176894990569,1680676399633562966,1,1,2042.0,2040.1,2040.1999999999998,2045.6000000000001,sl,-2.05,-205.0,L-Rev|M15|high@2041.90
1680662520321043743,1680679994427113672,1,1,2040.4,2044.75,2038.2250000000001,2044.75,tp,4.2,420.0,L-Rev|M15|high@2040.30
1680696946403140846,1680701323735899328,1,1,2046.5,2040.6,2040.6500000000003,2053.7000000000003,sl,-6.05,-605.0,L-Rev|M15|high@2044.90
1680702488830481134,1680702561563701540,-1,1,2038.0,2040.2,2040.1750000000002,2033.6499999999999,sl,-2.35,-235.0,L-Rev|M15|low@2038.00
1680703869946861875,1680703995310297951,-1,1,2035.7,2038.3,2038.225,2031.2500000000002,sl,-2.75,-275.0,L-Rev|M15|low@2035.90
1680703869946861875,1680703997814458733,-1,1,2035.7,2038.4,2038.375,2031.8500000000004,sl,-2.85,-285.0,L-Rev|M15|low@2036.20
1680741033068480008,1680742806438108634,-1,1,2034.9,2032.5,2036.1000000000001,2032.5,tp,2.25,225.0,L-Rev|M15|low@2034.90
1681094926120932844,1681095519368568159,-1,1,2005.1,2006.8,2006.7499999999998,2001.8000000000002,sl,-1.85,-185.0,L-Rev|M15|low@2005.10
1681171261219692299,1681175359579388155,1,1,2008.1,2006.7,2006.7499999999998,2010.8000000000002,sl,-1.55,-155.0,L-Rev|M15|high@2008.00
1681218394158604096,1681221274704292887,-1,1,2012.9,2017.1,2017.025,2004.65,sl,-4.35,-435.0,L-Rev|M15|low@2012.90
1681241404573156449,1681242393937515803,1,1,2022.0,2019.3,2019.3,2027.4,sl,-2.85,-285.0,L-Rev|M15|high@2021.90
1681262431713161539,1681262785189073772,1,1,2022.4,2024.7,2021.1000000000004,2024.7,tp,2.15,215.0,L-Rev|M15|high@2022.20
1681302620974047949,1681302651137087184,1,1,2036.9,2033.2,2033.3750000000002,2043.0500000000002,sl,-3.85,-385.0,L-Rev|M15|high@2036.40
1681307133181174084,1681307155480291769,-1,1,2016.8,2016.35,2019.2749999999999,2016.35,tp,0.3,30.0,L-Rev|M15|low@2018.30
1681307154714278982,1681307168077583360,-1,1,2016.4,2018.3,2018.2749999999999,2012.6500000000005,sl,-2.05,-205.0,L-Rev|M15|low@2016.40
1681344168776429331,1681345092886386882,1,1,2033.9,2030.8,2030.8000000000002,2039.8000000000002,sl,-3.25,-325.0,L-Rev|H1|high@2043.90
1681343466110259902,1681347970425974209,1,1,2032.9,2030.4,2030.425,2037.8500000000004,sl,-2.65,-265.0,L-Rev|M15|high@2032.80
1681367131780640709,1681373787337595593,1,1,2034.2,2040.6999999999998,2030.8000000000002,2040.6999999999998,tp,6.35,635.0,L-Rev|M15|high@2034.00
1681387375660773947,1681389002263541524,1,1,2043.4,2049.4,2040.4,2049.4,tp,5.85,585.0,L-Rev|M15|high@2043.30
1681435557591490190,1681450501298656863,1,1,2058.9,2055.9,2055.975,2064.75,sl,-3.15,-315.0,L-Rev|M15|high@2058.80
1681458494970474669,1681458753113264445,-1,1,2051.1,2052.8,2052.75,2047.8000000000002,sl,-1.85,-185.0,L-Rev|M15|low@2051.10
1681481191336112764,1681483337958109327,-1,1,2029.1,2020.2499999999998,2033.525,2020.2499999999998,tp,8.7,870.0,L-Rev|M15|low@2029.10
1681693798598771542,1681694326780013501,-1,1,2010.0,2012.4,2012.3249999999998,2005.3500000000001,sl,-2.55,-255.0,L-Rev|M15|low@2010.00
1681709451809767377,1681710509467675062,1,1,2019.2,2022.2,2017.7,2022.2,tp,2.85,285.0,L-Rev|M15|high@2019.10
1681710496154087437,1681711725911899188,1,1,2021.7,2025.9499999999998,2019.4250000000002,2025.9499999999998,tp,4.1,410.0,L-Rev|M15|high@2021.40
1681739223175962119,1681739320434964053,-1,1,2005.3,2007.9,2007.825,2002.35,sl,-2.75,-275.0,L-Rev|H1|low@2006.00
1681781907215709127,1681787431945256339,1,1,2009.8,2013.7000000000003,2007.85,2013.7000000000003,tp,3.75,375.0,L-Rev|M15|high@2009.70
1681796397033098375,1681797062089016283,1,1,2014.0,2012.1,2012.1999999999998,2017.6000000000001,sl,-2.05,-205.0,L-Rev|M15|high@2013.80
1681821052145223737,1681822181891640602,1,1,2018.1,2014.3,2014.35,2025.6,sl,-3.95,-395.0,L-Rev|M15|high@2018.00
1681823368632639382,1681824572697356136,-1,1,2011.6,2006.7999999999997,2014.0,2006.7999999999997,tp,4.65,465.0,L-Rev|M15|low@2011.60
1681824200791971159,1681826029793963208,-1,1,2008.9,2012.7,2012.6499999999999,2001.4000000000005,sl,-3.95,-395.0,L-Rev|M15|low@2008.90
1681826972652361414,1681839968344828122,1,1,2024.0,2017.1,2017.175,2037.65,sl,-7.05,-705.0,L-Rev|M15|high@2023.90
1681882854116835892,1681884566019895704,-1,1,2014.2,2009.4,2016.6000000000001,2009.4,tp,4.65,465.0,L-Rev|M15|low@2014.20
1681885063849678746,1681885330801565714,-1,1,2003.3,2005.3,2005.275,1999.35,sl,-2.15,-215.0,L-Rev|H1|low@2003.30
1681885063849678746,1681893547394483480,-1,1,2003.3,1993.25,2008.325,1993.25,tp,9.9,990.0,L-Rev|M15|low@2003.30
1681893547394483480,1681893780339459598,-1,1,1992.2,1989.5,1995.3500000000001,1989.5,tp,2.55,255.0,L-Rev|H1|low@1993.40
1681893547394483480,1681897148361007437,-1,1,1992.2,1985.6000000000001,1997.3000000000002,1985.6000000000001,tp,6.45,645.0,L-Rev|H4|low@1993.40
1681931890195125798,1681934178495240318,1,1,2009.2,2006.5,2006.5,2014.6,sl,-2.85,-285.0,L-Rev|M15|high@2009.10
1681954406435837231,1681954910997281892,1,1,2009.2,2007.3,2007.325,2012.9499999999994,sl,-2.05,-205.0,L-Rev|M15|high@2009.10
1681993920124089500,1681994602560465539,1,1,2020.4,2016.9,2016.9499999999998,2027.2999999999997,sl,-3.65,-365.0,L-Rev|M15|high@2020.30
1681993822217569982,1682002514259108891,1,1,2017.4,2013.7,2013.725,2024.7500000000002,sl,-3.85,-385.0,L-Rev|M15|high@2017.20
1682033758493615671,1682034706637409605,-1,1,2013.5,2016.0,2015.9249999999997,2008.95,sl,-2.65,-265.0,L-Rev|M15|low@2013.60
1682053908308935033,1682055798140213398,-1,1,2011.2,2006.3999999999996,2013.6000000000004,2006.3999999999996,tp,4.65,465.0,L-Rev|M15|low@2011.20
1682084976068193398,1682085679935425271,-1,1,1991.7,1982.3999999999996,1997.7,1982.3999999999996,tp,9.15,915.0,L-Rev|M15|low@1992.60
1682312867911469758,1682316035214732873,-1,1,1988.2,1990.3,1990.2250000000004,1984.1499999999996,sl,-2.25,-225.0,L-Rev|M15|low@1988.20
1682326793249282703,1682330328956619442,1,1,1995.9,1993.8,1993.875,1999.9500000000003,sl,-2.25,-225.0,L-Rev|M15|high@1995.80
1682343382329363521,1682345566833407796,-1,1,1986.9,1990.4,1990.35,1980.0000000000002,sl,-3.65,-365.0,L-Rev|M15|low@1986.90
1682347395448216428,1682348125593953927,1,1,1997.9,1994.6,1994.6499999999999,2004.1,sl,-3.45,-345.0,L-Rev|M15|high@1997.70
1682383662664797902,1682384171527150077,1,1,2011.4,2006.9,2006.975,2020.25,sl,-4.65,-465.0,L-Rev|H4|high@2024.20
1682445010503599534,1682480012743806174,1,1,2007.9,2003.9,2003.9250000000002,2015.8499999999995,sl,-4.15,-415.0,L-Rev|M15|high@2007.80
1682509408070861575,1682509656991491648,-1,1,2003.5,2005.4,2005.3000000000002,1999.8999999999999,sl,-2.05,-205.0,L-Rev|M15|low@2003.50
1682509397491165007,1682510131011385030,-1,1,2004.3,2007.8,2007.75,1997.3999999999996,sl,-3.65,-365.0,L-Rev|M15|low@2004.30
1682515364596561723,1682515622057801307,1,1,2014.8,2018.6,2012.6,2018.6,tp,3.65,365.0,L-Rev|H1|high@2014.50
1682443511019634036,1682515691145386172,1,1,2005.4,2019.25,1998.3250000000003,2019.25,tp,13.7,1370.0,L-Rev|M15|high@2005.20
1682515320450922542,1682515691957231542,1,1,2012.8,2019.4499999999998,2008.8750000000002,2019.4499999999998,tp,6.5,650.0,L-Rev|M15|high@2012.30
1682515364596561723,1682517864358347012,1,1,2014.8,2010.3,2010.325,2023.1499999999996,sl,-4.65,-465.0,L-Rev|M15|high@2014.50
1682559291420473854,1682562305714788629,1,1,2001.7,2006.1999999999998,1999.4499999999998,2006.1999999999998,tp,4.35,435.0,L-Rev|M15|high@2001.60
1682524798722443648,1682564652111092327,-1,1,2001.3,2009.3,2008.2,1987.5,sl,-8.15,-815.0,L-Rev|M15|low@2001.30
1682587753797837038,1682591076435819820,-1,1,2006.3,2010.0,2009.975,1998.9499999999998,sl,-3.85,-385.0,L-Rev|M15|low@2006.30
1682598601140170952,1682598608346877873,-1,1,2004.9,2010.1,2008.4250000000002,1997.85,sl,-5.35,-535.0,L-Rev|M15|low@2004.90
1682598609847024094,1682598613420853172,1,1,2013.3,2009.1,2009.1999999999998,2019.1000000000001,sl,-4.35,-435.0,L-Rev|M15|high@2012.40
1682599424977887709,1682599606956131321,-1,1,1993.1,1995.5,1995.475,1990.15,sl,-2.55,-255.0,L-Rev|H1|low@1993.70
1682598928738006114,1682601456639170009,-1,1,1998.2,1990.4,2002.1000000000001,1990.4,tp,7.65,765.0,L-Rev|M15|low@1998.20
1682599424977887709,1682602707921087697,-1,1,1993.1,1984.5500000000002,1998.275,1984.5500000000002,tp,8.4,840.0,L-Rev|M15|low@1993.70
1682685001140408821,1682685115149147833,-1,1,1986.1,1991.2,1991.15,1982.5999999999997,sl,-5.25,-525.0,L-Rev|M15|low@1988.30
1682692699803103139,1682692969429177417,1,1,2000.5,1997.7,1997.725,2006.0500000000002,sl,-2.95,-295.0,L-Rev|M15|high@2000.40
1682692698645071364,1682692969433551921,1,1,2000.3,1997.3,1997.4249999999997,2005.75,sl,-3.15,-315.0,L-Rev|M15|high@2000.10
1682896953649408545,1682905083454475715,-1,1,1996.3,1991.9499999999998,1998.475,1991.9499999999998,tp,4.2,420.0,L-Rev|M15|low@1996.30
1682935385299432247,1682943248484286267,1,1,1994.9,2000.3,1992.2000000000003,2000.3,tp,5.25,525.0,L-Rev|M15|high@1994.80
1682943666050361351,1682943788571785369,1,1,2000.8,2005.0,1998.7,2005.0,tp,4.05,405.0,L-Rev|M15|high@2000.70
1682943776700017647,1682943994625378550,1,1,2004.4,2007.35,2002.6249999999998,2007.35,tp,2.8,280.0,L-Rev|H1|high@2004.10
1682969770718356214,1682978400069282522,-1,1,1988.5,1981.6,1991.95,1981.6,tp,6.75,675.0,L-Rev|M15|low@1988.50
1683008741541834729,1683009216000407693,1,1,1994.2,1992.3,1992.3249999999998,1997.9499999999998,sl,-2.05,-205.0,L-Rev|M15|high@1994.10
1683012248705775693,1683012642877168798,-1,1,1989.7,1991.4,1991.3500000000001,1986.4,sl,-1.85,-185.0,L-Rev|M15|low@1989.70
1683036001597839600,1683036142179544318,1,1,1999.0,2004.85,1996.075,2004.85,tp,5.7,570.0,L-Rev|M15|high@1998.90
1683037935693482759,1683038456321666514,1,1,2016.3,2019.65,2013.4250000000002,2019.65,tp,3.2,320.0,L-Rev|H1|high@2015.40
1683094380493739234,1683095368916391493,-1,1,2023.3,2025.5,2025.475,2018.9499999999998,sl,-2.35,-235.0,L-Rev|M15|low@2023.30
1683120933338207227,1683120962417858618,1,1,2029.2,2027.6,2027.6500000000003,2031.7000000000003,sl,-1.75,-175.0,L-Rev|H1|high@2028.90
1683120933338207227,1683120972610725919,1,1,2029.2,2026.9,2026.9,2033.1999999999996,sl,-2.45,-245.0,L-Rev|M15|high@2028.90
1683120217371096262,1683121806548902869,1,1,2026.7,2024.6,2024.7250000000001,2030.3500000000001,sl,-2.25,-225.0,L-Rev|M15|high@2026.50
1683120600493202166,1683122091221305342,1,1,2027.9,2024.4,2024.4500000000003,2034.8,sl,-3.65,-365.0,L-Rev|M15|high@2027.80
1683037935693482759,1683125566275684196,1,1,2016.3,2030.35,2008.0750000000003,2030.35,tp,13.9,1390.0,L-Rev|M15|high@2015.40
1683146915448399609,1683151222545689047,1,1,2045.7,2064.3500000000004,2036.2250000000001,2064.3500000000004,tp,18.5,1850.0,L-Rev|M15|high@2045.40
1683181025774502084,1683185456460107837,-1,1,2047.3,2041.6000000000004,2050.1499999999996,2041.6000000000004,tp,5.55,555.0,L-Rev|M15|low@2047.30
1683208039381278418,1683208205399487715,1,1,2053.9,2050.4,2050.45,2060.8000000000006,sl,-3.65,-365.0,L-Rev|M15|high@2053.80
1683208021855054445,1683210391278341738,1,1,2053.1,2063.1499999999996,2048.075,2063.1499999999996,tp,9.9,990.0,L-Rev|M15|high@2053.00
1683250248460061946,1683252641652094685,1,1,2059.7,2057.9,2057.975,2062.25,sl,-1.95,-195.0,L-Rev|M15|high@2059.30
1683265648821822165,1683267032992174341,-1,1,2053.8,2056.0,2055.9750000000004,2049.45,sl,-2.35,-235.0,L-Rev|M15|low@2053.80
1683267679585035222,1683280862226080126,-1,1,2052.6,2045.2499999999998,2056.275,2045.2499999999998,tp,7.2,720.0,L-Rev|M15|low@2052.60
1683533071703669863,1683537140525796942,-1,1,2027.8,2030.5,2030.4250000000002,2022.5499999999997,sl,-2.85,-285.0,L-Rev|M15|low@2027.80
1683540883888530171,1683546468166803604,1,1,2032.5,2029.5,2029.725,2038.0500000000002,sl,-3.15,-315.0,L-Rev|M15|high@2032.30
1683553074664443753,1683553567502596544,-1,1,2027.3,2029.4,2029.325,2023.25,sl,-2.25,-225.0,L-Rev|M15|low@2027.30
1683559752426662982,1683567989389785016,1,1,2035.2,2031.3,2031.375,2041.9499999999996,sl,-4.05,-405.0,L-Rev|M15|high@2034.80
1683595203008456236,1683607010698838912,1,1,2029.7,2033.4500000000003,2027.8249999999998,2033.4500000000003,tp,3.6,360.0,L-Rev|M15|high@2029.50
1683651812975933774,1683669600057188919,1,1,2040.4,2046.6999999999998,2037.2499999999998,2046.6999999999998,tp,6.15,615.0,L-Rev|M15|high@2040.30
1683707581432977699,1683713220991620618,-1,1,2034.3,2037.7,2037.675,2027.55,sl,-3.55,-355.0,L-Rev|M15|low@2034.30
1683721488623529365,1683721799053775699,-1,1,2032.3,2036.6,2035.675,2028.25,sl,-4.45,-445.0,L-Rev|M15|low@2033.20
1683721828357288276,1683721834335580144,1,1,2045.5,2043.6,2043.625,2048.95,sl,-2.05,-205.0,L-Rev|H1|high@2045.30
1683721828357288276,1683721840873127424,1,1,2045.5,2042.9,2042.9999999999998,2050.2,sl,-2.75,-275.0,L-Rev|M15|high@2045.30
1683721801004685961,1683721860854439539,1,1,2040.2,2046.7000000000003,2036.8000000000002,2046.7000000000003,tp,6.35,635.0,L-Rev|M15|high@2040.00
1683731401363246982,1683737664111385612,-1,1,2031.3,2034.8,2034.775,2024.65,sl,-3.65,-365.0,L-Rev|M15|low@2031.40
1683731419366924419,1683737703442725826,-1,1,2030.3,2035.0,2034.95,2021.0,sl,-4.85,-485.0,L-Rev|M15|low@2030.30
1683731381052854084,1683744405979109592,-1,1,2031.6,2040.4,2040.325,2015.35,sl,-8.95,-895.0,L-Rev|M15|low@2032.00
1683787036051613370,1683788839313696027,-1,1,2035.9,2032.9,2037.4,2032.9,tp,2.85,285.0,L-Rev|M15|low@2035.90
1683789153848101461,1683789233245107478,-1,1,2028.1,2030.1,2030.1,2024.7,sl,-2.15,-215.0,L-Rev|H1|low@2028.30
1683789153848101461,1683790089614411432,-1,1,2028.1,2032.2,2032.125,2020.6499999999996,sl,-4.25,-425.0,L-Rev|M15|low@2028.30
1683804161229043696,1683807393687249937,1,1,2042.6,2040.9,2040.925,2045.9499999999998,sl,-1.85,-185.0,L-Rev|H1|high@2042.50
1683804164109552905,1683807446742726659,1,1,2042.7,2039.6,2039.675,2048.4500000000007,sl,-3.25,-325.0,L-Rev|M15|high@2042.50
1683812810290811300,1683813143616814389,-1,1,2026.5,2019.55,2030.5750000000003,2019.55,tp,6.8,680.0,L-Rev|M15|low@2026.90
1683867614161699316,1683867635667419400,-1,1,2013.8,2016.3,2016.2000000000003,2008.9999999999995,sl,-2.65,-265.0,L-Rev|M15|low@2013.80
1683876167909712021,1683877663829617868,1,1,2017.3,2014.0,2014.075,2023.75,sl,-3.45,-345.0,L-Rev|M15|high@2017.20
1683881788871700887,1683894821950003422,-1,1,2010.6,2014.6,2014.5749999999998,2002.65,sl,-4.15,-415.0,L-Rev|M15|low@2010.60
1683895364751864821,1683896773561528482,1,1,2017.9,2025.3999999999999,2014.1499999999999,2025.3999999999999,tp,7.35,735.0,L-Rev|M15|high@2017.80
1683896747986906033,1683899289659840254,1,1,2022.9,2027.55,2020.5750000000003,2027.55,tp,4.5,450.0,L-Rev|M15|high@2022.70
1684191623630283440,1684193159421631550,-1,1,2019.5,2020.7,2020.6999999999998,2017.1000000000001,sl,-1.35,-135.0,L-Rev|M15|low@2019.50
1684199553574747790,1684202412371988159,1,1,2021.7,2020.7,2020.725,2023.6499999999996,sl,-1.15,-115.0,L-Rev|M15|high@2021.60
1684216983725655192,1684218110528966344,-1,1,2016.1,2011.6,2018.35,2011.6,tp,4.35,435.0,L-Rev|H1|low@2016.10
1684216983725655192,1684219177282568377,-1,1,2016.1,2007.5499999999997,2020.375,2007.5499999999997,tp,8.4,840.0,L-Rev|M15|low@2016.10
1684217705118956518,1684219177282568377,-1,1,2013.4,2007.4,2016.4,2007.4,tp,5.85,585.0,L-Rev|M15|low@2013.40
1684239460479524137,1684240036762344206,-1,1,2007.0,2010.6,2010.4499999999998,2000.1000000000001,sl,-3.75,-375.0,L-Rev|M15|low@2007.00
1684240264096671540,1684240698655539620,-1,1,2005.1,2010.0,2010.0,1997.1,sl,-5.05,-505.0,L-Rev|H4|low@2005.70
1684240922608287638,1684243035002157809,1,1,2016.1,2012.1,2012.1249999999998,2020.4499999999998,sl,-4.15,-415.0,L-Rev|M15|high@2014.60
1684301419208150112,1684301645418333639,-1,1,1992.0,1993.2,1993.125,1989.75,sl,-1.35,-135.0,L-Rev|M15|low@1992.00
1684314081771370919,1684318677603961617,-1,1,1989.1,1990.8,1990.6,1986.1,sl,-1.85,-185.0,L-Rev|H1|low@1989.10
1684314081771370919,1684331800264378648,-1,1,1989.1,1981.7499999999998,1992.775,1981.7499999999998,tp,7.2,720.0,L-Rev|M15|low@1989.10
1684380011502761952,1684381328427745110,-1,1,1984.6,1985.5,1985.5,1982.7999999999997,sl,-1.05,-105.0,L-Rev|M15|low@1984.60
1684379824828601533,1684386605503821429,-1,1,1985.0,1981.1000000000001,1986.9499999999998,1981.1000000000001,tp,3.75,375.0,L-Rev|M15|low@1985.00
1684413014832182631,1684414202349386671,-1,1,1972.6,1968.7499999999998,1977.525,1968.7499999999998,tp,3.7,370.0,L-Rev|M15|low@1974.60
1684499563312804711,1684509215662913107,-1,1,1962.7,1967.2,1967.2,1953.7,sl,-4.65,-465.0,L-Rev|M15|low@1962.70
1684509308874131132,1684509424105898804,1,1,1972.0,1975.5500000000002,1969.325,1975.5500000000002,tp,3.4,340.0,L-Rev|H1|high@1971.30
1684509308874131132,1684510163192954528,1,1,1972.0,1979.8,1967.2000000000003,1979.8,tp,7.65,765.0,L-Rev|M15|high@1971.30
1684731195507535415,1684745181071976657,-1,1,1978.2,1981.1,1981.0500000000002,1972.4999999999998,sl,-3.05,-305.0,L-Rev|M15|low@1978.20
1684765560066508868,1684766417069660299,-1,1,1970.8,1975.6,1975.6,1961.1999999999998,sl,-4.95,-495.0,L-Rev|M15|low@1970.80
1684775701525355793,1684776557118666709,1,1,1980.9,1977.2,1977.225,1988.2500000000002,sl,-3.85,-385.0,L-Rev|M15|high@1980.80
1684826195039085209,1684830367387237417,-1,1,1958.4,1961.8,1961.75,1953.2000000000003,sl,-3.55,-355.0,L-Rev|H1|low@1958.90
1684847774633178812,1684849648918533234,1,1,1966.4,1972.6999999999998,1963.2499999999998,1972.6999999999998,tp,6.15,615.0,L-Rev|M15|high@1966.30
1684901735747765670,1684901829616091433,1,1,1980.2,1978.9,1978.95,1982.4,sl,-1.45,-145.0,L-Rev|H1|high@1980.00
1684907790897130668,1684908280548657004,1,1,1981.2,1979.1,1979.1749999999997,1985.25,sl,-2.25,-225.0,L-Rev|M15|high@1981.10
1684901735747765670,1684908788418886985,1,1,1980.2,1977.7,1977.7,1984.9,sl,-2.65,-265.0,L-Rev|M15|high@1980.00
1684910407653959637,1684914046500240918,-1,1,1974.7,1976.8,1976.8,1970.5,sl,-2.25,-225.0,L-Rev|M15|low@1974.70
1684926056200783058,1684930898997743161,1,1,1979.9,1986.5999999999997,1976.25,1986.5999999999997,tp,6.55,655.0,L-Rev|M15|high@1979.60
1684928106600245917,1684933892108213141,1,1,1982.7,1978.4,1978.4250000000002,1991.2499999999998,sl,-4.45,-445.0,L-Rev|M15|high@1982.60
1684936842332549204,1684943656754682538,-1,1,1972.6,1964.35,1976.725,1964.35,tp,8.1,810.0,L-Rev|M15|low@1972.60
1684943476022839000,1684945661610290307,-1,1,1966.3,1959.6999999999998,1969.6,1959.6999999999998,tp,6.45,645.0,L-Rev|M15|low@1966.30
1685017803127798962,1685017804649523803,-1,1,1954.0,1958.1,1958.075,1948.85,sl,-4.25,-425.0,L-Rev|M15|low@1955.00
1685061886577209061,1685062740582962438,-1,1,1939.0,1940.6,1940.575,1935.85,sl,-1.75,-175.0,L-Rev|M15|low@1939.00
1685063772108067094,1685066712401694116,1,1,1943.6,1947.4000000000008,1941.55,1947.4000000000008,tp,3.65,365.0,L-Rev|M15|high@1943.40
1685104254808051435,1685110119592757736,-1,1,1946.9,1950.8,1950.8,1939.1000000000004,sl,-4.05,-405.0,L-Rev|M15|low@1946.90
1685341443202552179,1685342645374272626,1,1,1947.6,1945.4,1945.6249999999998,1951.2500000000005,sl,-2.35,-235.0,L-Rev|M15|high@1947.40
1685338779313730824,1685345554068480991,1,1,1945.2,1943.1,1943.1,1949.3999999999996,sl,-2.25,-225.0,L-Rev|M15|high@1945.10
1685401229477592504,1685401239886816330,-1,1,1942.0,1943.7,1942.825,1940.35,sl,-1.85,-185.0,L-Rev|M15|low@1942.00
1685418275306477478,1685423564590311924,-1,1,1940.1,1936.4999999999998,1941.9,1936.4999999999998,tp,3.45,345.0,L-Rev|M15|low@1940.10
1685418622904001207,1685423564590311924,-1,1,1939.9,1936.3000000000002,1941.7,1936.3000000000002,tp,3.45,345.0,L-Rev|M15|low@1939.90
1685423564590311924,1685433369679415062,-1,1,1935.7,1939.2,1938.8,1930.4,sl,-3.65,-365.0,L-Rev|H4|low@1936.00
1685440793714275336,1685440916965514942,1,1,1952.3,1952.85,1950.375,1952.85,tp,0.4,40.0,L-Rev|H1|high@1949.20
1685599322827806900,1685604865247109562,-1,1,1979.2,1972.6,1982.5,1972.6,tp,6.45,645.0,L-Rev|M15|low@1979.20
1685616206116074971,1685621700856580394,1,1,1983.4,1978.6,1980.5500000000002,1988.1999999999998,sl,-4.95,-495.0,L-Rev|M15|high@1983.00
1685617276562658888,1685621700856580394,1,1,1984.8,1978.6,1981.55,1991.0,sl,-6.35,-635.0,L-Rev|M15|high@1984.60
1685722074487885289,1685916000104536410,-1,1,1975.5,1958.1,1984.2,1958.1,tp,17.25,1725.0,L-Rev|M15|low@1975.50
1685941946806662094,1685943997503390942,-1,1,1959.6,1961.8,1961.775,1955.2499999999998,sl,-2.35,-235.0,L-Rev|M15|low@1959.60
1685925145261631313,1685946174546036125,-1,1,1962.3,1958.25,1964.325,1958.25,tp,3.9,390.0,L-Rev|M15|low@1962.30
1685965166330392617,1685966150010333541,-1,1,1954.0,1957.5,1957.4499999999998,1947.1000000000001,sl,-3.65,-365.0,L-Rev|M15|low@1954.00
1685970937476287194,1685973634172228387,1,1,1962.0,1969.35,1958.325,1969.35,tp,7.2,720.0,L-Rev|M15|high@1961.90
1686017580191122909,1686017753728734425,1,1,1980.5,1979.4,1979.4499999999998,1982.6000000000001,sl,-1.25,-125.0,L-Rev|M15|high@1980.40
1686017539205580515,1686018833811186462,1,1,1979.6,1977.9,1977.9250000000002,1982.6500000000005,sl,-1.85,-185.0,L-Rev|M15|high@1979.40
1686059246892528736,1686060534478386637,-1,1,1972.9,1976.3,1976.2749999999999,1966.1500000000005,sl,-3.55,-355.0,L-Rev|M15|low@1972.90
1686114620933320690,1686116601342595474,-1,1,1978.7,1980.6,1980.575,1974.95,sl,-2.05,-205.0,L-Rev|M15|low@1978.70
1686132188464003821,1686136780286594548,1,1,1980.9,1977.7,1977.7499999999998,1987.1999999999998,sl,-3.35,-335.0,L-Rev|M15|high@1980.80
1686145967974411372,1686146075656968669,1,1,1983.0,1985.35,1981.5249999999999,1985.35,tp,2.2,220.0,L-Rev|H1|high@1982.70
1686145967974411372,1686146992020887467,1,1,1983.0,1980.4,1980.4,1987.6000000000004,sl,-2.75,-275.0,L-Rev|M15|high@1982.70
1686145967974411372,1686147071536736369,1,1,1983.0,1979.9,1979.9750000000001,1988.75,sl,-3.25,-325.0,L-Rev|H1|high@1982.90
1686145967974411372,1686147073063532957,1,1,1983.0,1979.6,1979.6,1987.7000000000003,sl,-3.55,-355.0,L-Rev|M15|high@1982.20
1686145967974411372,1686147782923731408,1,1,1983.0,1977.3,1977.3,1994.4,sl,-5.85,-585.0,L-Rev|M15|high@1982.90
1686167783171875985,1686181765731120917,-1,1,1956.3,1959.0,1959.0,1950.9,sl,-2.85,-285.0,L-Rev|M15|low@1956.30
1686204871517885418,1686206562886534248,-1,1,1958.8,1960.5,1960.45,1955.5,sl,-1.85,-185.0,L-Rev|M15|low@1958.80
1686227269758652239,1686227483667408059,1,1,1963.9,1969.7500000000002,1960.975,1969.7500000000002,tp,5.7,570.0,L-Rev|M15|high@1963.70
1686284195072754818,1686289683970813832,-1,1,1978.1,1980.2,1980.125,1974.0499999999997,sl,-2.25,-225.0,L-Rev|M15|low@1978.10
1686297812608457414,1686306137588880122,-1,1,1976.8,1978.9,1978.9,1972.5999999999997,sl,-2.25,-225.0,L-Rev|M15|low@1976.80
1686310035723732261,1686310348870067851,1,1,1981.2,1980.2,1980.225,1983.1499999999994,sl,-1.15,-115.0,L-Rev|M15|high@1981.10
1686310033614502981,1686313261579175036,1,1,1981.0,1978.6,1978.6750000000002,1985.6499999999999,sl,-2.55,-255.0,L-Rev|M15|high@1980.90
1686313874967581113,1686313994081366856,1,1,1986.8,1984.4,1984.425,1988.5500000000002,sl,-2.55,-255.0,L-Rev|H1|high@1985.70
1686313874967581113,1686314068983967134,1,1,1986.8,1983.1,1983.1749999999997,1993.45,sl,-3.85,-385.0,L-Rev|H4|high@1986.50
1686313874967581113,1686314117590798715,1,1,1986.8,1981.8,1981.825,1993.7500000000005,sl,-5.15,-515.0,L-Rev|M15|high@1985.70
1686317834796741500,1686318210694924176,-1,1,1975.4,1971.2000000000003,1977.5,1971.2000000000003,tp,4.05,405.0,L-Rev|M15|low@1975.40
1686577755030691117,1686577780848870601,-1,1,1968.3,1965.15,1970.025,1965.15,tp,3.0,300.0,L-Rev|H1|low@1968.40
1686577755030691117,1686577804995028228,-1,1,1968.3,1964.9499999999998,1970.1250000000002,1964.9499999999998,tp,3.2,320.0,L-Rev|M15|low@1968.40
1686610819302196930,1686621746690424417,1,1,1972.8,1970.0,1970.025,1978.3499999999997,sl,-2.95,-295.0,L-Rev|M15|high@1972.70
1686627260697496425,1686635255720538582,1,1,1974.9,1972.6,1972.65,1979.4,sl,-2.45,-245.0,L-Rev|M15|high@1974.80
1686637275188446038,1686637395626778851,1,1,1976.2,1974.7,1974.7000000000003,1979.1999999999998,sl,-1.65,-165.0,L-Rev|M15|high@1976.00
1686658684493104750,1686659207901622185,-1,1,1972.2,1975.0,1974.9750000000001,1966.65,sl,-2.95,-295.0,L-Rev|M15|low@1972.20
1686659402984998726,1686659403001638309,-1,1,1959.6,1967.1,1964.725,1959.85,sl,-7.65,-765.0,L-Rev|H1|low@1963.10
1686659402984998726,1686659403631603462,-1,1,1959.6,1970.2,1968.0499999999997,1953.2,sl,-10.75,-1075.0,L-Rev|M15|low@1963.10
1686728082547178091,1686739080042026409,1,1,1962.9,1960.9,1960.9250000000002,1966.5500000000002,sl,-2.15,-215.0,L-Rev|M15|high@1962.70
1686669892786036283,1686746203654683991,-1,1,1959.6,1967.8,1967.625,1943.5499999999995,sl,-8.35,-835.0,L-Rev|M15|low@1959.60
1686746181258274776,1686746604483634299,1,1,1966.2,1970.5499999999997,1964.025,1970.5499999999997,tp,4.2,420.0,L-Rev|M15|high@1966.10
1686765689416303999,1686765727160509524,-1,1,1958.1,1960.9,1960.875,1952.5499999999997,sl,-2.95,-295.0,L-Rev|M15|low@1958.10
1686766012700490251,1686766035066193366,-1,1,1952.8,1954.3,1954.275,1950.45,sl,-1.65,-165.0,L-Rev|H1|low@1953.00
1686766012700490251,1686766053235306732,-1,1,1952.8,1955.4,1955.3999999999999,1948.2000000000003,sl,-2.75,-275.0,L-Rev|M15|low@1953.00
1686765967696523230,1686766166363130825,-1,1,1955.3,1956.8,1956.8,1952.3,sl,-1.65,-165.0,L-Rev|M15|low@1955.30
1686765677486762706,1686766524263424821,-1,1,1958.6,1962.0,1961.925,1952.25,sl,-3.55,-355.0,L-Rev|M15|low@1958.70
1686829148363955539,1686832200612486393,-1,1,1940.3,1944.0,1943.975,1932.9500000000003,sl,-3.85,-385.0,L-Rev|M15|low@1940.30
1686834519173934489,1686835651334625131,1,1,1949.1,1954.7500000000005,1945.525,1954.7500000000005,tp,5.5,550.0,L-Rev|M15|high@1948.50
1686835521545931610,1686836660665396731,1,1,1951.7,1958.75,1948.175,1958.75,tp,6.9,690.0,L-Rev|M15|high@1951.50
1686836635630179150,1686837111945121703,1,1,1957.9,1963.0500000000006,1955.175,1963.0500000000006,tp,5.0,500.0,L-Rev|M15|high@1957.70
1686875548339258822,1686879356499525545,-1,1,1969.4,1970.9,1970.9,1966.4,sl,-1.65,-165.0,L-Rev|M15|low@1969.40
1686896536110679542,1686899965360386746,1,1,1974.7,1972.0,1972.0749999999998,1979.9500000000003,sl,-2.85,-285.0,L-Rev|M15|high@1974.50
1686925755817398172,1686926023644064776,-1,1,1967.0,1968.9,1968.825,1963.35,sl,-2.05,-205.0,L-Rev|H1|low@1967.00
1686925755817398172,1686926380805151478,-1,1,1967.0,1970.6,1970.6,1959.8000000000002,sl,-3.75,-375.0,L-Rev|M15|low@1967.00
1687138650374044233,1687151490404444176,-1,1,1967.9,1969.4,1969.4,1964.9,sl,-1.65,-165.0,L-Rev|M15|low@1967.90
1687154723598121873,1687155121900922395,-1,1,1966.0,1967.6,1967.5749999999998,1962.8500000000001,sl,-1.75,-175.0,L-Rev|M15|low@1966.00
1687163128420092799,1687165098354370771,1,1,1971.1,1968.8,1968.8250000000003,1975.3500000000004,sl,-2.45,-245.0,L-Rev|M15|high@1970.90
1687213034542977602,1687213354234395658,1,1,1965.6,1963.7,1963.7250000000001,1969.3499999999995,sl,-2.05,-205.0,L-Rev|M15|high@1965.50
1687225394273126550,1687226022555327445,-1,1,1959.7,1957.5,1960.8000000000002,1957.5,tp,2.05,205.0,L-Rev|H1|low@1959.70
1687225394273126550,1687227850674805591,-1,1,1959.7,1962.4,1962.175,1954.75,sl,-2.85,-285.0,L-Rev|M15|low@1959.70
1687246405077591114,1687252572619245455,1,1,1965.8,1964.3,1964.3,1968.8,sl,-1.65,-165.0,L-Rev|M15|high@1965.70
1687246405077591114,1687252572619245455,1,1,1965.8,1964.3,1964.3249999999998,1968.75,sl,-1.65,-165.0,L-Rev|H1|high@1965.70
1687265523648713362,1687265650342821997,-1,1,1955.9,1958.0,1957.9500000000003,1951.8,sl,-2.25,-225.0,L-Rev|H1|low@1955.90
1687265523648713362,1687265662566218519,-1,1,1955.9,1958.5,1958.45,1950.8000000000002,sl,-2.75,-275.0,L-Rev|M15|low@1955.90
1687265332066292917,1687267331261744623,-1,1,1958.1,1950.9,1961.6999999999998,1950.9,tp,7.05,705.0,L-Rev|M15|low@1958.10
1687309358431492873,1687310112937255089,-1,1,1947.2,1948.8,1948.775,1944.0499999999997,sl,-1.75,-175.0,L-Rev|M15|low@1947.20
1687314868953095827,1687315504500615463,1,1,1950.2,1948.2,1948.25,1954.0999999999997,sl,-2.15,-215.0,L-Rev|M15|high@1950.10
1687324057932939332,1687327830963310645,-1,1,1946.2,1942.3000000000002,1948.15,1942.3000000000002,tp,3.75,375.0,L-Rev|M15|low@1946.20
1687350075417114310,1687350382576729429,-1,1,1940.8,1938.3,1942.05,1938.3,tp,2.35,235.0,L-Rev|H1|low@1940.80
1687350020200606618,1687350421294677223,-1,1,1943.0,1938.2000000000003,1945.3999999999999,1938.2000000000003,tp,4.65,465.0,L-Rev|M15|low@1943.00
1687350032612023188,1687354659015822112,-1,1,1942.1,1935.65,1945.3249999999998,1935.65,tp,6.3,630.0,L-Rev|M15|low@1942.10
1687350075417114310,1687354774954359199,-1,1,1940.8,1932.6999999999998,1944.85,1932.6999999999998,tp,7.95,795.0,L-Rev|M15|low@1940.80
1687372341424406388,1687374439204256181,1,1,1948.6,1945.8,1945.8249999999998,1954.15,sl,-2.95,-295.0,L-Rev|M15|high@1948.50
1687367780963168077,1687395600187434905,1,1,1946.0,1942.3,1942.3249999999998,1953.3500000000001,sl,-3.85,-385.0,L-Rev|M15|high@1945.90
1687407066201535368,1687411093049685648,-1,1,1941.8,1938.35,1943.5249999999999,1938.35,tp,3.3,330.0,L-Rev|M15|low@1941.80
1687433953466718141,1687437000731030139,-1,1,1935.1,1939.0,1937.875,1929.5499999999997,sl,-4.05,-405.0,L-Rev|M15|low@1935.10
1687466685367426638,1687495968572561818,-1,1,1922.6,1926.5,1926.5,1914.7999999999995,sl,-4.05,-405.0,L-Rev|M15|low@1922.60
1687495521004562348,1687502096962696681,1,1,1925.8,1923.7,1923.75,1929.5999999999997,sl,-2.25,-225.0,L-Rev|M15|high@1925.60
1687505437428246682,1687522982957923049,1,1,1927.6,1932.4500000000003,1925.0250000000003,1932.4500000000003,tp,4.7,470.0,L-Rev|M15|high@1927.40
1687519893466859266,1687524427805914498,1,1,1930.2,1935.0,1927.8,1935.0,tp,4.65,465.0,L-Rev|M15|high@1930.10
1687525864323875498,1687527900252739186,1,1,1941.8,1948.1,1938.6499999999999,1948.1,tp,6.15,615.0,L-Rev|M15|high@1941.70
1687527911955467116,1687527911962978609,1,1,1949.0,1947.6,1947.7499999999998,1951.1999999999998,sl,-1.55,-155.0,L-Rev|H1|high@1948.80
1687525573035417182,1687532881745977998,1,1,1941.4,1934.0,1934.0250000000003,1955.85,sl,-7.55,-755.0,L-Rev|M15|high@1941.20
1687740398500752632,1687744842170958121,1,1,1936.5,1934.7,1934.775,1939.9499999999998,sl,-1.95,-195.0,L-Rev|M15|high@1936.40
1687764722324757512,1687786442040107865,1,1,1938.6,1936.0,1936.025,1943.4500000000005,sl,-2.75,-275.0,L-Rev|M15|high@1938.40
1687787325582780671,1687787832138182312,-1,1,1931.5,1934.5,1934.5,1925.5,sl,-3.15,-315.0,L-Rev|M15|low@1931.50
1687820432749661662,1687825764736331983,-1,1,1932.3,1933.3,1933.2749999999999,1930.35,sl,-1.15,-115.0,L-Rev|M15|low@1932.30
1687849531372839564,1687851325038205903,1,1,1939.1,1936.8,1936.85,1943.6,sl,-2.45,-245.0,L-Rev|M15|high@1939.00
1687858230653621945,1687868144740289465,-1,1,1933.6,1936.2,1936.15,1928.4999999999995,sl,-2.75,-275.0,L-Rev|M15|low@1933.60
1687869487672125576,1687869560995383007,1,1,1940.0,1938.3,1938.375,1943.25,sl,-1.85,-185.0,L-Rev|H1|high@1939.90
1687869431890474583,1687869986591584013,1,1,1939.5,1936.8,1936.875,1944.75,sl,-2.85,-285.0,L-Rev|M15|high@1939.40
1687872987589727777,1687873075438617011,1,1,1940.2,1937.9,1938.075,1944.15,sl,-2.45,-245.0,L-Rev|M15|high@1939.90
1687889129138411669,1687892378307701126,-1,1,1920.6,1924.1,1924.05,1913.6999999999998,sl,-3.65,-365.0,L-Rev|M15|low@1920.60
1687874435911743357,1687934581113376099,-1,1,1929.1,1919.0499999999997,1934.125,1919.0499999999997,tp,9.9,990.0,L-Rev|M15|low@1929.10
1687933350890025005,1687934581113376099,-1,1,1922.3,1918.7000000000003,1924.1,1918.7000000000003,tp,3.45,345.0,L-Rev|M15|low@1922.30
1687965894850305952,1687984524631299248,1,1,1921.1,1918.0,1918.0750000000003,1926.8500000000004,sl,-3.25,-325.0,L-Rev|M15|high@1920.90
1687997218345691587,1687998960509737332,-1,1,1916.0,1917.2,1917.1250000000002,1913.7499999999995,sl,-1.35,-135.0,L-Rev|M15|low@1916.00
1688008145169820665,1688009311648206710,-1,1,1911.4,1913.0,1912.95,1908.3000000000002,sl,-1.75,-175.0,L-Rev|H1|low@1911.40
1688020088147993024,1688020683810865113,-1,1,1910.8,1912.9,1912.825,1906.75,sl,-2.25,-225.0,L-Rev|M15|low@1910.80
1688008145169820665,1688035536420229746,-1,1,1911.4,1916.9,1916.8000000000002,1900.6,sl,-5.65,-565.0,L-Rev|M15|low@1911.40
1688035241353304234,1688041827836239830,1,1,1916.3,1913.7,1913.8999999999999,1921.1,sl,-2.75,-275.0,L-Rev|M15|high@1916.20
1688041940326592058,1688042214151423791,-1,1,1911.9,1907.2500000000002,1914.225,1907.2500000000002,tp,4.5,450.0,L-Rev|M15|low@1911.90
1688041955871060196,1688043247454654993,-1,1,1910.5,1904.0500000000004,1913.725,1904.0500000000004,tp,6.3,630.0,L-Rev|M15|low@1910.50
1688099681923608440,1688101482791714201,-1,1,1915.0,1916.7,1916.65,1911.6999999999998,sl,-1.85,-185.0,L-Rev|M15|low@1915.00
1688103275362146330,1688104367657904041,1,1,1917.7,1915.7,1915.75,1921.6,sl,-2.15,-215.0,L-Rev|M15|high@1917.60
1688104863135978084,1688106058719083066,-1,1,1914.4,1912.0000000000002,1915.6,1912.0000000000002,tp,2.25,225.0,L-Rev|M15|low@1914.40
1688128265414537811,1688128332573468628,1,1,1917.9,1915.7,1915.725,1922.2500000000002,sl,-2.35,-235.0,L-Rev|M15|high@1917.80
1688128993953595796,1688129092335615094,1,1,1922.2,1920.1,1920.1,1924.3,sl,-2.25,-225.0,L-Rev|H1|high@1921.30
1688128993953595796,1688129203220622834,1,1,1922.2,1917.9,1918.175,1927.85,sl,-4.45,-445.0,L-Rev|M15|high@1921.30
1688365085349620590,1688367855457626225,-1,1,1922.2,1924.0,1923.9250000000002,1918.7499999999998,sl,-1.95,-195.0,L-Rev|M15|low@1922.20
1688388484140792876,1688390198957129252,1,1,1928.3,1930.9999999999995,1926.9500000000003,1930.9999999999995,tp,2.55,255.0,L-Rev|M15|high@1928.20
1688425204722133206,1688431483363769600,-1,1,1928.6,1929.6,1929.5749999999998,1926.6500000000003,sl,-1.15,-115.0,L-Rev|M15|low@1928.60
1688537891800017699,1688542734825603251,-1,1,1930.6,1932.1,1932.0249999999999,1927.75,sl,-1.65,-165.0,L-Rev|M15|low@1930.60
1688543955897906068,1688545089595524517,1,1,1934.9,1933.5,1933.55,1937.6000000000004,sl,-1.55,-155.0,L-Rev|M15|high@1934.80
1688543353130457931,1688563037914582613,1,1,1934.0,1939.1,1931.45,1939.1,tp,4.95,495.0,L-Rev|M15|high@1933.90
1688562751437070696,1688563043988981073,1,1,1938.4,1940.4,1937.25,1940.4,tp,1.85,185.0,L-Rev|H1|high@1938.10
1688561043360144208,1688563063877854071,1,1,1937.1,1940.85,1935.225,1940.85,tp,3.6,360.0,L-Rev|M15|high@1937.00
1688562751437070696,1688563101241969035,1,1,1938.4,1941.35,1936.6249999999998,1941.35,tp,2.8,280.0,L-Rev|M15|high@1938.10
1688567833567425335,1688568993360904112,-1,1,1927.6,1928.4,1928.375,1926.05,sl,-0.95,-95.0,L-Rev|H1|low@1927.60
1688567820864293812,1688569730244935302,-1,1,1928.0,1931.0,1931.0,1922.0,sl,-3.15,-315.0,L-Rev|M15|low@1928.00
1688621010888586586,1688630423131562006,1,1,1926.3,1924.8,1924.875,1929.1499999999996,sl,-1.65,-165.0,L-Rev|M15|high@1926.20
1688631514696878294,1688634465826997350,-1,1,1923.3,1925.2,1925.1750000000002,1919.5499999999997,sl,-2.05,-205.0,L-Rev|M15|low@1923.30
1688580789421283175,1688639348577766308,-1,1,1926.2,1929.1,1928.9750000000001,1920.65,sl,-3.05,-305.0,L-Rev|M15|low@1926.20
1688645892002356744,1688646035702010625,-1,1,1921.6,1917.4,1924.15,1917.4,tp,4.05,405.0,L-Rev|M15|low@1921.90
1688723170738277853,1688732395974630118,1,1,1922.5,1920.4,1920.475,1926.5500000000002,sl,-2.25,-225.0,L-Rev|M15|high@1922.40
1688733000651624604,1688733001492582896,1,1,1937.6,1932.0,1932.0749999999998,1938.1499999999999,sl,-5.75,-575.0,L-Rev|H1|high@1934.00
1688733000651624604,1688733654311239515,1,1,1937.6,1926.6,1926.6750000000002,1948.9500000000003,sl,-11.15,-1115.0,L-Rev|M15|high@1934.00
1688960191112983592,1688975633079888102,-1,1,1928.4,1930.8,1930.7250000000001,1923.75,sl,-2.55,-255.0,L-Rev|M15|low@1928.40
1688991425390067866,1688991634895437622,-1,1,1928.0,1924.1,1929.95,1924.1,tp,3.75,375.0,L-Rev|M15|low@1928.00
1688991634184241633,1688993006934557842,-1,1,1924.8,1920.4499999999998,1926.975,1920.4499999999998,tp,4.2,420.0,L-Rev|M15|low@1924.80
1689035208450295429,1689039605549442354,1,1,1932.6,1930.7,1930.7999999999997,1936.2,sl,-2.05,-205.0,L-Rev|M15|high@1932.50
1689035208450295429,1689039605549442354,1,1,1932.6,1930.7,1930.7000000000003,1936.1000000000004,sl,-2.05,-205.0,L-Rev|M15|high@1932.40
1689044678633776694,1689045516130741085,1,1,1933.9,1932.2,1932.2250000000004,1936.95,sl,-1.85,-185.0,L-Rev|M15|high@1933.70
1689008542927361489,1689056178830608870,1,1,1931.9,1936.1500000000005,1929.625,1936.1500000000005,tp,4.1,410.0,L-Rev|M15|high@1931.70
1689006927531033355,1689056926760320820,1,1,1930.6,1936.8000000000006,1927.35,1936.8000000000006,tp,6.05,605.0,L-Rev|M15|high@1930.40
1689091549501876910,1689094169250195667,-1,1,1934.6,1938.2,1938.1999999999998,1927.4,sl,-3.75,-375.0,L-Rev|M15|low@1934.60
1689161939360366139,1689162638270092267,1,1,1941.9,1940.3,1940.3999999999999,1944.8999999999999,sl,-1.75,-175.0,L-Rev|M15|high@1941.80
1689208223061825132,1689210208589879501,-1,1,1961.7,1962.6,1962.525,1960.0500000000002,sl,-1.05,-105.0,L-Rev|M15|low@1961.70
1689224613553807903,1689226494028427624,-1,1,1960.7,1962.8,1962.7250000000001,1956.65,sl,-2.25,-225.0,L-Rev|M15|low@1960.70
1689251401302676981,1689251406355433780,-1,1,1962.4,1965.2,1965.025,1957.15,sl,-2.95,-295.0,L-Rev|M15|low@1962.40
1689251415889943748,1689251431402807022,1,1,1967.9,1965.4,1965.4999999999998,1972.6999999999998,sl,-2.65,-265.0,L-Rev|M15|high@1967.80
1689251498815022831,1689253236471613964,-1,1,1959.9,1963.2,1963.2,1953.3000000000002,sl,-3.45,-345.0,L-Rev|M15|low@1959.90
1689298722952928436,1689310764039422946,1,1,1966.2,1964.3,1964.3999999999996,1969.8,sl,-2.05,-205.0,L-Rev|M15|high@1966.10
1689313302279814824,1689320402555493560,-1,1,1962.7,1958.6499999999996,1964.7250000000004,1958.6499999999996,tp,3.9,390.0,L-Rev|M15|low@1962.70
1689319926658866212,1689321851255544228,-1,1,1959.1,1962.2,1962.1749999999997,1952.95,sl,-3.25,-325.0,L-Rev|M15|low@1959.10
1689340037943897216,1689340528458560425,-1,1,1958.4,1960.8,1960.725,1953.7500000000002,sl,-2.55,-255.0,L-Rev|M15|low@1958.40
1689339707102089503,1689341650574975341,-1,1,1959.2,1962.2,1962.125,1953.3500000000004,sl,-3.15,-315.0,L-Rev|M15|low@1959.20
1689343290063454337,1689343366131238282,-1,1,1956.6,1959.0,1958.975,1951.85,sl,-2.55,-255.0,L-Rev|H1|low@1956.60
1689343290063454337,1689346096378516071,-1,1,1956.6,1962.8,1962.7499999999998,1944.3000000000002,sl,-6.35,-635.0,L-Rev|M15|low@1956.60
1689544800165595182,1689544800173335287,1,1,1958.9,1956.1,1946.35,1956.1,tp,-2.95,-295.0,L-Rev|H4|high@1968.50
1689561111147647130,1689562505268075587,-1,1,1955.6,1957.2,1957.1749999999997,1952.45,sl,-1.75,-175.0,L-Rev|M15|low@1955.60
1689572094467584079,1689573574556630929,1,1,1960.2,1957.5,1957.575,1965.45,sl,-2.85,-285.0,L-Rev|M15|high@1960.00
1689582325025051717,1689596621999560396,1,1,1960.6,1957.4,1957.4250000000002,1966.65,sl,-3.35,-335.0,L-Rev|M15|high@1960.40
1689597656441556370,1689603480250029908,-1,1,1954.3,1957.3,1957.2999999999997,1948.3000000000002,sl,-3.15,-315.0,L-Rev|M15|low@1954.30
1689638499137211440,1689639852847306484,-1,1,1958.1,1959.0,1958.9249999999997,1956.45,sl,-1.05,-105.0,L-Rev|M15|low@1958.10
1689640676610587251,1689641198308122597,1,1,1960.3,1959.1,1959.175,1962.55,sl,-1.35,-135.0,L-Rev|M15|high@1960.20
1689650733931928991,1689660206889661419,1,1,1963.7,1961.9,1961.9,1967.3000000000002,sl,-1.95,-195.0,L-Rev|H1|high@1963.60
1689650733931928991,1689661072301610820,1,1,1963.7,1961.6,1961.6000000000001,1967.9,sl,-2.25,-225.0,L-Rev|M15|high@1963.60
1689746405840466394,1689746518420029229,1,1,1983.0,1982.1,1982.1,1984.8000000000002,sl,-1.05,-105.0,L-Rev|M15|high@1982.90
1689748349327589854,1689749569662201083,-1,1,1978.0,1979.6,1979.5749999999998,1974.8500000000001,sl,-1.75,-175.0,L-Rev|M15|low@1978.00
1689777743699743374,1689778536836355694,-1,1,1975.0,1978.9,1978.9,1967.1999999999998,sl,-4.05,-405.0,L-Rev|M15|low@1975.00
1689855930259703938,1689857049703566824,-1,1,1980.6,1975.4999999999998,1983.15,1975.4999999999998,tp,4.95,495.0,L-Rev|M15|low@1980.60
1689862441983513923,1689862538393750870,-1,1,1973.3,1974.7,1974.65,1970.6,sl,-1.55,-155.0,L-Rev|H1|low@1973.30
1689896026509740331,1689905288857781050,1,1,1974.4,1973.2,1973.2749999999999,1976.6500000000005,sl,-1.35,-135.0,L-Rev|M15|high@1974.30
1689862441983513923,1689927600095588249,-1,1,1973.3,1965.1999999999994,1977.3500000000001,1965.1999999999994,tp,7.95,795.0,L-Rev|M15|low@1973.30
1689945080242607066,1689946536357823669,-1,1,1963.1,1966.4,1966.4,1956.4999999999998,sl,-3.45,-345.0,L-Rev|M15|low@1963.10
1690182030414894930,1690187674310182246,1,1,1964.6,1962.7,1962.725,1968.35,sl,-2.05,-205.0,L-Rev|M15|high@1964.50
1690191390956745141,1690205415326022494,1,1,1967.4,1964.1,1964.175,1973.85,sl,-3.45,-345.0,L-Rev|M15|high@1967.30
1690206908991237225,1690207431854988408,-1,1,1961.4,1963.8,1963.725,1956.7500000000002,sl,-2.55,-255.0,L-Rev|M15|low@1961.40
1690266147667134314,1690266676015645275,1,1,1965.1,1963.8,1963.8249999999998,1967.65,sl,-1.45,-145.0,L-Rev|M15|high@1965.00
1690269716390498354,1690275156524045370,-1,1,1961.8,1964.4,1964.2749999999999,1956.85,sl,-2.75,-275.0,L-Rev|M15|low@1961.80
1690284352199438806,1690284786482831946,-1,1,1954.6,1955.7,1955.6999999999998,1952.3999999999999,sl,-1.25,-125.0,L-Rev|H1|low@1954.60
1690284352199438806,1690284948588200599,-1,1,1954.6,1956.1,1956.0249999999999,1951.75,sl,-1.65,-165.0,L-Rev|M15|low@1954.60
1690286519506515993,1690286646030873003,1,1,1965.3,1962.4,1962.4999999999998,1970.6,sl,-3.05,-305.0,L-Rev|M15|high@1965.10
1690324229547192050,1690334579616759201,1,1,1967.2,1964.4,1964.4999999999998,1972.6,sl,-2.95,-295.0,L-Rev|M15|high@1967.10
1690351856187390640,1690352717193435330,1,1,1968.0,1970.65,1966.375,1970.65,tp,2.5,250.0,L-Rev|M15|high@1967.70
1690352245876739446,1690369295436479877,1,1,1969.9,1974.1499999999996,1967.7749999999999,1974.1499999999996,tp,4.1,410.0,L-Rev|H1|high@1969.80
1690376692508134670,1690379134965326115,-1,1,1970.8,1965.7000000000003,1973.35,1965.7000000000003,tp,4.95,495.0,L-Rev|M15|low@1970.80
1690297549488295225,1690385180432501559,1,1,1965.4,1975.8999999999999,1960.1499999999999,1975.8999999999999,tp,10.35,1035.0,L-Rev|M15|high@1965.30
1690385180415030717,1690390452056348989,1,1,1976.3,1971.0,1971.05,1984.9999999999995,sl,-5.45,-545.0,L-Rev|M15|high@1975.60
1690396768270019080,1690398499651642729,1,1,1976.4,1974.0,1974.075,1981.0500000000002,sl,-2.55,-255.0,L-Rev|M15|high@1976.30
1690460713636116921,1690461012432274367,-1,1,1973.9,1969.4,1976.15,1969.4,tp,4.35,435.0,L-Rev|M15|low@1973.90
1690461012239524731,1690461702702173086,-1,1,1971.3,1966.35,1973.7749999999999,1966.35,tp,4.8,480.0,L-Rev|M15|low@1971.30
1690461783486552473,1690461819519748239,-1,1,1963.2,1965.1,1965.075,1959.45,sl,-2.05,-205.0,L-Rev|M15|low@1963.20
1690461782019461653,1690462456272289390,-1,1,1963.5,1958.9499999999998,1965.925,1958.9499999999998,tp,4.4,440.0,L-Rev|M15|low@1963.60
1690461763175626196,1690463783723352617,-1,1,1965.1,1955.65,1969.8249999999998,1955.65,tp,9.3,930.0,L-Rev|M15|low@1965.10
1690461703023482398,1690464715778901800,-1,1,1965.8,1953.5499999999997,1972.2250000000001,1953.5499999999997,tp,12.1,1210.0,L-Rev|M15|low@1966.00
1690464766788619517,1690465233096515412,-1,1,1951.6,1944.85,1954.975,1944.85,tp,6.6,660.0,L-Rev|H4|low@1951.60
1690475710009110330,1690477462251817791,-1,1,1942.2,1946.2,1946.175,1934.25,sl,-4.15,-415.0,L-Rev|M15|low@1942.20
1690556469722663745,1690754400186937735,1,1,1960.0,1945.8,1954.6,1970.8000000000002,sl,-14.35,-1435.0,L-Rev|M15|high@1959.80
1690802975121036764,1690803881365436588,1,1,1998.9,1997.3,1997.3250000000003,2002.05,sl,-1.75,-175.0,L-Rev|M15|high@1998.80
1690796947420824546,1690806456786143153,1,1,1995.0,1999.4999999999995,1992.7500000000002,1999.4999999999995,tp,4.35,435.0,L-Rev|M15|high@1994.90
1690821864719144640,1690828490299019225,1,1,2011.0,2006.6,2006.65,2019.6999999999998,sl,-4.55,-455.0,L-Rev|M15|high@2010.90
1690888334805328971,1690892528285882678,-1,1,1992.0,1988.0,1994.3,1988.0,tp,3.85,385.0,L-Rev|M15|low@1992.20
1690893790150994906,1690896071420392032,-1,1,1986.7,1981.75,1989.175,1981.75,tp,4.8,480.0,L-Rev|M15|low@1986.70
1690893790150994906,1690898413308590829,-1,1,1986.7,1989.6,1989.525,1981.0500000000002,sl,-3.05,-305.0,L-Rev|H1|low@1986.70
1690973490147589895,1690978286191598448,1,1,1989.7,1987.0,1987.0,1995.0999999999997,sl,-2.85,-285.0,L-Rev|M15|high@1989.60
1690964569093473857,1690978500820460863,1,1,1987.4,1983.3,1984.7000000000003,1992.8,sl,-4.25,-425.0,L-Rev|M15|high@1987.30
1690979219274028896,1690979341839556588,-1,1,1982.1,1985.1,1984.95,1976.3999999999996,sl,-3.15,-315.0,L-Rev|M15|low@1982.10
1690980130448684065,1690980558133806669,-1,1,1981.3,1984.6,1984.5249999999996,1974.8500000000004,sl,-3.45,-345.0,L-Rev|M15|low@1981.30
1690985504178383900,1690985775988825995,-1,1,1977.6,1975.85,1979.525,1975.85,tp,1.6,160.0,L-Rev|H1|low@1978.30
1690985504178383900,1690985908458456802,-1,1,1977.6,1974.55,1980.175,1974.55,tp,2.9,290.0,L-Rev|M15|low@1978.30
1691031923323550452,1691032809150499414,-1,1,1970.2,1971.4,1971.375,1968.4500000000003,sl,-1.35,-135.0,L-Rev|M15|low@1970.40
1691073102976595582,1691073947317131915,1,1,1974.4,1971.0,1971.025,1981.15,sl,-3.55,-355.0,L-Rev|M15|high@1974.30
1691110800720697221,1691114875443210396,1,1,1972.3,1970.8,1970.875,1975.1499999999996,sl,-1.65,-165.0,L-Rev|M15|high@1972.20
1691129561393890822,1691129564620853075,-1,1,1967.7,1968.7,1968.6750000000002,1965.7499999999998,sl,-1.15,-115.0,L-Rev|M15|low@1967.70
1691144693574650232,1691152201051187979,-1,1,1966.9,1962.7000000000003,1969.0,1962.7000000000003,tp,4.05,405.0,L-Rev|M15|low@1966.90
1691152294363608138,1691152307650805757,1,1,1973.5,1972.3,1972.3,1975.9,sl,-1.35,-135.0,L-Rev|H1|high@1973.40
1691152294363608138,1691152320984300183,1,1,1973.5,1970.8,1970.8,1978.9,sl,-2.85,-285.0,L-Rev|M15|high@1973.40
1691152289818451355,1691152414978114234,1,1,1972.5,1969.8,1969.95,1977.6,sl,-2.85,-285.0,L-Rev|M15|high@1972.40
1691152825266387012,1691152834931772581,1,1,1974.6,1973.1,1973.175,1977.4499999999998,sl,-1.65,-165.0,L-Rev|H1|high@1974.50
1691152825266387012,1691154325248892543,1,1,1974.6,1979.0000000000002,1972.2500000000002,1979.0000000000002,tp,4.25,425.0,L-Rev|M15|high@1974.40
1691152825266387012,1691156190578360688,1,1,1974.6,1982.1,1970.85,1982.1,tp,7.35,735.0,L-Rev|M15|high@1974.50
1691403666061099478,1691409518648278842,-1,1,1968.8,1971.1,1971.05,1964.3,sl,-2.45,-245.0,L-Rev|M15|low@1968.80
1691416801050794002,1691417765684414150,-1,1,1968.0,1970.7,1970.7,1962.6,sl,-2.85,-285.0,L-Rev|M15|low@1968.00
1691459753903142121,1691460950489710557,-1,1,1966.1,1967.3,1967.25,1963.8,sl,-1.35,-135.0,L-Rev|H1|low@1966.10
1691459753903142121,1691462169492434627,-1,1,1966.1,1969.1,1969.025,1960.2499999999998,sl,-3.15,-315.0,L-Rev|M15|low@1966.10
1691485171567732650,1691486247858088886,1,1,1969.5,1967.3,1967.325,1973.85,sl,-2.35,-235.0,L-Rev|M15|high@1969.40
1691492462822194373,1691496708659492696,-1,1,1964.6,1958.4499999999998,1967.675,1958.4499999999998,tp,6.0,600.0,L-Rev|M15|low@1964.60
1691542663037667341,1691543534070592404,-1,1,1958.7,1959.6,1959.6,1956.9000000000003,sl,-1.05,-105.0,L-Rev|M15|low@1958.70
1691542925013606446,1691543720518278009,-1,1,1958.0,1959.8,1959.725,1954.5500000000002,sl,-1.95,-195.0,L-Rev|M15|low@1958.00
1691582630239012305,1691583725406083413,-1,1,1956.5,1958.2,1958.125,1953.25,sl,-1.85,-185.0,L-Rev|H1|low@1956.50
1691582630239012305,1691618400060032772,-1,1,1956.5,1945.5500000000002,1961.975,1945.5500000000002,tp,10.8,1080.0,L-Rev|M15|low@1956.50
1691604502470956334,1691618400060032772,-1,1,1948.9,1943.35,1951.6750000000002,1943.35,tp,5.4,540.0,L-Rev|M15|low@1948.90
1691670613714370689,1691671276706965055,1,1,1963.0,1956.3,1956.3749999999998,1972.35,sl,-6.85,-685.0,L-Rev|M15|high@1961.60
1691677195365183020,1691677330408547137,-1,1,1947.8,1950.0,1949.975,1943.4499999999998,sl,-2.35,-235.0,L-Rev|M15|low@1947.80
1691677192558637785,1691677732181079132,-1,1,1948.0,1950.6,1950.55,1942.9,sl,-2.75,-275.0,L-Rev|M15|low@1948.00
1691733800981913742,1691743631002101489,1,1,1948.3,1951.0000000000002,1946.9499999999998,1951.0000000000002,tp,2.55,255.0,L-Rev|M15|high@1948.20
1691735401661591513,1691758137924421321,1,1,1949.5,1945.6,1945.6,1957.3000000000002,sl,-4.05,-405.0,L-Rev|H1|high@1963.50
1691777845523743128,1691787353519450577,-1,1,1944.6,1946.2,1946.1749999999997,1941.45,sl,-1.75,-175.0,L-Rev|M15|low@1944.60
1691777567338176095,1691964000106386918,-1,1,1945.0,1940.9499999999998,1947.025,1940.9499999999998,tp,3.9,390.0,L-Rev|M15|low@1945.00
1691971523437756884,1691983370135773338,-1,1,1944.1,1945.3,1945.2999999999997,1941.7,sl,-1.35,-135.0,L-Rev|M15|low@1944.10
1691991057251731953,1691992801131775468,1,1,1945.7,1944.4,1944.4999999999998,1948.1,sl,-1.45,-145.0,L-Rev|M15|high@1945.60
1691999764586070667,1692003946545301777,1,1,1947.2,1945.5,1945.5250000000003,1950.2499999999995,sl,-1.85,-185.0,L-Rev|M15|high@1947.00
1692081647717036262,1692102606431587351,-1,1,1935.4,1931.5000000000002,1937.35,1931.5000000000002,tp,3.75,375.0,L-Rev|M15|low@1935.40
1692148581617642943,1692148827573506284,-1,1,1931.6,1932.9,1932.8749999999998,1929.0500000000002,sl,-1.45,-145.0,L-Rev|M15|low@1931.60
1692176976106756694,1692185934567482024,1,1,1937.6,1935.5,1935.5500000000002,1941.4,sl,-2.25,-225.0,L-Rev|M15|high@1937.40
1692188593074221149,1692188764525352707,-1,1,1931.6,1932.6,1932.55,1929.6999999999998,sl,-1.15,-115.0,L-Rev|H1|low@1931.60
1692188593074221149,1692189105687540228,-1,1,1931.6,1933.3,1933.25,1928.2999999999997,sl,-1.85,-185.0,L-Rev|M15|low@1931.60
1692187206825607428,1692191714104307692,-1,1,1933.8,1930.1999999999998,1935.6,1930.1999999999998,tp,3.45,345.0,L-Rev|M15|low@1933.80
1692203743415753593,1692215424935489250,-1,1,1929.7,1922.3,1933.55,1922.3,tp,7.25,725.0,L-Rev|M15|low@1929.80
1692228617743802709,1692253385838037862,-1,1,1921.9,1924.1,1924.025,1917.9499999999998,sl,-2.35,-235.0,L-Rev|M15|low@1922.00
1692253228091900657,1692254605844853844,1,1,1923.7,1925.8,1922.6499999999996,1925.8,tp,1.95,195.0,L-Rev|M15|high@1923.60
1692266964854380900,1692275751531304017,1,1,1927.2,1930.7999999999997,1925.3999999999999,1930.7999999999997,tp,3.45,345.0,L-Rev|M15|high@1927.10
1692285977994191135,1692287788004115555,-1,1,1923.2,1919.6,1925.0,1919.6,tp,3.45,345.0,L-Rev|M15|low@1923.20
1692287857087460923,1692288211505170059,-1,1,1918.8,1919.9,1919.8249999999998,1916.75,sl,-1.25,-125.0,L-Rev|H1|low@1918.80
1692287857087460923,1692289546519741729,-1,1,1918.8,1920.7,1920.675,1915.05,sl,-2.05,-205.0,L-Rev|M15|low@1918.80
1692313228605528858,1692319751068858384,1,1,1919.9,1922.5,1918.4500000000003,1922.5,tp,2.45,245.0,L-Rev|M15|high@1919.70
1692348284396199600,1692352833938268290,-1,1,1920.4,1922.3,1922.275,1916.65,sl,-2.05,-205.0,L-Rev|M15|low@1920.40
1692353665839725212,1692355389140276982,1,1,1924.4,1923.3,1923.3000000000002,1926.6,sl,-1.25,-125.0,L-Rev|H1|high@1924.30
1692353665839725212,1692357083060556575,1,1,1924.4,1922.4,1922.4499999999998,1928.2999999999997,sl,-2.15,-215.0,L-Rev|M15|high@1924.30
1692361242044417146,1692361315720242918,-1,1,1920.4,1922.1,1922.05,1917.1000000000004,sl,-1.85,-185.0,L-Rev|M15|low@1920.40
1692366602051148678,1692366993304230754,1,1,1924.9,1922.9,1922.95,1928.8000000000002,sl,-2.15,-215.0,L-Rev|M15|high@1924.80
1692586323639830129,1692596577612426102,1,1,1920.4,1917.3,1917.3249999999998,1926.5499999999997,sl,-3.25,-325.0,L-Rev|M15|high@1920.30
1692619379234996991,1692625196614802638,1,1,1922.9,1919.9,1920.35,1928.0000000000002,sl,-3.15,-315.0,L-Rev|M15|high@1922.80
1692628243664487127,1692631158033301068,-1,1,1915.6,1918.4,1918.375,1910.0499999999997,sl,-2.95,-295.0,L-Rev|M15|low@1915.60
1692711158176088378,1692712586718003135,-1,1,1922.2,1917.8500000000004,1924.375,1917.8500000000004,tp,4.2,420.0,L-Rev|M15|low@1922.20
1692710817683777106,1692716877278051927,-1,1,1922.4,1926.0,1925.4250000000002,1916.6499999999999,sl,-3.75,-375.0,L-Rev|M15|low@1922.50
1692749388070995926,1692756434575214948,1,1,1928.2,1931.5,1926.55,1931.5,tp,3.15,315.0,L-Rev|M15|high@1928.00
1692765650027205364,1692786777685309556,1,1,1931.8,1930.1,1930.1749999999997,1934.45,sl,-1.85,-185.0,L-Rev|M15|high@1931.50
1692793620607344916,1692795547304983885,1,1,1934.5,1932.5,1932.5500000000002,1938.3999999999999,sl,-2.15,-215.0,L-Rev|M15|high@1934.40
1692878540584328795,1692879181123208745,-1,1,1943.8,1942.0,1944.7,1942.0,tp,1.65,165.0,L-Rev|M15|low@1943.80
1692888579248116958,1692888653323912139,1,1,1951.3,1950.0,1950.0,1953.8999999999999,sl,-1.45,-145.0,L-Rev|H1|high@1951.20
1692946679406961789,1692947302768356508,-1,1,1940.7,1942.2,1942.125,1937.8500000000004,sl,-1.65,-165.0,L-Rev|M15|low@1940.70
1692964678680329571,1692968803066982866,1,1,1945.7,1943.8,1943.8999999999996,1949.3,sl,-2.05,-205.0,L-Rev|M15|high@1945.60
1692972157463166934,1692972165365517405,-1,1,1938.1,1941.0,1940.975,1935.65,sl,-3.05,-305.0,L-Rev|H1|low@1939.20
1692972154434324703,1692972175491377791,-1,1,1940.3,1942.8,1942.8,1935.6000000000004,sl,-2.65,-265.0,L-Rev|M15|low@1940.40
1692972157463166934,1692972176420821033,-1,1,1938.1,1943.8,1943.7000000000003,1930.1999999999998,sl,-5.85,-585.0,L-Rev|M15|low@1939.20
1692997170500449840,1693173600156937772,1,1,1942.9,1946.6499999999999,1941.0249999999999,1946.6499999999999,tp,3.6,360.0,L-Rev|M15|high@1942.80
1693185792641738511,1693186419348465163,1,1,1944.7,1943.4,1943.4750000000001,1946.8500000000001,sl,-1.45,-145.0,L-Rev|M15|high@1944.40
1693207256573146589,1693226614374681670,-1,1,1941.7,1943.5,1943.4250000000002,1938.2499999999998,sl,-1.95,-195.0,L-Rev|M15|low@1941.70
1693206691833829560,1693226658575144647,-1,1,1942.2,1944.1,1944.075,1938.45,sl,-2.05,-205.0,L-Rev|M15|low@1942.20
1693230301415345332,1693230608162934174,1,1,1945.7,1943.9,1943.9750000000001,1949.15,sl,-1.95,-195.0,L-Rev|M15|high@1945.60
1693236901209240268,1693237475707710566,1,1,1950.5,1953.5500000000002,1948.975,1953.5500000000002,tp,2.9,290.0,L-Rev|H1|high@1950.40
1693304825420574093,1693309718414740172,-1,1,1949.2,1945.0,1951.3,1945.0,tp,4.05,405.0,L-Rev|M15|low@1949.20
1693374622128351381,1693376711714721136,-1,1,1963.1,1964.7,1964.6000000000001,1960.0999999999995,sl,-1.75,-175.0,L-Rev|M15|low@1963.10
1693387685654859639,1693388047081545059,1,1,1966.3,1965.6,1965.625,1967.65,sl,-0.85,-85.0,L-Rev|M15|high@1966.20
1693387552666950913,1693390870246714239,1,1,1965.7,1964.7,1964.725,1967.6499999999994,sl,-1.15,-115.0,L-Rev|M15|high@1965.60
1693485129336322446,1693485137074722223,1,1,1974.7,1973.9,1973.9499999999998,1976.1999999999998,sl,-0.95,-95.0,L-Rev|H1|high@1974.60
1693485129336322446,1693485149008392259,1,1,1974.7,1973.2,1973.275,1977.5500000000002,sl,-1.65,-165.0,L-Rev|M15|high@1974.60
1693485577439020016,1693485636975050699,-1,1,1969.9,1971.4,1971.3999999999999,1966.9000000000005,sl,-1.65,-165.0,L-Rev|M15|low@1969.90
1693485521952037944,1693485690522121251,-1,1,1970.3,1971.7,1971.6499999999999,1967.6,sl,-1.55,-155.0,L-Rev|M15|low@1970.30
1693522896827587799,1693526439019608130,-1,1,1965.5,1966.8,1966.775,1962.9499999999998,sl,-1.45,-145.0,L-Rev|M15|low@1965.50
1693571400753875963,1693571401067883862,1,1,1976.0,1969.4,1970.6499999999999,1983.7000000000003,sl,-6.75,-675.0,L-Rev|M15|high@1974.90
1693571400753875963,1693571401067883862,1,1,1976.0,1969.4,1972.8750000000002,1978.65,sl,-6.75,-675.0,L-Rev|H1|high@1974.90
1693571421503095496,1693572259182686505,1,1,1979.5,1975.5,1975.5,1980.6,sl,-4.15,-415.0,L-Rev|H4|high@1977.10
1693576860307048263,1693576887804260689,-1,1,1964.5,1965.6,1965.55,1962.6999999999998,sl,-1.25,-125.0,L-Rev|H1|low@1964.60
1693576860307048263,1693576893559277902,-1,1,1964.5,1965.8,1965.725,1962.35,sl,-1.45,-145.0,L-Rev|M15|low@1964.60
1693576860050288365,1693576996674911914,-1,1,1964.8,1967.1,1967.05,1960.3,sl,-2.45,-245.0,L-Rev|M15|low@1964.80
1693891204592930939,1693891399670888917,1,1,1964.8,1964.1,1964.125,1966.15,sl,-0.85,-85.0,L-Rev|M15|high@1964.70
1693864800106134572,1693905649154645665,1,1,1964.3,1957.7,1957.725,1964.85,sl,-6.75,-675.0,L-Rev|H4|high@1980.20
1693901054888687481,1693906104102779006,-1,1,1960.5,1956.8999999999999,1962.3000000000002,1956.8999999999999,tp,3.45,345.0,L-Rev|M15|low@1960.50
1693976123076740502,1693982258064905319,1,1,1952.2,1950.9,1950.9249999999997,1954.75,sl,-1.45,-145.0,L-Rev|M15|high@1952.10
1694005261254439043,1694007314512228236,-1,1,1947.5,1949.7,1949.525,1943.4499999999998,sl,-2.35,-235.0,L-Rev|M15|low@1947.50
1694008302314221271,1694008800008423872,1,1,1953.0,1949.0,1951.7250000000001,1955.5499999999997,sl,-4.15,-415.0,L-Rev|M15|high@1952.90
1694008453789929001,1694008800008423872,1,1,1953.8,1949.0,1951.7749999999999,1957.85,sl,-4.95,-495.0,L-Rev|M15|high@1953.70
1694090065737096896,1694090108246309157,-1,1,1940.4,1941.5,1941.45,1938.3000000000002,sl,-1.25,-125.0,L-Rev|H1|low@1940.40
1694090065737096896,1694090443964808393,-1,1,1940.4,1941.8,1941.75,1937.7000000000005,sl,-1.55,-155.0,L-Rev|M15|low@1940.40
1694090000992102508,1694090665446447735,-1,1,1941.2,1942.8,1942.775,1938.0500000000002,sl,-1.75,-175.0,L-Rev|M15|low@1941.20
1694133376975667905,1694133725904975155,1,1,1948.0,1946.3,1946.45,1951.1,sl,-1.85,-185.0,L-Rev|H1|high@1947.90
1694153446141995005,1694153932464305174,1,1,1951.4,1950.3,1950.3500000000001,1953.5,sl,-1.25,-125.0,L-Rev|M15|high@1951.30
1694158231969522170,1694176748046991630,-1,1,1948.2,1949.8,1949.775,1945.0500000000002,sl,-1.75,-175.0,L-Rev|M15|low@1948.20
1694176748549057075,1694176937109415189,1,1,1949.9,1948.3,1948.3750000000002,1952.65,sl,-1.75,-175.0,L-Rev|M15|high@1949.70
1694133376975667905,1694187906402808514,1,1,1948.0,1943.5,1943.5,1957.0,sl,-4.65,-465.0,L-Rev|M15|high@1947.90
1694190662197792725,1694191972410670260,-1,1,1941.4,1942.8,1942.75,1938.7000000000003,sl,-1.55,-155.0,L-Rev|M15|low@1941.40
1694396063011989531,1694407555227093908,1,1,1944.7,1947.9999999999995,1943.05,1947.9999999999995,tp,3.15,315.0,L-Rev|M15|high@1944.60
1694457841333862723,1694469600082795902,-1,1,1944.6,1940.1000000000004,1946.8499999999997,1940.1000000000004,tp,4.35,435.0,L-Rev|M15|low@1944.60
1694473311968139890,1694478164438808060,-1,1,1944.6,1945.5,1945.5,1942.7999999999997,sl,-1.05,-105.0,L-Rev|M15|low@1944.60
1694514703592261100,1694514941599575289,-1,1,1941.3,1938.4500000000003,1942.725,1938.4500000000003,tp,2.7,270.0,L-Rev|M15|low@1941.30
1694608200600854635,1694608201061019550,1,1,1936.3,1931.6,1934.1499999999999,1940.0,sl,-4.85,-485.0,L-Rev|M15|high@1936.00
1694609551309632530,1694609649446973828,1,1,1936.7,1935.5,1935.5500000000002,1938.7000000000003,sl,-1.35,-135.0,L-Rev|M15|high@1936.50
1694612041331575037,1694612545989522660,1,1,1938.4,1936.0,1936.0249999999999,1941.6499999999999,sl,-2.55,-255.0,L-Rev|M15|high@1937.80
1694670430476667768,1694675222127236688,-1,1,1930.3,1927.8999999999996,1931.5,1927.8999999999996,tp,2.25,225.0,L-Rev|M15|low@1930.30
1694704237320699914,1694705011123893222,1,1,1932.7,1930.8,1930.8000000000002,1936.2000000000003,sl,-2.05,-205.0,L-Rev|M15|high@1932.50
1694778166401721994,1694781000023826226,1,1,1941.2,1938.6,1938.6499999999996,1946.3,sl,-2.75,-275.0,L-Rev|M15|high@1941.10
1694703241205407487,1694784279308077287,1,1,1931.9,1946.15,1924.7749999999996,1946.15,tp,14.1,1410.0,L-Rev|M15|high@1931.80
1694998260002098557,1695000902061883454,1,1,1946.2,1945.0,1945.0749999999998,1948.4499999999998,sl,-1.35,-135.0,L-Rev|M15|high@1946.10
1695015477980572936,1695017307878904848,1,1,1950.8,1949.8,1949.8999999999996,1952.6,sl,-1.15,-115.0,L-Rev|M15|high@1950.60
1695041172245522541,1695042799111767528,-1,1,1946.1,1947.7,1947.6749999999997,1942.95,sl,-1.75,-175.0,L-Rev|M15|low@1946.10
1695045720341111546,1695046088033784402,-1,1,1944.0,1945.2,1945.1999999999998,1941.6000000000001,sl,-1.35,-135.0,L-Rev|M15|low@1944.00
1695045723176241853,1695046309373243851,-1,1,1943.8,1945.3,1945.225,1940.9500000000003,sl,-1.65,-165.0,L-Rev|M15|low@1943.80
1695052981176582572,1695053104599493816,1,1,1951.7,1950.6,1950.675,1953.75,sl,-1.25,-125.0,L-Rev|H1|high@1951.60
1695052981176582572,1695053232690473668,1,1,1951.7,1949.8,1949.8249999999998,1955.4499999999998,sl,-2.05,-205.0,L-Rev|M15|high@1951.60
1695068130462085620,1695085001442782706,1,1,1955.2,1954.1,1954.15,1957.2999999999997,sl,-1.25,-125.0,L-Rev|M15|high@1955.10
1695097272005346450,1695108689928672639,-1,1,1953.2,1954.4,1954.4,1950.8000000000002,sl,-1.35,-135.0,L-Rev|M15|low@1953.20
1695109996590531589,1695113599600667853,1,1,1956.1,1954.9,1954.9,1958.4999999999998,sl,-1.35,-135.0,L-Rev|M15|high@1956.00
1695147401684826463,1695149533386616577,-1,1,1951.2,1952.3,1952.2250000000001,1949.15,sl,-1.25,-125.0,L-Rev|H1|low@1951.20
1695147401684826463,1695149570722985040,-1,1,1951.2,1952.4,1952.4,1948.7999999999997,sl,-1.35,-135.0,L-Rev|M15|low@1951.20
1695145862554820099,1695160800124143218,-1,1,1951.7,1947.5000000000005,1953.7999999999997,1947.5000000000005,tp,4.05,405.0,L-Rev|M15|low@1951.70
1695160800166307019,1695160800168308580,1,1,1953.0,1951.45,1946.875,1951.45,tp,-1.7,-170.0,L-Rev|H1|high@1958.90
1695189008430694813,1695189660809023071,1,1,1952.4,1951.4,1951.4750000000001,1953.9500000000003,sl,-1.15,-115.0,L-Rev|M15|high@1952.20
1695194270565602377,1695198148355439579,-1,1,1949.0,1950.7,1950.65,1945.6999999999998,sl,-1.85,-185.0,L-Rev|M15|low@1949.00
1695193615331254393,1695203567281764293,-1,1,1950.4,1951.8,1951.75,1947.7000000000003,sl,-1.55,-155.0,L-Rev|M15|low@1950.40
1695217382479513185,1695222130923504727,1,1,1959.0,1965.8999999999999,1955.5500000000002,1965.8999999999999,tp,6.75,675.0,L-Rev|M15|high@1958.90
1695240681148886613,1695247200071467790,-1,1,1951.7,1946.0,1954.55,1946.0,tp,5.55,555.0,L-Rev|M15|low@1951.70
1695338302377864782,1695338317437427513,-1,1,1939.6,1940.4,1940.3500000000001,1938.0999999999995,sl,-0.95,-95.0,L-Rev|M15|low@1939.60
1695363262193106967,1695363402637773024,1,1,1945.0,1943.8,1943.875,1947.25,sl,-1.35,-135.0,L-Rev|M15|high@1944.90
1695393574376892340,1695393677591450792,1,1,1948.9,1946.9,1946.95,1952.8000000000002,sl,-2.15,-215.0,L-Rev|M15|high@1948.80
1695625712253875492,1695626445695460676,1,1,1946.2,1945.2,1945.2250000000001,1948.15,sl,-1.15,-115.0,L-Rev|M15|high@1946.10
1695651547941843521,1695651930095812475,-1,1,1940.1,1935.3000000000002,1942.4999999999998,1935.3000000000002,tp,4.65,465.0,L-Rev|M15|low@1940.10
1695708037649443876,1695710903307310334,-1,1,1931.7,1929.6,1932.75,1929.6,tp,1.95,195.0,L-Rev|M15|low@1931.70
1695715476586079478,1695717763862040665,1,1,1933.8,1932.6,1932.6,1936.1999999999998,sl,-1.35,-135.0,L-Rev|M15|high@1933.70
1695731849350423314,1695735125914634713,-1,1,1928.3,1923.35,1930.7749999999999,1923.35,tp,4.8,480.0,L-Rev|M15|low@1928.30
1695751888717398185,1695765600072172040,-1,1,1918.7,1913.2999999999997,1921.4,1913.2999999999997,tp,5.25,525.0,L-Rev|M15|low@1918.70
1695787601382012957,1695789048472316229,-1,1,1917.2,1915.15,1918.225,1915.15,tp,1.9,190.0,L-Rev|H1|low@1917.20
1695787601382012957,1695792213207636433,-1,1,1917.2,1913.45,1919.075,1913.45,tp,3.6,360.0,L-Rev|M15|low@1917.20
1695863917863745347,1695880721934037089,-1,1,1892.8,1894.3,1894.2999999999997,1889.8000000000002,sl,-1.65,-165.0,L-Rev|M15|low@1892.80
1695889909071092017,1695894199556559355,-1,1,1890.7,1893.0,1892.875,1886.35,sl,-2.45,-245.0,L-Rev|M15|low@1890.70
1695902917599103156,1695904200816536317,1,1,1894.4,1892.3,1892.675,1897.8500000000004,sl,-2.25,-225.0,L-Rev|M15|high@1894.30
1695904457673651662,1695904722153486251,1,1,1896.5,1894.1,1894.15,1900.9,sl,-2.55,-255.0,L-Rev|M15|high@1896.30
1695904280264620120,1695904761911988070,1,1,1895.4,1893.6,1893.6,1899.0,sl,-1.95,-195.0,L-Rev|M15|high@1895.30
1695904280264620120,1695904902759312808,1,1,1895.4,1893.1,1893.125,1899.6500000000003,sl,-2.45,-245.0,L-Rev|M15|high@1895.20
1695905137908119191,1695906235444112898,-1,1,1890.3,1891.7,1891.65,1887.6,sl,-1.55,-155.0,L-Rev|H1|low@1890.30
1695905133176328423,1695906250704746010,-1,1,1890.7,1892.4,1892.275,1887.5499999999997,sl,-1.85,-185.0,L-Rev|M15|low@1890.70
1695905137327229307,1695906250704746010,-1,1,1890.5,1892.4,1892.15,1887.1999999999998,sl,-2.05,-205.0,L-Rev|M15|low@1890.50
1695905137908119191,1695906325372062184,-1,1,1890.3,1892.9,1892.85,1885.1999999999998,sl,-2.75,-275.0,L-Rev|M15|low@1890.30
1695956944459381990,1695962625392426058,-1,1,1880.8,1882.5,1882.4500000000003,1877.4999999999995,sl,-1.85,-185.0,L-Rev|M15|low@1880.80
1695966933947005891,1695971316974133662,1,1,1884.4,1887.85,1882.675,1887.85,tp,3.3,330.0,L-Rev|M15|high@1884.30
1695966875256446149,1695972739737159612,1,1,1884.2,1888.25,1882.175,1888.25,tp,3.9,390.0,L-Rev|M15|high@1884.10
1695991902538952066,1695992030505473055,1,1,1890.8,1889.0,1889.0,1894.4,sl,-1.95,-195.0,L-Rev|M15|high@1890.70
1695968336875856845,1695992439459824907,1,1,1885.8,1891.1,1883.15,1891.1,tp,5.15,515.0,L-Rev|H1|high@1896.80
1695996332638988990,1695997124134773051,-1,1,1883.9,1877.0000000000002,1887.35,1877.0000000000002,tp,6.75,675.0,L-Rev|M15|low@1883.90
1695996566474705712,1695997476720702010,-1,1,1877.8,1876.45,1881.1749999999997,1876.45,tp,1.2,120.0,L-Rev|M15|low@1879.60
1695996566474705712,1695997476720702010,-1,1,1877.8,1876.4499999999998,1881.175,1876.4499999999998,tp,1.2,120.0,L-Rev|H1|low@1879.60
1695999828786697238,1696001341033929885,-1,1,1874.3,1871.35,1876.075,1871.35,tp,2.8,280.0,L-Rev|H1|low@1874.50
1695999828786697238,1696008547892230995,-1,1,1874.3,1866.25,1878.625,1866.25,tp,7.9,790.0,L-Rev|M15|low@1874.50
1696255975580695175,1696260105549547437,-1,1,1846.6,1849.7,1849.6749999999997,1840.45,sl,-3.25,-325.0,L-Rev|M15|low@1846.60
1696335545157821681,1696335838161704528,1,1,1845.1,1842.1,1842.1500000000003,1850.7000000000003,sl,-3.15,-315.0,L-Rev|M15|high@1844.90
1696339685720640471,1696340424093493058,-1,1,1839.3,1842.9,1842.85,1832.5000000000002,sl,-3.75,-375.0,L-Rev|M15|low@1839.40
1696400167624904496,1696405311745228054,-1,1,1833.7,1836.2,1836.175,1828.75,sl,-2.65,-265.0,L-Rev|M15|low@1833.70
1696399686721028349,1696405327118220285,-1,1,1834.5,1836.7,1836.6750000000002,1830.1499999999999,sl,-2.35,-235.0,L-Rev|M15|low@1834.50
1696409757617605722,1696421708019368453,1,1,1839.0,1844.8500000000001,1836.0749999999998,1844.8500000000001,tp,5.7,570.0,L-Rev|M15|high@1838.90
1696427222139799871,1696432800709813066,-1,1,1836.3,1840.6,1840.5749999999998,1827.7500000000002,sl,-4.45,-445.0,L-Rev|M15|low@1836.30
1696444833175445468,1696446608028809959,-1,1,1831.6,1834.0,1833.925,1826.9499999999998,sl,-2.55,-255.0,L-Rev|H1|low@1831.60
1696444833175445468,1696446980322319200,-1,1,1831.6,1834.1,1834.075,1826.6499999999996,sl,-2.65,-265.0,L-Rev|M15|low@1831.60
1696444452184517304,1696448205824872318,-1,1,1832.1,1837.3,1837.275,1821.7499999999998,sl,-5.35,-535.0,L-Rev|M15|low@1832.10
1696456800110998247,1696467732641335611,1,1,1837.3,1840.55,1831.925,1840.55,tp,3.1,310.0,L-Rev|H1|high@1846.80
1696467351056183161,1696470991151722016,1,1,1839.2,1842.1999999999998,1837.7000000000003,1842.1999999999998,tp,2.85,285.0,L-Rev|M15|high@1839.10
1696488789755520017,1696509486996242670,-1,1,1836.2,1830.9500000000003,1838.8249999999998,1830.9500000000003,tp,5.1,510.0,L-Rev|M15|low@1836.20
1696559220214523005,1696569850663512462,1,1,1837.3,1835.5,1835.575,1840.75,sl,-1.95,-195.0,L-Rev|M15|high@1837.20
1696573549638075974,1696578973570268812,-1,1,1833.3,1834.6,1834.575,1830.75,sl,-1.45,-145.0,L-Rev|M15|low@1833.30
1696587263039235161,1696589026262123449,1,1,1838.6,1837.0,1837.0750000000003,1841.3500000000004,sl,-1.75,-175.0,L-Rev|M15|high@1838.40
1696595412676956223,1696597062662118216,-1,1,1826.2,1828.4,1828.375,1821.85,sl,-2.35,-235.0,L-Rev|H1|low@1826.20
1696595412676956223,1696597691941012133,-1,1,1826.2,1831.7,1831.6000000000004,1815.3999999999996,sl,-5.65,-565.0,L-Rev|M15|low@1826.20
1696599110768560966,1696599177898578849,1,1,1839.5,1837.5,1837.5500000000002,1843.3999999999999,sl,-2.15,-215.0,L-Rev|M15|high@1838.80
1696602418671496094,1696602456059017735,1,1,1843.7,1842.0,1842.025,1846.75,sl,-1.85,-185.0,L-Rev|M15|high@1843.50
1696602418671496094,1696602460181957865,1,1,1843.7,1841.8,1841.9750000000001,1846.8500000000001,sl,-2.05,-205.0,L-Rev|H1|high@1843.50
1696825467160081589,1696826651863027047,1,1,1867.2,1864.0,1864.0499999999997,1873.5,sl,-3.35,-335.0,L-Rev|M15|high@1867.10
1696855029832579310,1696861500040226197,-1,1,1860.3,1864.3,1864.2749999999999,1852.35,sl,-4.15,-415.0,L-Rev|M15|low@1860.30
1696852978874191317,1696862021027962987,-1,1,1861.6,1865.1,1865.0499999999997,1854.7,sl,-3.65,-365.0,L-Rev|M15|low@1861.60
1696873374506945530,1696878989098215873,1,1,1868.4,1874.2499999999995,1865.475,1874.2499999999995,tp,5.7,570.0,L-Rev|M15|high@1868.30
1696877722516668472,1696896367713799309,1,1,1869.6,1878.45,1865.1749999999997,1878.45,tp,8.7,870.0,L-Rev|M15|high@1869.50
1696952104165376755,1696975200094090617,1,1,1873.5,1877.8500000000001,1871.3249999999998,1877.8500000000001,tp,4.2,420.0,L-Rev|M15|high@1873.40
1696982839800166452,1696990409242352625,1,1,1874.6,1873.4,1873.4500000000003,1876.6000000000004,sl,-1.35,-135.0,L-Rev|M15|high@1874.40
1697006528906140473,1697007729584062741,1,1,1875.6,1877.9000000000005,1874.3000000000002,1877.9000000000005,tp,2.15,215.0,L-Rev|M15|high@1875.40
1697006567302850781,1697007739524393262,1,1,1876.4,1878.3000000000002,1875.45,1878.3000000000002,tp,1.75,175.0,L-Rev|H1|high@1876.30
1697010045425723464,1697010966857860503,1,1,1879.2,1881.6,1877.9999999999998,1881.6,tp,2.25,225.0,L-Rev|H1|high@1879.10
1697010045429137819,1697019634861568136,1,1,1879.3,1884.85,1876.5249999999999,1884.85,tp,5.4,540.0,L-Rev|M15|high@1879.10
1697029575895817035,1697030037153255109,1,1,1888.6,1885.4,1885.4250000000002,1894.65,sl,-3.35,-335.0,L-Rev|M15|high@1888.40
1697087989334828982,1697111149461650981,1,1,1892.2,1897.1500000000003,1889.725,1897.1500000000003,tp,4.8,480.0,L-Rev|M15|high@1892.10
1697074650789798481,1697113784184747554,1,1,1891.0,1897.3000000000002,1887.85,1897.3000000000002,tp,6.15,615.0,L-Rev|M15|high@1890.90
1697114345261688151,1697118183289764129,-1,1,1891.1,1887.2,1893.0499999999997,1887.2,tp,3.75,375.0,L-Rev|M15|low@1891.10
1697118204211896185,1697118571353807711,-1,1,1886.8,1887.8,1887.7749999999996,1884.8500000000004,sl,-1.15,-115.0,L-Rev|M15|low@1886.80
1697121244272621759,1697121651769293138,-1,1,1884.3,1886.9,1886.875,1879.4500000000003,sl,-2.75,-275.0,L-Rev|M15|low@1884.40
1697040205809139966,1697122086535606358,1,1,1888.7,1883.9,1883.9750000000001,1898.15,sl,-4.95,-495.0,L-Rev|M15|high@1888.60
1697118182637629966,1697130409828423342,-1,1,1887.4,1882.4499999999998,1889.8750000000002,1882.4499999999998,tp,4.8,480.0,L-Rev|M15|low@1887.40
1697130201966087152,1697165946060266737,-1,1,1883.1,1886.1,1885.9499999999998,1877.4,sl,-3.15,-315.0,L-Rev|M15|low@1883.10
1697189182639284972,1697191294272483430,1,1,1898.7,1901.8000000000002,1896.55,1901.8000000000002,tp,2.95,295.0,L-Rev|H1|high@1898.30
1697189182639284972,1697197133312038819,1,1,1898.7,1907.3999999999999,1893.8999999999999,1907.3999999999999,tp,8.55,855.0,L-Rev|M15|high@1898.30
1697209058629891273,1697407200110488715,1,1,1932.4,1948.6,1924.3000000000002,1948.6,tp,16.05,1605.0,L-Rev|M15|high@1932.30
1697230559214993082,1697407200110488715,1,1,1944.4,1947.5499999999997,1942.8249999999998,1947.5499999999997,tp,3.0,300.0,L-Rev|M15|high@1944.30
1697435426237345614,1697435701710025437,-1,1,1930.9,1927.75,1932.4750000000001,1927.75,tp,3.0,300.0,L-Rev|M15|low@1930.90
1697418065552685500,1697436118988515634,-1,1,1933.9,1926.25,1937.7250000000001,1926.25,tp,7.5,750.0,L-Rev|M15|low@1933.90
1697502000046820784,1697503004424458289,-1,1,1930.7,1928.75,1931.675,1928.75,tp,1.8,180.0,L-Rev|M15|low@1930.70
1697503105034178298,1697526393268062897,-1,1,1927.0,1932.1,1932.1,1916.8000000000002,sl,-5.25,-525.0,L-Rev|M15|low@1927.00
1697537583438929014,1697540712221708875,1,1,1937.5,1934.7,1934.75,1941.2,sl,-2.95,-295.0,L-Rev|H1|high@1937.20
1697534587997473590,1697545080967305299,1,1,1935.8,1939.25,1934.075,1939.25,tp,3.3,330.0,L-Rev|M15|high@1935.70
1697534430381610581,1697545081720077317,1,1,1934.7,1939.3999999999999,1932.2000000000003,1939.3999999999999,tp,4.55,455.0,L-Rev|M15|high@1934.50
1697537583438929014,1697545833314797684,1,1,1937.5,1932.0,1932.2,1947.5,sl,-5.65,-565.0,L-Rev|M15|high@1937.20
1697615839604063678,1697616565884952946,1,1,1952.4,1950.0,1950.0000000000002,1957.1999999999998,sl,-2.55,-255.0,L-Rev|M15|high@1952.30
1697621564727588909,1697635717256666701,1,1,1956.0,1963.3500000000001,1952.3249999999998,1963.3500000000001,tp,7.2,720.0,L-Rev|M15|high@1955.90
1697679526719593585,1697681852029624066,-1,1,1959.4,1961.4,1961.35,1955.5000000000002,sl,-2.15,-215.0,L-Rev|M15|low@1959.40
1697729521324362924,1697731204331045151,1,1,1969.7,1966.5,1966.6,1975.6,sl,-3.35,-335.0,L-Rev|M15|high@1969.50
1697729515025771855,1697736102318010888,1,1,1969.1,1979.9500000000003,1963.5250000000003,1979.9500000000003,tp,10.7,1070.0,L-Rev|M15|high@1968.90
1697735182818304709,1697736126858942367,1,1,1975.9,1982.5500000000002,1972.575,1982.5500000000002,tp,6.5,650.0,L-Rev|H1|high@1975.80
1697735182818304709,1697752800073275976,1,1,1975.9,1992.5499999999993,1967.575,1992.5499999999993,tp,16.5,1650.0,L-Rev|M15|high@1975.80
1697804654076648894,1697805601946285513,-1,1,1985.9,1989.7,1989.65,1978.4,sl,-3.95,-395.0,L-Rev|M15|low@1985.90
1697810100158050332,1697814904052777621,1,1,1997.7,2006.0999999999997,1993.5,2006.0999999999997,tp,8.25,825.0,L-Rev|M15|high@1997.60
1698068138694154909,1698078723636486006,-1,1,1986.6,1990.7,1990.65,1978.4999999999995,sl,-4.25,-425.0,L-Rev|M15|low@1986.60
1698089517234879528,1698106991001271357,-1,1,1983.5,1986.5,1986.425,1977.65,sl,-3.15,-315.0,L-Rev|M15|low@1983.50
1698137054534112072,1698137599437697750,-1,1,1982.6,1984.0,1983.975,1979.85,sl,-1.55,-155.0,L-Rev|H1|low@1982.60
1698135181846828237,1698139135887424821,-1,1,1985.4,1979.4,1988.4,1979.4,tp,5.85,585.0,L-Rev|M15|low@1985.40
1698137054534112072,1698140347801202717,-1,1,1982.6,1976.1499999999996,1985.825,1976.1499999999996,tp,6.3,630.0,L-Rev|M15|low@1982.60
1698137181476104428,1698143010696746201,-1,1,1981.0,1975.4499999999998,1984.225,1975.4499999999998,tp,5.4,540.0,L-Rev|H1|low@1981.30
1698137181476104428,1698144483477432521,-1,1,1981.0,1972.75,1985.575,1972.75,tp,8.1,810.0,L-Rev|M15|low@1981.30
1698145242307057508,1698145490452844998,-1,1,1970.7,1964.95,1974.025,1964.95,tp,5.6,560.0,L-Rev|H1|low@1971.00
1698145242307057508,1698148030984386559,-1,1,1970.7,1974.7,1974.6000000000001,1963.7999999999997,sl,-4.15,-415.0,L-Rev|M15|low@1971.00
1698218757695668458,1698218946983840435,-1,1,1981.2,1979.5500000000002,1982.025,1979.5500000000002,tp,1.5,150.0,L-Rev|M15|low@1981.20
1698234199378688894,1698237381333996379,1,1,1987.1,1983.4,1983.55,1993.9,sl,-3.85,-385.0,L-Rev|M15|high@1986.90
1698239592131198791,1698239828344537234,1,1,1989.4,1987.6,1987.6,1992.1,sl,-1.95,-195.0,L-Rev|H1|high@1989.00
1698239477791346658,1698241726367067608,1,1,1988.1,1992.8000000000002,1985.6000000000001,1992.8000000000002,tp,4.55,455.0,L-Rev|M15|high@1987.90
1698239592131198791,1698241864527571871,1,1,1989.4,1994.4999999999998,1986.4,1994.4999999999998,tp,4.95,495.0,L-Rev|M15|high@1989.00
1698241698757545993,1698241876944213510,1,1,1992.1,1995.6999999999998,1990.3,1995.6999999999998,tp,3.45,345.0,L-Rev|H1|high@1992.00
1698241698760968710,1698242862952590983,1,1,1992.2,1988.4,1988.4250000000002,1999.4499999999998,sl,-3.95,-395.0,L-Rev|M15|high@1992.00
1698246232616520896,1698246245169840428,-1,1,1980.2,1974.6500000000003,1982.975,1974.6500000000003,tp,5.4,540.0,L-Rev|M15|low@1980.20
1698246234414581382,1698246343847067936,-1,1,1978.6,1982.8,1982.8,1972.0,sl,-4.35,-435.0,L-Rev|M15|low@1979.20
1698320223556502655,1698324415300011970,-1,1,1994.1,1987.9499999999998,1997.175,1987.9499999999998,tp,6.0,600.0,L-Rev|M15|low@1994.10
1698403806756942997,1698409297420649156,-1,1,1992.8,1995.2,1995.125,1988.1499999999996,sl,-2.55,-255.0,L-Rev|M15|low@1992.80
1698427965391869946,1698428393151710929,1,1,1999.9,2003.5499999999997,1998.0749999999998,2003.5499999999997,tp,3.5,350.0,L-Rev|H1|high@1999.80
1698427965391869946,1698429424913034402,1,1,1999.9,2006.6499999999996,1996.525,2006.6499999999996,tp,6.6,660.0,L-Rev|M15|high@1999.80
1698427100922706036,1698430296026899661,1,1,1996.3,2012.05,1988.425,2012.05,tp,15.6,1560.0,L-Rev|M15|high@1996.20
1698669026947718823,1698669715442998059,1,1,2007.2,2004.7,2004.7000000000003,2011.8999999999999,sl,-2.65,-265.0,L-Rev|M15|high@2007.00
1698676815843287178,1698677064047124583,-1,1,2001.8,2006.2,2006.2,1993.6,sl,-4.55,-455.0,L-Rev|M15|low@2002.00
1698706887645369510,1698714494676035261,-1,1,2004.4,2005.9,2005.9,2001.4,sl,-1.65,-165.0,L-Rev|M15|low@2004.40
1698724650313639071,1698735747987602833,-1,1,2001.5,2004.9,2004.8000000000002,1994.8999999999999,sl,-3.55,-355.0,L-Rev|M15|low@2001.50
1698720834378763907,1698735932675822956,-1,1,2003.5,2005.7,2005.625,1999.5499999999995,sl,-2.35,-235.0,L-Rev|M15|low@2003.60
1698738388763781670,1698739506202999251,1,1,2006.6,2004.3,2004.35,2011.1,sl,-2.45,-245.0,L-Rev|M15|high@2006.50
1698754826958574907,1698755401130268922,1,1,2010.7,2007.6,2008.0500000000002,2015.6999999999998,sl,-3.25,-325.0,L-Rev|M15|high@2010.50
1698760533898019304,1698760845198316813,1,1,2012.5,2010.3,2010.3,2016.9,sl,-2.35,-235.0,L-Rev|H1|high@2012.40
1698760533898019304,1698764627038427481,1,1,2012.5,2006.3,2006.4999999999998,2024.5000000000005,sl,-6.35,-635.0,L-Rev|M15|high@2012.40
1698828499885896190,1698840911052009443,1,1,1989.7,1994.8500000000001,1986.9750000000001,1994.8500000000001,tp,5.0,500.0,L-Rev|M15|high@1989.50
1698840911052009443,1698840959220585566,1,1,1996.4,1993.0,1993.0249999999999,1998.6499999999999,sl,-3.55,-355.0,L-Rev|M15|high@1994.80
1698856637240364148,1698856686487274128,-1,1,1983.6,1985.3,1985.275,1980.5500000000002,sl,-1.85,-185.0,L-Rev|H1|low@1983.70
1698856637240364148,1698857471584884985,-1,1,1983.6,1986.5,1986.475,1978.1500000000003,sl,-3.05,-305.0,L-Rev|M15|low@1983.70
1698856619626795090,1698858289673195462,-1,1,1985.0,1988.1,1988.0000000000002,1978.9999999999995,sl,-3.25,-325.0,L-Rev|M15|low@1985.00
1698914721023679440,1698915413184429527,1,1,1996.1,1994.1,1994.15,1999.9999999999998,sl,-2.15,-215.0,L-Rev|M15|high@1996.00
1698914163797690678,1698923613975976102,1,1,1994.6,1998.1000000000004,1992.7000000000003,1998.1000000000004,tp,3.35,335.0,L-Rev|M15|high@1994.40
1698931950278239353,1698931997007406179,-1,1,1991.1,1992.8,1992.7499999999998,1987.8000000000002,sl,-1.85,-185.0,L-Rev|M15|low@1991.10
1698931929783065829,1698932098933384927,-1,1,1991.4,1994.5,1994.475,1985.2500000000002,sl,-3.25,-325.0,L-Rev|M15|low@1991.40
1698974338079808455,1698977734785791954,-1,1,1991.4,1992.9,1992.9,1988.4,sl,-1.65,-165.0,L-Rev|M15|low@1991.40
1698978772191507205,1698983586366997824,1,1,1994.2,1993.1,1993.1499999999996,1996.3000000000002,sl,-1.25,-125.0,L-Rev|M15|high@1994.10
1698872204503148754,1699014640505489431,1,1,1991.4,2002.35,1985.925,2002.35,tp,10.8,1080.0,L-Rev|M15|high@1991.30
1699225200174355759,1699225200175890074,1,1,1999.6,1999.0,1992.1000000000001,1999.0,tp,-0.75,-75.0,L-Rev|H1|high@2011.90
1699242192404269899,1699242529498476334,-1,1,1989.3,1991.6,1991.6,1984.7,sl,-2.45,-245.0,L-Rev|H1|low@1989.30
1699277456995611426,1699277919011826402,1,1,1995.6,1993.6,1993.6250000000002,1999.2500000000002,sl,-2.15,-215.0,L-Rev|M15|high@1995.40
1699239238691694283,1699286378909369554,-1,1,1994.2,1987.9,1997.3500000000001,1987.9,tp,6.15,615.0,L-Rev|M15|low@1994.20
1699286222123125844,1699286589535538640,-1,1,1988.8,1990.1,1990.025,1986.35,sl,-1.45,-145.0,L-Rev|H1|low@1988.80
1699286222123125844,1699289878421954044,-1,1,1988.8,1991.0,1990.975,1984.4500000000003,sl,-2.35,-235.0,L-Rev|M15|low@1988.80
1699284903509618345,1699311600122044480,-1,1,1990.0,1982.0499999999997,1993.9750000000001,1982.0499999999997,tp,7.8,780.0,L-Rev|M15|low@1990.00
1699286222111000788,1699311600122044480,-1,1,1989.0,1983.2999999999997,1991.8500000000001,1983.2999999999997,tp,5.55,555.0,L-Rev|M15|low@1989.00
1699297759727319142,1699311600122044480,-1,1,1986.7,1982.2,1988.95,1982.2,tp,4.35,435.0,L-Rev|M15|low@1986.70
1699357059926661679,1699361296694986820,-1,1,1970.6,1964.5999999999995,1973.6000000000001,1964.5999999999995,tp,5.85,585.0,L-Rev|M15|low@1970.60
1699409894766893993,1699411125193440712,1,1,1976.5,1975.1,1975.15,1979.1999999999998,sl,-1.55,-155.0,L-Rev|M15|high@1976.40
1699438804991976705,1699443015557437281,-1,1,1968.2,1970.8,1970.75,1963.1000000000004,sl,-2.75,-275.0,L-Rev|M15|low@1968.20
1699455109988820689,1699457906038644306,-1,1,1965.8,1960.6999999999998,1968.35,1960.6999999999998,tp,4.95,495.0,L-Rev|M15|low@1965.80
1699457026687505747,1699458063612031611,-1,1,1962.5,1958.1,1965.15,1958.1,tp,4.25,425.0,L-Rev|H1|low@1962.80
1699457026687505747,1699484400075585776,-1,1,1962.5,1951.85,1968.2749999999999,1951.85,tp,10.5,1050.0,L-Rev|M15|low@1962.80
1699468304704118672,1699484400075585776,-1,1,1956.8,1946.4499999999998,1961.975,1946.4499999999998,tp,10.2,1020.0,L-Rev|M15|low@1956.80
1699501068992486857,1699502327178221983,-1,1,1953.2,1954.5,1954.4750000000001,1950.65,sl,-1.45,-145.0,L-Rev|M15|low@1953.20
1699498165091425501,1699517972007092310,-1,1,1954.2,1949.5500000000002,1956.525,1949.5500000000002,tp,4.5,450.0,L-Rev|M15|low@1954.20
1699517510740911661,1699517972007092310,-1,1,1952.8,1949.5,1954.45,1949.5,tp,3.15,315.0,L-Rev|M15|low@1952.80
1699538137126367402,1699540931200571416,1,1,1956.1,1961.6999999999994,1952.7,1961.6999999999994,tp,5.45,545.0,L-Rev|M15|high@1955.60
1699540857917772852,1699542741829994038,1,1,1960.3,1965.0,1957.35,1965.0,tp,4.55,455.0,L-Rev|M15|high@1959.80
1699554390100004864,1699556486363592079,1,1,1970.5,1965.9,1966.0749999999998,1979.3500000000001,sl,-4.75,-475.0,L-Rev|M15|high@1970.40
1699582819581999350,1699585893173266113,-1,1,1961.4,1963.4,1963.35,1957.5000000000002,sl,-2.15,-215.0,L-Rev|M15|low@1961.40
1699609094310820100,1699615761886623283,-1,1,1958.1,1952.8499999999995,1960.7250000000001,1952.8499999999995,tp,5.1,510.0,L-Rev|M15|low@1958.10
1699620199062100429,1699620621654931517,-1,1,1947.8,1951.0,1950.95,1943.0,sl,-3.35,-335.0,L-Rev|H1|low@1948.30
1699620199062100429,1699620622781024108,-1,1,1947.8,1951.2,1951.0749999999998,1942.7500000000002,sl,-3.55,-355.0,L-Rev|M15|low@1948.30
1699620139637648987,1699640942679593569,-1,1,1949.8,1938.5499999999997,1955.4250000000002,1938.5499999999997,tp,11.1,1110.0,L-Rev|M15|low@1949.80
1699880743063578239,1699880817431427819,-1,1,1938.1,1939.6,1939.4499999999998,1935.4,sl,-1.65,-165.0,L-Rev|M15|low@1938.10
1699880102944057060,1699882362009476578,-1,1,1939.6,1941.9,1941.85,1935.1,sl,-2.45,-245.0,L-Rev|M15|low@1939.60
1699892300231703207,1699896239148188222,1,1,1945.4,1951.6999999999998,1942.2499999999998,1951.6999999999998,tp,6.15,615.0,L-Rev|M15|high@1945.30
1700017373215789661,1700021638194846579,1,1,1968.8,1970.7499999999995,1967.8250000000003,1970.7499999999995,tp,1.8,180.0,L-Rev|M15|high@1968.60
1700036571974480597,1700040446336435601,1,1,1975.4,1973.7,1973.775,1978.65,sl,-1.85,-185.0,L-Rev|H1|high@1975.30
1700055002753111892,1700055064638873111,1,1,1977.9,1975.6,1975.6499999999999,1982.3999999999999,sl,-2.45,-245.0,L-Rev|M15|high@1977.80
1700036571974480597,1700055427076657046,1,1,1975.4,1969.9,1969.925,1986.35,sl,-5.65,-565.0,L-Rev|M15|high@1975.30
1700059275518523234,1700059382440856779,-1,1,1965.0,1966.3,1966.3,1962.4,sl,-1.45,-145.0,L-Rev|H1|low@1965.00
1700059275518523234,1700059942517991787,-1,1,1965.0,1960.7999999999997,1967.1000000000001,1960.7999999999997,tp,4.05,405.0,L-Rev|M15|low@1965.00
1700081582638896643,1700082447712791188,-1,1,1962.6,1964.2,1964.175,1959.4499999999998,sl,-1.75,-175.0,L-Rev|M15|low@1962.60
1700141413873642947,1700141649426176734,1,1,1971.3,1975.5,1969.2,1975.5,tp,4.05,405.0,L-Rev|M15|high@1971.20
1700145763014441522,1700151066629450286,1,1,1979.4,1990.5500000000002,1973.6750000000002,1990.5500000000002,tp,11.0,1100.0,L-Rev|M15|high@1979.20
1700193671569023430,1700195023041943985,1,1,1989.6,1987.0,1987.1999999999998,1994.4,sl,-2.75,-275.0,L-Rev|M15|high@1989.50
1700207853254671371,1700208188137292516,1,1,1989.7,1988.2,1988.2,1992.7,sl,-1.65,-165.0,L-Rev|M15|high@1989.60
1700210071435117269,1700210233279389660,1,1,1991.2,1989.8,1989.8999999999999,1993.7999999999997,sl,-1.55,-155.0,L-Rev|H1|high@1991.10
1700232545612550039,1700232678265938171,-1,1,1983.6,1984.8,1984.725,1981.35,sl,-1.35,-135.0,L-Rev|M15|low@1983.60
1700231805828705906,1700237530559864017,-1,1,1985.0,1988.0,1987.925,1979.15,sl,-3.15,-315.0,L-Rev|M15|low@1985.00
1700240850090372139,1700434800136037516,-1,1,1981.8,1973.55,1985.925,1973.55,tp,8.1,810.0,L-Rev|M15|low@1981.80
1700523588918516725,1700527930781965746,1,1,1982.7,1988.1,1979.9999999999998,1988.1,tp,5.25,525.0,L-Rev|M15|high@1982.60
1700556320336896065,1700559135112541255,-1,1,1991.3,1986.5,1993.7,1986.5,tp,4.65,465.0,L-Rev|M15|low@1991.30
1700572824227523633,1700573427818568359,1,1,1996.7,1999.65,1994.625,1999.65,tp,2.8,280.0,L-Rev|H1|high@1996.20
1700572824227523633,1700573429486213965,1,1,1996.7,2001.5500000000002,1993.6750000000002,2001.5500000000002,tp,4.7,470.0,L-Rev|M15|high@1996.20
1700572824227523633,1700577055458018987,1,1,1996.7,2004.8,1992.35,2004.8,tp,7.95,795.0,L-Rev|H4|high@1996.40
1700659814551269858,1700663769169558409,-1,1,2000.7,2003.1,2003.025,1996.0500000000002,sl,-2.55,-255.0,L-Rev|M15|low@2000.70
1700665777061946455,1700666628217914588,-1,1,1996.4,1993.75,1999.0749999999998,1993.75,tp,2.5,250.0,L-Rev|H1|low@1997.30
1700665777061946455,1700666628225414493,-1,1,1996.4,1993.4,1999.25,1993.4,tp,2.85,285.0,L-Rev|M15|low@1997.30
1700755546593586730,1700756837954863908,-1,1,1991.2,1992.4,1992.4,1988.7999999999997,sl,-1.35,-135.0,L-Rev|M15|low@1991.20
1700755456646128989,1700781061085820246,-1,1,1992.5,1994.6,1994.525,1988.4499999999998,sl,-2.25,-225.0,L-Rev|M15|low@1992.50
1700832906266500314,1700833024547927748,1,1,1999.6,2002.6999999999998,1998.05,2002.6999999999998,tp,2.95,295.0,L-Rev|H1|high@1999.50
1700832906352623211,1700838204916468630,1,1,1999.7,2004.2500000000005,1997.275,2004.2500000000005,tp,4.4,440.0,L-Rev|M15|high@1999.50
1700832906352623211,1701039600137152796,1,1,1999.7,2005.0000000000005,1996.9,2005.0000000000005,tp,5.15,515.0,L-Rev|M15|high@1999.40
1701091810823095744,1701092417430811477,1,1,2016.2,2013.4,2013.65,2021.2999999999993,sl,-2.95,-295.0,L-Rev|M15|high@2016.10
1701097584778356782,1701097968970929572,-1,1,2009.4,2011.9,2011.8000000000002,2004.5999999999997,sl,-2.65,-265.0,L-Rev|M15|low@2009.40
1701177328627826128,1701177766216035286,-1,1,2011.4,2015.1,2015.0500000000002,2006.4999999999998,sl,-3.85,-385.0,L-Rev|M15|low@2012.20
1701157481488582545,1701178384874789294,-1,1,2013.8,2017.3,2017.25,2006.8999999999996,sl,-3.65,-365.0,L-Rev|M15|low@2013.80
1701178384855910895,1701178953687656439,1,1,2017.2,2021.6000000000001,2014.8500000000001,2021.6000000000001,tp,4.25,425.0,L-Rev|M15|high@2017.00
1701242234870441465,1701250304212209013,-1,1,2043.9,2039.6999999999998,2046.0000000000002,2039.6999999999998,tp,4.05,405.0,L-Rev|M15|low@2043.90
1701313300321636123,1701315206397339813,1,1,2067.1,2064.8,2064.85,2071.6,sl,-2.45,-245.0,L-Rev|M15|high@2067.00
1701390067052848295,1701402533050313216,1,1,2061.5,2058.5,2058.5750000000003,2067.3499999999995,sl,-3.15,-315.0,L-Rev|M15|high@2061.40
1701420598165506623,1701423004762765270,1,1,2063.2,2067.55,2061.0249999999996,2067.55,tp,4.2,420.0,L-Rev|M15|high@2063.10
1701430559105269306,1701442063728750855,-1,1,2058.6,2062.0,2061.9750000000004,2051.8499999999995,sl,-3.55,-355.0,L-Rev|M15|low@2058.60
1701444139093236157,1701444324638195577,1,1,2071.8,2069.2,2069.2,2074.3,sl,-2.75,-275.0,L-Rev|H1|high@2070.80
1701444143131328636,1701444339359741224,1,1,2073.0,2068.6,2068.625,2081.4499999999994,sl,-4.55,-455.0,L-Rev|H4|high@2072.70
1701444111970768768,1701444659100485822,1,1,2069.8,2066.5,2066.575,2076.249999999999,sl,-3.45,-345.0,L-Rev|M15|high@2069.70
1701672345870237993,1701672946651529370,-1,1,2101.5,2093.249999999999,2105.6250000000005,2093.249999999999,tp,8.1,810.0,L-Rev|M15|low@2101.50
1701697831195040092,1701699661539378501,-1,1,2077.4,2063.75,2084.225,2063.75,tp,13.5,1350.0,L-Rev|M15|low@2077.40
1701703560858620986,1701704225130209069,-1,1,2050.0,2040.2499999999998,2056.6749999999997,2040.2499999999998,tp,9.6,960.0,L-Rev|H4|low@2051.20
1701734129361035290,1701736071923587856,1,1,2051.1,2056.0499999999993,2048.625,2056.0499999999993,tp,4.8,480.0,L-Rev|M15|high@2051.00
1701764705604770112,1701765654836734781,1,1,2056.7,2053.6,2053.7,2062.7,sl,-3.25,-325.0,L-Rev|M15|high@2056.60
1701767551764293293,1701771979426864623,-1,1,2048.3,2042.3000000000002,2051.3,2042.3000000000002,tp,5.85,585.0,L-Rev|M15|low@2048.30
1701787545456870126,1701788401246995134,-1,1,2037.2,2042.2,2041.775,2031.65,sl,-5.15,-515.0,L-Rev|H1|low@2038.40
1701787539302836501,1701788418110967098,-1,1,2038.5,2044.0,2043.95,2030.8999999999996,sl,-5.65,-565.0,L-Rev|M15|low@2039.60
1701806730028311597,1701819275512677154,1,1,2038.9,2035.6,2035.6000000000001,2045.5,sl,-3.45,-345.0,L-Rev|M15|high@2038.80
1701822126856310320,1701822607727189242,1,1,2039.5,2037.7,2037.8500000000001,2042.7999999999997,sl,-1.95,-195.0,L-Rev|M15|high@2039.40
1701834795403496237,1701838136507009834,1,1,2041.0,2037.9,2037.9999999999998,2047.0000000000005,sl,-3.25,-325.0,L-Rev|M15|high@2040.80
1701787545456870126,1701848449655166818,-1,1,2037.2,2047.7,2047.625,2019.9500000000003,sl,-10.65,-1065.0,L-Rev|M15|low@2038.40
1701848623005540625,1701852954847582008,1,1,2049.1,2042.5,2042.5,2062.2999999999997,sl,-6.75,-675.0,L-Rev|M15|high@2049.00
1701932582753255089,1701932680986936230,1,1,2047.2,2045.2,2045.25,2051.1000000000004,sl,-2.15,-215.0,L-Rev|M15|high@2047.10
1701937520555952263,1701948788305400421,1,1,2049.1,2047.0,2047.0749999999998,2053.15,sl,-2.25,-225.0,L-Rev|M15|high@2049.00
1701956147792041529,1701958479812160060,1,1,2052.8,2049.7,2049.7500000000005,2057.3999999999996,sl,-3.25,-325.0,L-Rev|M15|high@2052.20
1701938258285381896,1701960332291085246,1,1,2051.2,2041.5,2044.8750000000002,2063.5500000000006,sl,-9.85,-985.0,L-Rev|M15|high@2051.00
1701960278077250887,1701968646383394668,-1,1,2046.3,2039.8499999999997,2049.525,2039.8499999999997,tp,6.3,630.0,L-Rev|M15|low@2046.30
1701968943761976832,1701969785843481573,-1,1,2037.4,2040.3,2040.3,2032.1999999999998,sl,-3.05,-305.0,L-Rev|M15|low@2037.60
1701968635245299809,1701971217451027883,-1,1,2040.3,2046.0,2045.9250000000002,2029.0499999999997,sl,-5.85,-585.0,L-Rev|M15|low@2040.30
1701968581037874542,1701971219160067281,-1,1,2041.5,2046.3,2046.225,2032.0500000000002,sl,-4.95,-495.0,L-Rev|M15|low@2041.50
1702025635497561132,1702030072389951197,-1,1,2043.5,2047.2,2047.175,2036.15,sl,-3.85,-385.0,L-Rev|M15|low@2043.50
1702302601628334200,1702303148202048229,-1,1,2007.0,2009.6,2009.5500000000002,2001.8999999999999,sl,-2.75,-275.0,L-Rev|M15|low@2007.00
1702302696572404799,1702309009690242015,-1,1,2006.2,1996.9000000000003,2010.85,1996.9000000000003,tp,9.15,915.0,L-Rev|M15|low@2006.20
1702383103777076876,1702387803951541763,1,1,2004.2,2001.6,2001.875,2008.8499999999997,sl,-2.75,-275.0,L-Rev|M15|high@2004.10
1702388771612092752,1702388871132958937,-1,1,1997.8,2000.4,2000.35,1992.6999999999998,sl,-2.75,-275.0,L-Rev|M15|low@1997.80
1702391565725850763,1702392641035526198,-1,1,1997.0,1999.1,1999.1,1992.8000000000002,sl,-2.25,-225.0,L-Rev|M15|low@1997.00
1702474305666829494,1702475018683152455,1,1,2001.5,1998.9,1998.975,2005.35,sl,-2.75,-275.0,L-Rev|H1|high@2012.50
1702474202063303687,1702475191796135348,1,1,1998.9,1996.9,1997.1000000000001,2002.5,sl,-2.15,-215.0,L-Rev|M15|high@1998.80
1702494001168959014,1702494186316980543,1,1,2002.0,2011.6000000000004,1997.1999999999998,2011.6000000000004,tp,9.45,945.0,L-Rev|M15|high@2001.90
1702539386857119890,1702540271318889482,-1,1,2044.6,2047.7,2047.6749999999997,2038.45,sl,-3.25,-325.0,L-Rev|M15|low@2044.60
1702562738057365042,1702563427525259855,1,1,2055.4,2051.2,2051.2000000000003,2063.8,sl,-4.35,-435.0,L-Rev|M15|high@2055.20
1702625250332142236,1702630922054920371,1,1,2051.9,2055.999999999999,2049.7,2055.999999999999,tp,3.95,395.0,L-Rev|M15|high@2051.70
1702626424648026242,1702647391529160063,1,1,2053.2,2049.7,2049.9749999999995,2059.65,sl,-3.65,-365.0,L-Rev|M15|high@2053.10
1702647411521432431,1702647716646586833,-1,1,2048.6,2044.1,2050.85,2044.1,tp,4.35,435.0,L-Rev|M15|low@2048.60
1702647746032687663,1702648154397685362,-1,1,2041.7,2045.2,2045.05,2035.9,sl,-3.65,-365.0,L-Rev|H1|low@2042.00
1702647716716702721,1702648263388597526,-1,1,2043.4,2046.9,2046.8000000000002,2036.8999999999999,sl,-3.65,-365.0,L-Rev|M15|low@2043.50
1702647556003435581,1702649215580947084,-1,1,2045.4,2048.3,2048.2000000000003,2040.1,sl,-3.05,-305.0,L-Rev|M15|low@2045.50
1702647746032687663,1702649302496228145,-1,1,2041.7,2049.0,2048.975,2028.0500000000004,sl,-7.45,-745.0,L-Rev|M15|low@2042.00
1702664372910341210,1702854000106974368,-1,1,2041.0,2027.3500000000001,2047.8249999999998,2027.3500000000001,tp,13.5,1350.0,L-Rev|M15|low@2041.00
1702877461510426052,1702879283206904135,1,1,2037.9,2036.4,2036.475,2040.75,sl,-1.65,-165.0,L-Rev|M15|high@2037.80
1702889289042591626,1702893385539413643,1,1,2038.9,2036.4,2036.5,2043.6999999999996,sl,-2.65,-265.0,L-Rev|M15|high@2038.80
1702869730747014002,1702895983333919628,1,1,2037.8,2034.2,2034.2,2045.0,sl,-3.75,-375.0,L-Rev|M15|high@2037.70
1702921706811181422,1702952409597248690,1,1,2041.6,2037.2,2037.25,2050.2999999999993,sl,-4.55,-455.0,L-Rev|M15|high@2041.50
1702951566410999926,1702959352129637459,-1,1,2039.3,2035.1,2041.3999999999999,2035.1,tp,4.05,405.0,L-Rev|M15|low@2039.30
1702988344109130312,1702989059088036299,1,1,2043.2,2040.8,2040.8,2048.0,sl,-2.55,-255.0,L-Rev|M15|high@2043.10
1702996638912854748,1702996975621052771,1,1,2048.3,2050.55,2046.8750000000005,2050.55,tp,2.1,210.0,L-Rev|H1|high@2048.00
1702996638912854748,1702997291798560013,1,1,2048.3,2054.1,2045.1,2054.1,tp,5.65,565.0,L-Rev|M15|high@2048.00
1703037643424403671,1703039652298240289,-1,1,2050.4,2052.0,2051.9000000000005,2047.3999999999994,sl,-1.75,-175.0,L-Rev|M15|low@2050.40
1703068123960629333,1703071328439614343,-1,1,2049.7,2045.8000000000006,2051.6499999999996,2045.8000000000006,tp,3.75,375.0,L-Rev|M15|low@2049.70
1703079557457316597,1703080032007479140,-1,1,2044.7,2048.0,2048.0,2038.1000000000004,sl,-3.45,-345.0,L-Rev|M15|low@2044.70
1703106024600677392,1703124132082316639,-1,1,2042.5,2049.0,2048.95,2029.6000000000001,sl,-6.65,-665.0,L-Rev|M15|low@2042.50
1703162298264505627,1703164263442000514,1,1,2050.1,2047.9,2047.9249999999997,2054.45,sl,-2.35,-235.0,L-Rev|M15|high@2050.00
1703162316432809490,1703164349704244834,1,1,2050.5,2047.4,2047.4250000000002,2056.6499999999996,sl,-3.25,-325.0,L-Rev|M15|high@2050.40
1703165403688163476,1703165404687345639,-1,1,2044.5,2046.4,2046.2250000000001,2041.0499999999997,sl,-2.05,-205.0,L-Rev|M15|low@2044.50
1703166073189398042,1703166230897536128,1,1,2057.0,2055.0,2055.075,2060.85,sl,-2.15,-215.0,L-Rev|H1|high@2056.90
1703166073189398042,1703166237907443609,1,1,2057.0,2054.8,2054.825,2061.3500000000004,sl,-2.35,-235.0,L-Rev|M15|high@2056.90
1703165761818143442,1703202153470538007,1,1,2053.7,2065.5999999999995,2047.6000000000008,2065.5999999999995,tp,11.75,1175.0,L-Rev|M15|high@2053.50
1703227424165608634,1703230181590916620,-1,1,2058.8,2061.2,2061.125,2054.1500000000005,sl,-2.55,-255.0,L-Rev|M15|low@2058.80
1703234520033589608,1703240439593338172,1,1,2063.1,2067.45,2060.9249999999997,2067.45,tp,4.2,420.0,L-Rev|M15|high@2062.90
1703239977609583144,1703244277762075361,1,1,2066.8,2070.3999999999996,2064.9999999999995,2070.3999999999996,tp,3.45,345.0,L-Rev|H1|high@2066.70
1703239977609583144,1703244604686476573,1,1,2066.8,2074.45,2062.975,2074.45,tp,7.5,750.0,L-Rev|M15|high@2066.70
1703263484330134323,1703545200248607901,-1,1,2069.3,2055.6500000000005,2076.125,2055.6500000000005,tp,13.5,1350.0,L-Rev|M15|low@2069.30
1703581037618634124,1703588360440100386,-1,1,2072.4,2074.7,2074.65,2067.9,sl,-2.45,-245.0,L-Rev|M15|low@2072.40
1703598043926632928,1703601481717975984,-1,1,2071.8,2068.6500000000005,2073.375,2068.6500000000005,tp,3.0,300.0,L-Rev|M15|low@2071.80
1703622902752725325,1703623611360583845,1,1,2076.6,2078.75,2075.225000000001,2078.75,tp,2.0,200.0,L-Rev|H1|high@2076.30
1703622902752725325,1703669124686669933,1,1,2076.6,2080.3000000000006,2074.45,2080.3000000000006,tp,3.55,355.0,L-Rev|M15|high@2076.30
1703664547243948688,1703672602935444288,1,1,2079.5,2077.5,2077.5999999999995,2083.000000000001,sl,-2.15,-215.0,L-Rev|M15|high@2079.30
1703672950827622810,1703674440037117946,-1,1,2075.2,2076.5,2076.4749999999995,2072.65,sl,-1.45,-145.0,L-Rev|M15|low@2075.20
1703728453161055999,1703751263844055953,1,1,2096.0,2092.2,2092.2250000000004,2103.250000000001,sl,-3.95,-395.0,L-Rev|M15|high@2095.80
1703752201672339496,1703754822485548168,-1,1,2087.4,2083.05,2089.5750000000003,2083.05,tp,4.2,420.0,L-Rev|M15|low@2087.40
1703790861393894671,1703804400073096404,-1,1,2081.1,2072.55,2085.375,2072.55,tp,8.4,840.0,L-Rev|M15|low@2081.10
1703829434868563564,1703840204122198422,1,1,2081.1,2078.7,2078.775,2085.75,sl,-2.55,-255.0,L-Rev|M15|high@2081.00
1703840446146274187,1703840695134381425,-1,1,2076.9,2078.7,2078.7,2073.3000000000006,sl,-1.95,-195.0,L-Rev|M15|low@2076.90
1704166906929426959,1704188265870221137,1,1,2079.0,2086.6499999999996,2075.175,2086.6499999999996,tp,7.5,750.0,L-Rev|M15|high@2078.90
1704188098558731142,1704190808714745327,1,1,2085.8,2082.5,2082.575,2092.25,sl,-3.45,-345.0,L-Rev|M15|high@2085.70
1704195258390995141,1704201195049349024,-1,1,2080.6,2073.7,2084.0499999999997,2073.7,tp,6.75,675.0,L-Rev|M15|low@2080.60
1704206539015891776,1704206670067568315,-1,1,2071.4,2074.9,2074.85,2064.5,sl,-3.65,-365.0,L-Rev|M15|low@2071.40
1704209835006533322,1704211516681059173,-1,1,2067.0,2069.9,2069.875,2063.0499999999997,sl,-3.05,-305.0,L-Rev|H1|low@2067.60
1704260259258695479,1704260733071487090,1,1,2074.0,2072.9,2072.95,2076.100000000001,sl,-1.25,-125.0,L-Rev|M15|high@2073.90
1704273027706471208,1704275087575956368,-1,1,2066.8,2064.3999999999996,2068.0000000000005,2064.3999999999996,tp,2.25,225.0,L-Rev|M15|low@2066.80
1704360926176225785,1704370058171763435,1,1,2057.2,2050.9,2050.975,2069.6499999999996,sl,-6.45,-645.0,L-Rev|M15|high@2057.10
1704375620731775352,1704378086206699165,-1,1,2047.0,2049.4,2049.3999999999996,2042.2000000000003,sl,-2.55,-255.0,L-Rev|M15|low@2047.00
1704375000626869980,1704379780561323364,-1,1,2049.6,2043.6,2052.6,2043.6,tp,5.85,585.0,L-Rev|M15|low@2049.60
1704409200305390670,1704409200337688901,1,1,2051.4,2045.4500000000007,2040.725,2045.4500000000007,tp,-6.1,-610.0,L-Rev|M15|high@2052.40
1704431476772352395,1704433079316079732,-1,1,2049.9,2051.5,2051.4750000000004,2046.7499999999995,sl,-1.75,-175.0,L-Rev|M15|low@2049.90
1704461405722087256,1704461442231060044,-1,1,2038.0,2034.85,2040.025,2034.85,tp,3.0,300.0,L-Rev|H1|low@2038.30
1704461405722087256,1704461517680913858,-1,1,2038.0,2031.5,2041.6999999999998,2031.5,tp,6.35,635.0,L-Rev|H4|low@2038.30
1704464886031505145,1704464997298883716,1,1,2055.3,2053.7,2053.75,2057.8,sl,-1.75,-175.0,L-Rev|H1|high@2055.00
1704464886031505145,1704465368338372757,1,1,2055.3,2052.5,2052.55,2060.1999999999994,sl,-2.95,-295.0,L-Rev|M15|high@2055.00
1704464886031505145,1704465380796905193,1,1,2055.3,2052.1,2052.1499999999996,2061.5999999999995,sl,-3.35,-335.0,L-Rev|M15|high@2055.20
1704464866197719442,1704465550730667903,1,1,2053.9,2051.2,2051.2749999999996,2059.1500000000005,sl,-2.85,-285.0,L-Rev|M15|high@2053.80
1704704153007478248,1704707252898900416,-1,1,2033.4,2036.8,2036.7000000000003,2026.8,sl,-3.55,-355.0,L-Rev|M15|low@2033.40
1704757559590748279,1704759537941865198,1,1,2036.4,2039.45,2034.7250000000004,2039.45,tp,2.9,290.0,L-Rev|M15|high@2036.20
1704787229526287732,1704787313103572741,1,1,2043.7,2041.9,2041.925,2047.25,sl,-1.95,-195.0,L-Rev|H1|high@2043.60
1704787229526287732,1704787630017415388,1,1,2043.7,2039.9,2039.9499999999998,2051.2,sl,-3.95,-395.0,L-Rev|M15|high@2043.60
1704807488957852262,1704807769393841118,1,1,2044.9,2042.0,2042.0500000000002,2050.6,sl,-3.05,-305.0,L-Rev|M15|high@2044.80
1704816100552350580,1704816668726161283,-1,1,2032.3,2033.8,2033.725,2029.4499999999998,sl,-1.65,-165.0,L-Rev|M15|low@2032.30
1704815728645581858,1704841200079185304,-1,1,2037.5,2027.3000000000002,2042.6,2027.3000000000002,tp,10.05,1005.0,L-Rev|M15|low@2037.50
1704815803458724371,1704841200079185304,-1,1,2037.2,2031.2,2040.2,2031.2,tp,5.85,585.0,L-Rev|M15|low@2037.20
1704865613644190947,1704872124218832280,-1,1,2032.5,2034.9,2034.8249999999998,2027.8500000000001,sl,-2.55,-255.0,L-Rev|M15|low@2032.50
1704865397848809511,1704872342415575268,-1,1,2032.9,2035.7,2035.6000000000001,2027.5,sl,-2.95,-295.0,L-Rev|M15|low@2032.90
1704874078930270362,1704881082829867519,1,1,2038.6,2043.9,2035.8000000000002,2043.9,tp,5.15,515.0,L-Rev|M15|high@2038.40
1704874078930270362,1704881083058705422,1,1,2038.6,2044.1,2035.85,2044.1,tp,5.35,535.0,L-Rev|H1|high@2048.60
1704929452699525847,1704938032538983963,1,1,2030.7,2034.0500000000004,2028.875,2034.0500000000004,tp,3.2,320.0,L-Rev|M15|high@2030.50
1704947867742645211,1704979432029855722,1,1,2036.1,2040.15,2034.0749999999998,2040.15,tp,3.9,390.0,L-Rev|M15|high@2036.00
1704979431879511809,1704979800173538986,1,1,2040.2,2046.1000000000001,2037.1000000000001,2046.1000000000001,tp,5.75,575.0,L-Rev|M15|high@2040.00
1704979801071798002,1704979801080944718,-1,1,2034.0,2038.0,2036.675,2031.05,sl,-4.15,-415.0,L-Rev|M15|low@2034.80
1704990199565405486,1704990294293760403,-1,1,2025.6,2022.8000000000002,2027.45,2022.8000000000002,tp,2.65,265.0,L-Rev|H1|low@2025.90
1704990199565405486,1704990369592255401,-1,1,2025.6,2020.05,2028.8250000000003,2020.05,tp,5.4,540.0,L-Rev|M15|low@2025.90
1704989723829921148,1705014724285784152,-1,1,2028.9,2037.1,2036.4,2013.9,sl,-8.35,-835.0,L-Rev|M15|low@2028.90
1705061265703388998,1705064417461295727,1,1,2055.5,2050.7,2050.725,2065.0499999999997,sl,-4.95,-495.0,L-Rev|H1|high@2056.10
1705061308590282320,1705080303778388601,1,1,2056.5,2047.3,2047.425,2073.7499999999995,sl,-9.35,-935.0,L-Rev|M15|high@2056.10
1705308133481416824,1705309262467470846,1,1,2062.0,2059.6,2059.675,2066.6499999999996,sl,-2.55,-255.0,L-Rev|M15|high@2061.90
1705314451623947896,1705334809529843778,-1,1,2056.8,2058.9,2058.9,2052.6000000000004,sl,-2.25,-225.0,L-Rev|M15|low@2056.80
1705312383655579583,1705339790775064839,-1,1,2057.0,2060.2,2060.15,2050.7,sl,-3.35,-335.0,L-Rev|M15|low@2057.00
1705373492198279005,1705394102182308067,-1,1,2053.2,2049.15,2055.2249999999995,2049.15,tp,3.9,390.0,L-Rev|M15|low@2053.20
1705393827819752926,1705395988293282299,-1,1,2050.8,2044.9500000000007,2053.725,2044.9500000000007,tp,5.7,570.0,L-Rev|M15|low@2050.80
1705394037372290774,1705396260639429029,-1,1,2049.5,2044.5500000000004,2051.975,2044.5500000000004,tp,4.8,480.0,L-Rev|M15|low@2049.50
1705405598663461852,1705410891280028062,-1,1,2042.4,2036.2500000000002,2045.475,2036.2500000000002,tp,6.0,600.0,L-Rev|M15|low@2042.40
1705455771045127790,1705458856632755759,1,1,2033.9,2032.1,2032.1000000000001,2037.5,sl,-1.95,-195.0,L-Rev|M15|high@2033.70
1705462930561441631,1705468821151778715,-1,1,2027.6,2022.4999999999998,2030.15,2022.4999999999998,tp,4.95,495.0,L-Rev|M15|low@2027.60
1705496307455582139,1705497680231880471,1,1,2031.8,2027.9,2027.9499999999998,2039.2000000000003,sl,-4.05,-405.0,L-Rev|M15|high@2031.60
1705500689906104874,1705501265096596371,-1,1,2020.5,2023.7,2023.65,2014.1999999999998,sl,-3.35,-335.0,L-Rev|M15|low@2020.50
1705558947778505635,1705568400164404191,1,1,2013.9,2011.4,2011.425,2018.85,sl,-2.65,-265.0,L-Rev|M15|high@2013.80
1705579502007972765,1705584600114647252,1,1,2016.0,2012.5,2013.0000000000002,2021.9999999999995,sl,-3.65,-365.0,L-Rev|M15|high@2015.90
1705637468219562052,1705646941960362578,-1,1,2023.2,2025.6,2025.6,2018.4000000000003,sl,-2.55,-255.0,L-Rev|M15|low@2023.20
1705595327321048164,1705649916337010792,1,1,2019.7,2029.9,2014.5999999999997,2029.9,tp,10.05,1005.0,L-Rev|M15|high@2019.60
1705648693470487975,1705654476609289161,1,1,2027.4,2032.0500000000002,2025.075,2032.0500000000002,tp,4.5,450.0,L-Rev|M15|high@2027.30
1705648821027353908,1705655188657952041,1,1,2027.6,2032.8999999999999,2024.8000000000002,2032.8999999999999,tp,5.15,515.0,L-Rev|M15|high@2027.40
1705924691991643522,1705930468490231979,1,1,2028.1,2024.4,2024.4750000000004,2035.05,sl,-3.85,-385.0,L-Rev|M15|high@2027.90
1705974912563724897,1705975051577996053,-1,1,2020.7,2022.5,2022.425,2017.25,sl,-1.95,-195.0,L-Rev|M15|low@2020.70
1705992953128902770,1705993542920102894,1,1,2034.4,2037.9999999999998,2032.2999999999997,2037.9999999999998,tp,3.45,345.0,L-Rev|H1|high@2034.10
1705992953128902770,1705993542922202127,1,1,2034.4,2038.1,2032.25,2038.1,tp,3.55,355.0,L-Rev|M15|high@2034.10
1706020397001651011,1706020700802858414,-1,1,2023.5,2026.4,2026.3500000000001,2017.7999999999997,sl,-3.05,-305.0,L-Rev|M15|low@2023.50
1706037522823682573,1706062530044170683,1,1,2029.2,2025.9,2025.975,2035.6499999999996,sl,-3.45,-345.0,L-Rev|M15|high@2029.10
1706082251406384563,1706082557524293569,1,1,2032.4,2030.7,2030.7500000000005,2034.7999999999997,sl,-1.85,-185.0,L-Rev|M15|high@2032.00
1706101552618112449,1706103453687621180,1,1,2035.9,2032.7,2032.75,2042.2000000000003,sl,-3.35,-335.0,L-Rev|M15|high@2035.80
1706082286280478451,1706107171113826013,1,1,2032.7,2027.3,2027.3999999999999,2042.7000000000003,sl,-5.55,-555.0,L-Rev|M15|high@2032.40
1706108585089308742,1706110469060889904,-1,1,2023.6,2019.6499999999999,2025.5749999999998,2019.6499999999999,tp,3.8,380.0,L-Rev|H1|low@2023.60
1706108585089308742,1706110469340962700,-1,1,2023.6,2018.65,2026.0749999999998,2018.65,tp,4.8,480.0,L-Rev|M15|low@2023.60
1706124273974227283,1706137200066560335,-1,1,2012.6,2005.25,2016.2749999999999,2005.25,tp,7.2,720.0,L-Rev|M15|low@2012.60
1706163450111203171,1706164456043947135,-1,1,2014.3,2016.2,2016.175,2010.55,sl,-2.05,-205.0,L-Rev|M15|low@2014.30
1706167862540069526,1706168844108344418,1,1,2017.8,2015.7,2015.7749999999999,2021.85,sl,-2.25,-225.0,L-Rev|M15|high@2017.70
1706176900960393098,1706185435760724295,1,1,2018.2,2015.4,2015.4249999999997,2023.75,sl,-2.95,-295.0,L-Rev|M15|high@2018.10
1706189409514688360,1706189410794545562,-1,1,2012.4,2006.55,2015.3250000000003,2006.55,tp,5.7,570.0,L-Rev|M15|low@2012.40
1706189410794545562,1706189410795270882,-1,1,2004.0,2007.95,2013.575,2007.95,tp,-4.1,-410.0,L-Rev|M15|low@2011.70
1706189410794545562,1706189410795270882,-1,1,2004.0,2009.25,2012.925,2009.25,tp,-5.4,-540.0,L-Rev|H1|low@2011.70
1706189880921722699,1706190560166321652,1,1,2020.9,2017.6,2017.675,2027.35,sl,-3.45,-345.0,L-Rev|M15|high@2020.80
1706189602060654315,1706190583537897223,1,1,2020.6,2017.0,2017.0749999999998,2024.9499999999998,sl,-3.75,-375.0,L-Rev|M15|high@2019.60
1706259943729659974,1706262491578981769,-1,1,2019.0,2021.6,2021.5749999999998,2014.15,sl,-2.75,-275.0,L-Rev|M15|low@2019.10
1706266904078895392,1706267326267100779,1,1,2024.4,2023.2,2023.275,2026.3500000000001,sl,-1.35,-135.0,L-Rev|H1|high@2024.20
1706266904077866757,1706269992268903351,1,1,2024.3,2022.4,2022.425,2028.05,sl,-2.05,-205.0,L-Rev|M15|high@2024.20
1706293162282986245,1706300785685432306,-1,1,2015.6,2018.3,2018.2999999999997,2010.2,sl,-2.85,-285.0,L-Rev|M15|low@2015.60
1706281288452814283,1706482800157492030,-1,1,2017.9,2013.7000000000003,2020.0,2013.7000000000003,tp,4.05,405.0,L-Rev|M15|low@2017.90
1706511967333902743,1706524997670306915,1,1,2029.2,2025.2,2025.275,2036.7500000000005,sl,-4.15,-415.0,L-Rev|M15|high@2029.00
1706539214226810130,1706541927864147974,-1,1,2024.7,2020.4999999999998,2026.8000000000002,2020.4999999999998,tp,4.05,405.0,L-Rev|M15|low@2024.70
1706559328303628223,1706570553468671091,1,1,2030.5,2025.0,2027.9499999999998,2035.6000000000001,sl,-5.65,-565.0,L-Rev|M15|high@2030.40
1706595289369130040,1706600046079796369,1,1,2033.2,2035.15,2031.775,2035.15,tp,1.8,180.0,L-Rev|M15|high@2032.80
1706623773994619327,1706624317406911168,1,1,2040.3,2043.7500000000002,2038.5749999999998,2043.7500000000002,tp,3.3,330.0,L-Rev|M15|high@2040.00
1706689384319882141,1706697773886330098,1,1,2056.8,2053.9,2054.9249999999997,2060.5499999999997,sl,-3.05,-305.0,L-Rev|M15|high@2056.70
1706706912274481401,1706707043125322387,1,1,2060.0,2056.3,2056.3,2063.4999999999995,sl,-3.85,-385.0,L-Rev|M15|high@2058.60
1706712154914215614,1706712365457427166,1,1,2069.0,2070.85,2066.725,2070.85,tp,1.7,170.0,L-Rev|H1|high@2068.00
1706731456129855402,1706731492556139819,-1,1,2050.9,2052.3,2052.25,2048.2,sl,-1.55,-155.0,L-Rev|M15|low@2050.90
1706731391312052800,1706731639052532409,-1,1,2053.8,2049.8500000000004,2055.925,2049.8500000000004,tp,3.8,380.0,L-Rev|M15|low@2053.90
1706731385091127553,1706753176989799885,-1,1,2054.0,2060.4,2060.375,2041.25,sl,-6.55,-655.0,L-Rev|M15|low@2054.00
1706785783364390898,1706785950547283766,-1,1,2047.1,2048.5,2048.475,2044.35,sl,-1.55,-155.0,L-Rev|H1|low@2047.10
1706798570508313393,1706798959370497658,1,1,2067.2,2065.3,2065.3750000000005,2070.55,sl,-2.05,-205.0,L-Rev|M15|high@2067.00
1706803833324481224,1706805822759489296,1,1,2075.3,2080.9999999999995,2071.7,2080.9999999999995,tp,5.55,555.0,L-Rev|H1|high@2074.60
1706803833324481224,1706809563996646729,1,1,2075.3,2069.3,2069.3750000000005,2085.3500000000004,sl,-6.15,-615.0,L-Rev|M15|high@2074.60
1706854122441986339,1706854988027060277,1,1,2073.9,2071.7,2071.725,2078.25,sl,-2.35,-235.0,L-Rev|M15|high@2073.80
1706880569105143715,1706880601065181174,-1,1,2069.0,2066.1500000000005,2070.4249999999997,2066.1500000000005,tp,2.7,270.0,L-Rev|M15|low@2069.00
1706882253539852195,1706885153009831046,-1,1,2046.1,2050.9,2050.8250000000003,2037.55,sl,-4.95,-495.0,L-Rev|M15|low@2046.40
1706882253539852195,1706885202818983347,-1,1,2046.1,2052.2,2052.125,2034.9500000000003,sl,-6.25,-625.0,L-Rev|H1|low@2046.40
1707091313770591290,1707091534519197329,-1,1,2052.9,2055.7,2055.7,2047.6000000000001,sl,-2.95,-295.0,L-Rev|M15|low@2053.00
1707101564580876724,1707114985109160994,-1,1,2050.1,2044.6999999999994,2052.8,2044.6999999999994,tp,5.25,525.0,L-Rev|M15|low@2050.10
1707112447131988464,1707116020741318318,-1,1,2045.3,2047.4,2047.3999999999996,2041.1000000000004,sl,-2.25,-225.0,L-Rev|M15|low@2045.30
1707139277020708966,1707141080205936397,-1,1,2036.8,2032.1499999999996,2039.125,2032.1499999999996,tp,4.5,450.0,L-Rev|M15|low@2036.80
1707181372430463871,1707185483305419048,1,1,2044.6,2041.4,2041.4499999999998,2050.9,sl,-3.35,-335.0,L-Rev|M15|high@2044.50
1707189473007018228,1707194470511441910,-1,1,2039.9,2041.6,2041.5500000000002,2036.6,sl,-1.85,-185.0,L-Rev|M15|low@2039.90
1707209861651640201,1707210776033820605,-1,1,2039.4,2040.7,2040.6750000000002,2036.8499999999997,sl,-1.45,-145.0,L-Rev|M15|low@2039.40
1707290340307003628,1707293674150861715,1,1,2051.6,2050.1,2050.1749999999997,2054.45,sl,-1.65,-165.0,L-Rev|M15|high@2051.50
1707294438849793282,1707305710129233023,-1,1,2048.2,2051.7,2051.6749999999997,2041.5500000000009,sl,-3.65,-365.0,L-Rev|M15|low@2048.30
1707312996300170616,1707313703295384304,1,1,2052.4,2050.0,2050.15,2056.9,sl,-2.55,-255.0,L-Rev|M15|high@2052.30
1707340662630193814,1707346800067797753,-1,1,2050.0,2047.1499999999999,2051.425,2047.1499999999999,tp,2.7,270.0,L-Rev|M15|low@2050.00
1707380252557082643,1707385463142864736,-1,1,2046.2,2048.1,2048.0000000000005,2042.5999999999992,sl,-2.05,-205.0,L-Rev|M15|low@2046.20
1707386273313586000,1707390800611328216,1,1,2050.2,2047.8,2047.8749999999995,2054.8500000000004,sl,-2.55,-255.0,L-Rev|M15|high@2050.10
1707391928340032260,1707399066642444850,-1,1,2043.6,2037.8999999999996,2046.45,2037.8999999999996,tp,5.55,555.0,L-Rev|M15|low@2043.60
1707415321708422417,1707482010020664954,1,1,2049.2,2044.6,2044.625,2058.3499999999995,sl,-4.75,-475.0,L-Rev|M15|high@2049.10
1707466388151627092,1707483042152493891,-1,1,2046.8,2043.5000000000002,2048.45,2043.5000000000002,tp,3.15,315.0,L-Rev|M15|low@2046.80
1707481155133496078,1707483865431326540,-1,1,2045.2,2041.15,2047.2250000000001,2041.15,tp,3.9,390.0,L-Rev|M15|low@2045.20
1707485586197628851,1707485642438883584,1,1,2050.3,2049.0,2049.0000000000005,2052.6000000000004,sl,-1.45,-145.0,L-Rev|M15|high@2050.10
1707692400215270146,1707692410755559789,1,1,2038.2,2038.55,2032.925,2038.55,tp,0.2,20.0,L-Rev|H1|high@2051.90
1707744000009419903,1707744034216981931,1,1,2041.4,2040.1,2040.1750000000002,2043.5500000000002,sl,-1.45,-145.0,L-Rev|M15|high@2041.20
1707744000009419903,1707744082242067858,1,1,2041.4,2039.0,2039.075,2046.0500000000002,sl,-2.55,-255.0,L-Rev|M15|high@2041.30
1707745740204597462,1707747370953907571,-1,1,2033.7,2030.4,2035.3500000000001,2030.4,tp,3.15,315.0,L-Rev|M15|low@2033.70
1707805421927767698,1707810480356248627,1,1,2035.4,2038.5500000000002,2033.825,2038.5500000000002,tp,3.0,300.0,L-Rev|M15|high@2035.30
1707831168399337184,1707831191959858725,-1,1,2030.1,2031.4,2031.325,2027.95,sl,-1.45,-145.0,L-Rev|M15|low@2030.20
1707831168399337184,1707831191959858725,-1,1,2030.1,2031.4,2031.3500000000001,2027.9,sl,-1.45,-145.0,L-Rev|H1|low@2030.20
1707831720900824165,1707832046453513495,-1,1,2025.4,2020.9,2027.65,2020.9,tp,4.35,435.0,L-Rev|M15|low@2025.40
1707831720900824165,1707832046453513495,-1,1,2025.4,2023.0,2026.6000000000001,2023.0,tp,2.25,225.0,L-Rev|H1|low@2025.40
1707867709306267638,1707872097394567917,-1,1,2004.1,2005.6,2005.525,2001.2499999999998,sl,-1.65,-165.0,L-Rev|M15|low@2004.10
1707897982850302344,1707902950242037557,-1,1,2000.9,2002.8,2002.7000000000003,1997.3,sl,-2.05,-205.0,L-Rev|M15|low@2000.90
1707908378784197438,1707908531997010608,1,1,2006.2,2004.9,2004.925,2008.75,sl,-1.45,-145.0,L-Rev|M15|high@2006.10
1707922887145834454,1707923045142304585,-1,1,1998.2,2000.6,2000.525,1993.5500000000002,sl,-2.55,-255.0,L-Rev|M15|low@1998.20
1707928555837112023,1707928867755880744,1,1,2006.4,2003.7,2003.7749999999999,2011.6499999999999,sl,-2.85,-285.0,L-Rev|M15|high@2006.30
1707932644393445626,1707935051584791670,1,1,2007.1,2005.0,2005.025,2009.75,sl,-2.25,-225.0,L-Rev|M15|high@2006.50
1707968766323341759,1707973460850325032,-1,1,2002.3,2004.0,2003.95,1999.0,sl,-1.85,-185.0,L-Rev|M15|low@2002.30
1707982297203810262,1707982483224697501,1,1,2006.3,2004.8,2004.8,2009.3,sl,-1.65,-165.0,L-Rev|M15|high@2006.20
1707928544634406999,1708003807720938939,1,1,2006.1,2014.8000000000002,2001.7499999999998,2014.8000000000002,tp,8.55,855.0,L-Rev|M15|high@2006.00
1708064136244703417,1708067590669753084,-1,1,2015.1,2016.2,2016.1499999999996,2013.0000000000005,sl,-1.25,-125.0,L-Rev|M15|low@2015.10
1708069118540140320,1708071237564609302,1,1,2018.2,2016.2,2016.25,2022.0999999999997,sl,-2.15,-215.0,L-Rev|M15|high@2018.10
1708080117809436357,1708090201498235631,1,1,2018.3,2016.5,2016.5,2021.8999999999996,sl,-1.95,-195.0,L-Rev|M15|high@2018.20
1708090202587400035,1708090277061968190,-1,1,2012.5,2010.6000000000004,2015.55,2010.6000000000004,tp,1.75,175.0,L-Rev|M15|low@2013.90
1708090202587400035,1708090488099365306,-1,1,2012.5,2010.5000000000002,2016.35,2010.5000000000002,tp,1.85,185.0,L-Rev|M15|low@2014.40
1708090498163092501,1708091189820216388,-1,1,2009.9,2012.7,2012.675,2004.3500000000004,sl,-2.95,-295.0,L-Rev|M15|low@2009.90
1708327454975520877,1708327920280616416,1,1,2034.4,2032.8,2032.8250000000003,2037.55,sl,-1.75,-175.0,L-Rev|M15|high@2034.30
1708339226005133160,1708342164681265204,-1,1,2029.6,2031.1,2031.1,2026.6,sl,-1.65,-165.0,L-Rev|M15|low@2029.60
1708392962940027766,1708393332230862271,1,1,2030.2,2028.5,2028.5500000000002,2033.4999999999998,sl,-1.85,-185.0,L-Rev|M15|high@2030.10
1708419620951874338,1708424715017910048,1,1,2034.4,2037.05,2033.0750000000003,2037.05,tp,2.5,250.0,L-Rev|H1|high@2034.30
1708419620951874338,1708424910361080422,1,1,2034.4,2038.0,2032.6000000000001,2038.0,tp,3.45,345.0,L-Rev|M15|high@2034.30
1708473635600990223,1708478261735256221,-1,1,2034.9,2036.4,2036.4,2031.9,sl,-1.65,-165.0,L-Rev|M15|low@2034.90
1708487755073481856,1708492915048876976,1,1,2042.0,2040.4,2040.4250000000002,2044.85,sl,-1.75,-175.0,L-Rev|H1|high@2042.70
1708520638661253327,1708521855085617429,1,1,2041.5,2039.6,2039.6999999999998,2045.1,sl,-2.05,-205.0,L-Rev|M15|high@2041.30
1708525875321546312,1708526773972774764,-1,1,2038.3,2040.8,2040.7749999999999,2033.35,sl,-2.65,-265.0,L-Rev|M15|low@2038.30
1708531213774624123,1708531336929876801,-1,1,2033.8,2035.5,2035.4250000000002,2031.75,sl,-1.85,-185.0,L-Rev|H1|low@2034.20
1708531213774624123,1708531338685945945,-1,1,2033.8,2035.6,2035.5499999999997,2031.5000000000005,sl,-1.95,-195.0,L-Rev|M15|low@2034.20
1708565843970077196,1708574467511638306,1,1,2037.9,2035.8,2035.8000000000002,2042.1,sl,-2.25,-225.0,L-Rev|M15|high@2037.80
1708589222558600286,1708590869901364293,1,1,2043.7,2042.3,2042.3,2046.1999999999998,sl,-1.55,-155.0,L-Rev|H1|high@2043.50
1708589222558600286,1708590887330489787,1,1,2043.7,2042.0,2042.025,2046.75,sl,-1.85,-185.0,L-Rev|M15|high@2043.50
1708607951734957791,1708608600129798518,-1,1,2037.1,2033.0500000000002,2039.1249999999998,2033.0500000000002,tp,3.9,390.0,L-Rev|M15|low@2037.10
1708608246331599848,1708608995310808718,-1,1,2035.2,2037.2,2037.15,2031.2999999999997,sl,-2.15,-215.0,L-Rev|M15|low@2035.20
1708636473650271754,1708648634366060169,1,1,2034.8,2032.7,2032.7,2039.0,sl,-2.25,-225.0,L-Rev|M15|high@2034.70
1708666644716065366,1708667872570594266,-1,1,2033.5,2031.6999999999998,2034.4,2031.6999999999998,tp,1.65,165.0,L-Rev|M15|low@2033.50
1708666901138129031,1708669600556810815,-1,1,2032.3,2028.8499999999997,2034.025,2028.8499999999997,tp,3.3,330.0,L-Rev|M15|low@2032.30
1708679760124806761,1708684806192790577,-1,1,2027.5,2030.4,2029.975,2022.5500000000002,sl,-3.05,-305.0,L-Rev|M15|low@2027.50
1708691731943731810,1708694670192039330,1,1,2038.3,2035.3,2035.3249999999998,2040.0499999999997,sl,-3.15,-315.0,L-Rev|M15|high@2036.80
1708691731943731810,1708694835335522725,1,1,2038.3,2035.1,2035.1499999999999,2040.3999999999999,sl,-3.35,-335.0,L-Rev|H1|high@2036.80
1708703704655605326,1708706017483459775,1,1,2039.2,2046.5499999999997,2035.5249999999999,2046.5499999999997,tp,7.2,720.0,L-Rev|M15|high@2039.10
1708944790346414112,1708951609125510664,-1,1,2041.3,2043.6,2043.55,2036.8,sl,-2.45,-245.0,L-Rev|M15|low@2041.30
1708956788732192297,1708956881899730894,-1,1,2039.6,2037.4,2040.6999999999998,2037.4,tp,2.05,205.0,L-Rev|H1|low@2039.60
1708956788732192297,1708957881072873786,-1,1,2039.6,2035.2499999999998,2041.775,2035.2499999999998,tp,4.2,420.0,L-Rev|M15|low@2039.60
1709042857658524904,1709043805968014835,-1,1,2043.9,2045.9,2045.85,2040.0000000000002,sl,-2.15,-215.0,L-Rev|M15|low@2043.90
1709054043841864523,1709056259409919211,-1,1,2040.3,2041.6,2041.5749999999998,2037.7500000000002,sl,-1.45,-145.0,L-Rev|M15|low@2040.30
1709103100237072676,1709111356606944060,-1,1,2037.9,2034.1500000000005,2039.7749999999999,2034.1500000000005,tp,3.6,360.0,L-Rev|M15|low@2037.90
1709128987560109165,1709129965692932745,1,1,2045.7,2043.5,2043.5249999999996,2050.05,sl,-2.35,-235.0,L-Rev|M15|high@2045.60
1709190355489867836,1709194112794554717,1,1,2045.6,2044.1,2044.175,2048.45,sl,-1.65,-165.0,L-Rev|M15|high@2045.50
1709200066172852575,1709203161509855428,-1,1,2042.6,2040.0500000000002,2043.8749999999998,2040.0500000000002,tp,2.4,240.0,L-Rev|M15|low@2042.60
1709201716983304103,1709204583978039619,-1,1,2042.1,2038.4999999999998,2043.9,2038.4999999999998,tp,3.45,345.0,L-Rev|M15|low@2042.10
1709203035458319541,1709207192609608616,-1,1,2040.1,2037.2499999999998,2041.525,2037.2499999999998,tp,2.7,270.0,L-Rev|M15|low@2040.10
1709203230069570700,1709213405354805884,-1,1,2039.5,2044.0,2042.1499999999999,2034.5,sl,-4.65,-465.0,L-Rev|M15|low@2039.60
1709213491004249961,1709213668929571798,1,1,2047.7,2046.0,2046.05,2050.4,sl,-1.85,-185.0,L-Rev|H1|high@2047.40
1709213491004249961,1709214302041780596,1,1,2047.7,2053.95,2044.275,2053.95,tp,6.1,610.0,L-Rev|M15|high@2047.40
1709213776357078642,1709214302041780596,1,1,2049.2,2054.2,2046.6999999999998,2054.2,tp,4.85,485.0,L-Rev|H4|high@2049.10
1709274048127719044,1709279669089133106,1,1,2055.6,2054.0,2054.025,2058.75,sl,-1.75,-175.0,L-Rev|M15|high@2055.50
1709280800714878944,1709282281071573193,-1,1,2051.7,2048.5499999999993,2053.275,2048.5499999999993,tp,3.0,300.0,L-Rev|M15|low@2051.70
1709281023394780501,1709282281071573193,-1,1,2051.1,2048.5499999999993,2052.375,2048.5499999999993,tp,2.4,240.0,L-Rev|M15|low@2051.10
1709306141433524859,1709306907231428343,1,1,2067.8,2071.9,2063.3499999999995,2071.9,tp,3.95,395.0,L-Rev|M15|high@2066.10
1709535280375350252,1709538185042710015,1,1,2092.1,2094.6499999999987,2090.8250000000003,2094.6499999999987,tp,2.4,240.0,L-Rev|M15|high@2092.00
1709593993447940270,1709600796920876925,-1,1,2122.0,2124.8,2124.7000000000003,2116.5999999999995,sl,-2.95,-295.0,L-Rev|M15|low@2122.00
1709601329771792709,1709615602556381487,-1,1,2122.0,2124.1,2124.0249999999996,2117.9500000000003,sl,-2.25,-225.0,L-Rev|M15|low@2122.00
1709617358835097570,1709618902237800701,1,1,2127.2,2125.1,2125.175,2131.2499999999995,sl,-2.25,-225.0,L-Rev|M15|high@2127.10
1709616756381209580,1709622870689669625,1,1,2125.3,2122.8,2122.8750000000005,2129.8500000000004,sl,-2.65,-265.0,L-Rev|M15|high@2125.10
1709731209293524400,1709731801886344906,1,1,2143.9,2141.1,2141.125,2149.45,sl,-2.95,-295.0,L-Rev|M15|high@2143.80
1709778826645189972,1709784236869562479,1,1,2159.0,2165.1499999999996,2155.925,2165.1499999999996,tp,6.0,600.0,L-Rev|M15|high@2158.90
1709816756582869261,1709816893093015286,1,1,2169.1,2166.6,2166.625,2174.0499999999997,sl,-2.65,-265.0,L-Rev|H1|high@2169.00
1709816756582869261,1709816974450211545,1,1,2169.1,2165.2,2165.275,2176.75,sl,-4.05,-405.0,L-Rev|M15|high@2169.00
1709816710996811194,1709820055818724650,1,1,2167.2,2163.4,2164.2749999999996,2173.05,sl,-3.95,-395.0,L-Rev|M15|high@2167.10
1709822318633882686,1709823356458770202,-1,1,2158.8,2162.9,2162.8500000000004,2150.7,sl,-4.25,-425.0,L-Rev|M15|low@2158.80
1709821875661881218,1709823807110229823,-1,1,2160.4,2164.0,2163.8749999999995,2153.750000000001,sl,-3.75,-375.0,L-Rev|M15|low@2160.50
1709885695999508017,1709891822025280334,1,1,2170.8,2176.0499999999993,2168.175,2176.0499999999993,tp,5.1,510.0,L-Rev|M15|high@2170.70
1709917461936669504,1709924214248016564,1,1,2192.8,2180.8,2180.95,2216.499999999999,sl,-12.15,-1215.0,L-Rev|M15|high@2192.70
1710136240248265033,1710136641096473271,-1,1,2183.3,2185.3,2185.2000000000003,2179.8,sl,-2.15,-215.0,L-Rev|M15|low@2183.40
1710147517928379733,1710148018742209485,-1,1,2183.2,2185.9,2185.8999999999996,2177.8,sl,-2.85,-285.0,L-Rev|M15|low@2183.20
1710162607922780398,1710163494178273286,-1,1,2182.1,2185.4,2185.325,2175.6500000000005,sl,-3.45,-345.0,L-Rev|M15|low@2182.10
1710164261963955767,1710165751519732951,1,1,2189.7,2186.3,2186.325,2196.45,sl,-3.55,-355.0,L-Rev|M15|high@2189.60
1710213002559959286,1710217715519414967,-1,1,2183.4,2185.5,2185.425,2179.3499999999995,sl,-2.25,-225.0,L-Rev|M15|low@2183.40
1710222254130149247,1710231199134922274,-1,1,2180.9,2183.9,2183.85,2175.0,sl,-3.15,-315.0,L-Rev|H1|low@2180.90
1710222254130149247,1710246601066501767,-1,1,2180.9,2169.95,2186.375,2169.95,tp,10.8,1080.0,L-Rev|M15|low@2180.90
1710247243462267995,1710247808753773056,1,1,2185.2,2182.8,2182.8,2189.9999999999995,sl,-2.55,-255.0,L-Rev|M15|high@2185.10
1710270090538307878,1710276809175579634,-1,1,2158.2,2164.4,2164.3499999999995,2145.9,sl,-6.35,-635.0,L-Rev|M15|low@2158.20
1710298159607568154,1710301683272740253,1,1,2166.7,2162.5,2162.575,2174.95,sl,-4.35,-435.0,L-Rev|M15|high@2166.60
1710336901638912254,1710349710476993438,1,1,2172.3,2181.600000000001,2167.649999999999,2181.600000000001,tp,9.15,915.0,L-Rev|M15|high@2172.20
1710416916158905123,1710419402011813651,-1,1,2171.6,2167.25,2173.775,2167.25,tp,4.2,420.0,L-Rev|M15|low@2171.60
1710424125348446441,1710424181647624611,-1,1,2162.8,2165.5,2165.425,2157.55,sl,-2.85,-285.0,L-Rev|M15|low@2162.80
1710426173441559643,1710426363988753649,-1,1,2162.3,2164.5,2164.4000000000005,2158.1,sl,-2.35,-235.0,L-Rev|M15|low@2162.30
1710496604887035596,1710497726478544283,1,1,2176.4,2174.2,2174.225,2180.75,sl,-2.35,-235.0,L-Rev|M15|high@2176.30
1710504220229169573,1710506590152968716,-1,1,2169.4,2162.6500000000005,2172.7749999999996,2162.6500000000005,tp,6.6,660.0,L-Rev|M15|low@2169.40
1710724690783888867,1710729994567058892,-1,1,2155.1,2150.4499999999994,2157.425,2150.4499999999994,tp,4.5,450.0,L-Rev|M15|low@2155.10
1710523863361848031,1710731253319292725,-1,1,2160.4,2149.75,2165.725,2149.75,tp,10.5,1050.0,L-Rev|M15|low@2160.40
1710712810082850445,1710758042285169694,-1,1,2155.4,2161.1,2161.025,2148.95,sl,-5.85,-585.0,L-Rev|H4|low@2157.00
1710758018778727210,1710764728646829372,1,1,2160.9,2166.000000000001,2158.3499999999995,2166.000000000001,tp,4.95,495.0,L-Rev|M15|high@2160.80
1710777856806056465,1710780613185954120,-1,1,2159.1,2163.2,2163.15,2151.0,sl,-4.25,-425.0,L-Rev|M15|low@2159.10
1710799200214224449,1710799200214489058,1,1,2164.0,2160.8499999999995,2154.3249999999994,2160.8499999999995,tp,-3.3,-330.0,L-Rev|H1|high@2167.20
1710800418511201316,1710811960085181469,1,1,2164.9,2162.9,2162.9500000000007,2168.7999999999993,sl,-2.15,-215.0,L-Rev|M15|high@2164.80
1710783031698753349,1710827370654227535,1,1,2164.9,2160.8,2160.85,2173.0,sl,-4.25,-425.0,L-Rev|M15|high@2164.80
1710897830698965965,1710898416182715325,1,1,2162.9,2161.6,2161.625,2165.4500000000007,sl,-1.45,-145.0,L-Rev|M15|high@2162.80
1710922220215832741,1710938567819654466,-1,1,2158.2,2153.7,2160.45,2153.7,tp,4.35,435.0,L-Rev|M15|low@2158.20
1710943315880856057,1710943344880908785,1,1,2163.4,2166.25,2161.975,2166.25,tp,2.7,270.0,L-Rev|H1|high@2163.30
1710943344734670603,1710943347793217193,1,1,2166.4,2164.8,2164.85,2169.5,sl,-1.75,-175.0,L-Rev|H1|high@2166.30
1710943315898934464,1710943363631765605,1,1,2163.6,2166.5000000000005,2162.0000000000005,2166.5000000000005,tp,2.75,275.0,L-Rev|M15|high@2163.30
1710943301876028785,1710943371153032388,1,1,2162.5,2167.000000000001,2160.2499999999995,2167.000000000001,tp,4.35,435.0,L-Rev|M15|high@2162.40
1710943344734670603,1710944578613924053,1,1,2166.4,2163.9,2163.9249999999997,2170.45,sl,-2.65,-265.0,L-Rev|M15|high@2166.00
1710957604407131287,1710957608645335355,1,1,2169.0,2164.4,2164.4,2176.1000000000004,sl,-4.75,-475.0,L-Rev|M15|high@2168.20
1711028852454624111,1711029719356085862,-1,1,2198.7,2188.5,2203.7999999999997,2188.5,tp,10.05,1005.0,L-Rev|M15|low@2198.70
1711029589710433438,1711031165251326711,-1,1,2194.5,2180.3999999999996,2201.55,2180.3999999999996,tp,13.95,1395.0,L-Rev|M15|low@2194.50
1711058400115193465,1711058400116051136,1,1,2183.7,2180.649999999999,2173.675,2180.649999999999,tp,-3.2,-320.0,L-Rev|M15|high@2186.30
1711091885503635898,1711092187695068028,-1,1,2168.1,2164.6499999999996,2169.975,2164.6499999999996,tp,3.3,330.0,L-Rev|H1|low@2168.20
1711091885503635898,1711109918165069244,-1,1,2168.1,2174.3,2174.2749999999996,2156.05,sl,-6.35,-635.0,L-Rev|M15|low@2168.20
1711109515354984347,1711111156899757817,1,1,2171.5,2177.05,2168.725,2177.05,tp,5.4,540.0,L-Rev|M15|high@2171.40
1711111383692136148,1711120049008026326,1,1,2177.7,2172.2,2172.2249999999995,2188.65,sl,-5.65,-565.0,L-Rev|M15|high@2177.60
1711126098112959356,1711138412002723893,-1,1,2163.8,2166.9,2166.8500000000004,2157.7,sl,-3.25,-325.0,L-Rev|H1|low@2163.80
1711126098112959356,1711321847366108121,-1,1,2163.8,2169.1,2169.05,2153.3,sl,-5.45,-545.0,L-Rev|M15|low@2163.80
1711125037555535903,1711329394359551164,-1,1,2166.4,2171.6,2171.5750000000007,2156.0499999999993,sl,-5.35,-535.0,L-Rev|M15|low@2166.40
1711374136678574662,1711374499780880557,1,1,2182.5,2178.4,2178.45,2188.8,sl,-4.25,-425.0,L-Rev|H1|high@2181.80
1711374101064092489,1711374838814293990,1,1,2179.6,2177.1,2177.15,2184.5,sl,-2.65,-265.0,L-Rev|H1|high@2179.50
1711374101064092489,1711377255191288729,1,1,2179.6,2176.5,2176.5999999999995,2185.6000000000004,sl,-3.25,-325.0,L-Rev|M15|high@2179.50
1711440987480919646,1711444236009619555,1,1,2175.3,2180.8999999999996,2172.3500000000004,2180.8999999999996,tp,5.45,545.0,L-Rev|M15|high@2175.00
1711503759975812072,1711504978520061375,-1,1,2172.2,2175.5,2175.35,2165.8999999999996,sl,-3.45,-345.0,L-Rev|M15|low@2172.20
1711527290187219912,1711528140120557608,1,1,2181.0,2178.2,2178.375,2184.4500000000007,sl,-2.95,-295.0,L-Rev|M15|high@2180.30
1711643190826182101,1711658961472353297,1,1,2238.9,2255.3,2230.55,2255.3,tp,16.25,1625.0,L-Rev|M15|high@2238.70
1711957940183107006,1711963777648218030,-1,1,2278.8,2271.75,2282.3250000000003,2271.75,tp,6.9,690.0,L-Rev|M15|low@2278.80
1712001570811020947,1712004323642557618,1,1,2264.7,2271.0500000000006,2261.375,2271.0500000000006,tp,6.2,620.0,L-Rev|M15|high@2264.50
1712032997648233435,1712050150780903598,1,1,2276.1,2283.6,2272.35,2283.6,tp,7.35,735.0,L-Rev|M15|high@2276.00
1712045165367363907,1712050296542345321,1,1,2280.2,2286.5,2277.0499999999997,2286.5,tp,6.15,615.0,L-Rev|M15|high@2280.10
1712060364757481509,1712064651472327375,-1,1,2275.5,2280.8,2280.75,2265.0,sl,-5.45,-545.0,L-Rev|M15|low@2275.50
1712065734674274469,1712069268684302816,1,1,2287.9,2281.6,2281.625,2299.8499999999995,sl,-6.45,-645.0,L-Rev|M15|high@2287.50
1712071920070667742,1712077964478392273,-1,1,2273.5,2282.3,2282.2999999999997,2256.2,sl,-8.95,-895.0,L-Rev|M15|low@2273.60
1712033179043594011,1712090039472983598,1,1,2279.1,2300.85,2268.225,2300.85,tp,21.6,2160.0,L-Rev|M15|high@2279.00
1712128327471407772,1712131766106013284,-1,1,2296.8,2288.7,2300.8500000000004,2288.7,tp,7.95,795.0,L-Rev|M15|low@2296.80
1712087318537990230,1712131986648063300,1,1,2298.1,2287.8,2287.8,2318.400000000001,sl,-10.45,-1045.0,L-Rev|M15|high@2297.90
1712158582929455912,1712158707925281793,1,1,2308.5,2305.1,2305.1000000000004,2315.000000000001,sl,-3.55,-355.0,L-Rev|M15|high@2308.30
1712192425106652661,1712192733703531931,1,1,2322.8,2319.3,2319.35,2329.7,sl,-3.65,-365.0,L-Rev|M15|high@2322.70
1712231505316924518,1712232512739185986,-1,1,2310.0,2304.2999999999997,2312.8500000000004,2304.2999999999997,tp,5.55,555.0,L-Rev|M15|low@2310.00
1712240873198077773,1712247703729623478,1,1,2314.7,2308.3,2308.7,2326.7,sl,-6.55,-655.0,L-Rev|M15|high@2314.60
1712254823656399305,1712255024598045247,1,1,2320.1,2317.0,2317.025,2326.25,sl,-3.25,-325.0,L-Rev|M15|high@2320.00
1712256991166957481,1712257075507392312,1,1,2324.9,2322.8,2322.85,2329.0,sl,-2.25,-225.0,L-Rev|H1|high@2324.80
1712256991166957481,1712257294782899895,1,1,2324.9,2319.8,2321.525,2331.65,sl,-5.25,-525.0,L-Rev|M15|high@2324.80
1712254800879723046,1712257329229521723,1,1,2319.0,2314.1,2314.125,2328.75,sl,-5.05,-505.0,L-Rev|M15|high@2318.90
1712260017016227720,1712262190615195431,-1,1,2301.8,2310.8,2310.7250000000004,2283.95,sl,-9.15,-915.0,L-Rev|M15|low@2301.80
1712259530523768208,1712262203440170562,-1,1,2304.4,2311.0,2310.925,2294.9499999999994,sl,-6.75,-675.0,L-Rev|M15|low@2305.60
1712320198442198641,1712320201043615197,1,1,2315.5,2309.5,2311.6,2323.3,sl,-6.15,-615.0,L-Rev|M15|high@2315.40
1712538012622359000,1712539211772922080,-1,1,2323.1,2328.9,2328.875,2311.55,sl,-5.95,-595.0,L-Rev|M15|low@2323.10
1712542551589153545,1712543838036416479,1,1,2349.8,2361.3499999999995,2344.0249999999996,2361.3499999999995,tp,11.4,1140.0,L-Rev|M15|high@2349.70
1712572287620773382,1712576908654720126,1,1,2360.4,2355.9,2355.975,2369.25,sl,-4.65,-465.0,L-Rev|M15|high@2360.30
1712577730473588405,1712578652745299111,-1,1,2352.1,2356.6,2356.525,2343.25,sl,-4.65,-465.0,L-Rev|M15|low@2352.10
1712578007342901359,1712598182733169055,-1,1,2350.4,2358.2,2358.125,2334.9500000000007,sl,-7.95,-795.0,L-Rev|M15|low@2350.40
1712625190266242483,1712627950872562674,1,1,2361.6,2357.7,2357.9500000000007,2368.3,sl,-4.05,-405.0,L-Rev|M15|high@2361.30
1712646796675430118,1712651626148681937,1,1,2367.6,2377.2,2362.7999999999997,2377.2,tp,9.45,945.0,L-Rev|M15|high@2367.50
1712646848694627333,1712654458998551725,1,1,2373.4,2381.3,2368.4,2381.3,tp,7.75,775.0,L-Rev|H1|high@2372.50
1712646848694627333,1712665581642866149,1,1,2373.4,2365.9,2366.0999999999995,2385.9,sl,-7.65,-765.0,L-Rev|M15|high@2372.50
1712677874341989867,1712679739974373011,-1,1,2361.5,2365.2,2365.175,2354.1499999999996,sl,-3.85,-385.0,L-Rev|M15|low@2361.50
1712724984322404089,1712735265268728837,1,1,2374.4,2371.0,2371.025,2381.15,sl,-3.55,-355.0,L-Rev|M15|high@2374.30
1712741823068158934,1712742246326894874,-1,1,2362.9,2367.1,2367.1,2354.5,sl,-4.35,-435.0,L-Rev|M15|low@2362.90
1712752213554741049,1712752229574128948,-1,1,2357.0,2351.55,2359.725,2351.55,tp,5.3,530.0,L-Rev|H1|low@2357.00
1712752215117135396,1712752881369157058,-1,1,2356.3,2362.3,2362.3,2344.3,sl,-6.15,-615.0,L-Rev|M15|low@2356.30
1712752213554741049,1712753365091862143,-1,1,2357.0,2363.2,2363.15,2344.7,sl,-6.35,-635.0,L-Rev|M15|low@2357.00
1712804978972349538,1712814647711351234,1,1,2363.8,2356.1,2356.1499999999996,2379.1000000000004,sl,-7.85,-785.0,L-Rev|M15|high@2363.70
1712825460565627916,1712830487620694493,-1,1,2343.9,2352.8,2352.75,2326.2,sl,-9.05,-905.0,L-Rev|M15|low@2343.90
1712823243359048572,1712832522200798492,-1,1,2350.6,2354.6,2354.575,2342.6500000000005,sl,-4.15,-415.0,L-Rev|M15|low@2350.60
1712843165390577960,1712843979456900294,1,1,2364.3,2360.8,2360.8750000000005,2370.8500000000004,sl,-3.65,-365.0,L-Rev|H1|high@2364.10
1712843165390577960,1712843990003745944,1,1,2364.3,2360.4,2360.4500000000003,2371.7000000000003,sl,-4.05,-405.0,L-Rev|M15|high@2364.10
1712853780487632492,1712859369230801271,1,1,2365.3,2380.75,2357.5750000000003,2380.75,tp,15.3,1530.0,L-Rev|M15|high@2365.20
1712858864484454528,1712864549939896541,1,1,2378.3,2383.5,2375.7,2383.5,tp,5.05,505.0,L-Rev|H1|high@2378.10
1712858864399799729,1712864643911995619,1,1,2378.2,2387.5,2373.5499999999997,2387.5,tp,9.15,915.0,L-Rev|M15|high@2378.10
1712855341013406333,1712865424368099186,1,1,2371.1,2391.35,2360.975,2391.35,tp,20.1,2010.0,L-Rev|M15|high@2371.00
1712883604436594830,1712883678828864564,1,1,2397.3,2404.5,2393.7,2404.5,tp,7.05,705.0,L-Rev|M15|high@2397.20
1712929364964468210,1712931156218619267,1,1,2418.4,2429.1000000000004,2412.45,2429.1000000000004,tp,10.55,1055.0,L-Rev|M15|high@2417.90
1712929364964468210,1712931236172330417,1,1,2418.4,2430.000000000001,2412.4499999999994,2430.000000000001,tp,11.45,1145.0,L-Rev|M15|high@2418.20
1712935910843795020,1712935919328957124,-1,1,2400.0,2404.0,2403.975,2392.05,sl,-4.15,-415.0,L-Rev|M15|low@2400.00
1712935875386008207,1712936144366368593,-1,1,2407.4,2414.8,2414.7749999999996,2392.9500000000003,sl,-7.55,-755.0,L-Rev|M15|low@2407.50
1713169985572888378,1713178479925894870,-1,1,2364.2,2371.5,2371.4749999999995,2349.65,sl,-7.45,-745.0,L-Rev|M15|low@2364.20
1713188587720112322,1713188841071252992,-1,1,2360.6,2365.5,2365.325,2351.1499999999996,sl,-5.05,-505.0,L-Rev|M15|low@2360.60
1713190014429104837,1713191507265474927,-1,1,2350.0,2355.9,2355.7,2340.3999999999996,sl,-6.05,-605.0,L-Rev|M15|low@2350.60
1713190014429104837,1713191801066058560,-1,1,2350.0,2356.5,2356.35,2339.1,sl,-6.65,-665.0,L-Rev|H1|low@2350.60
1713202088474020929,1713207246590101560,1,1,2381.1,2391.0,2376.15,2391.0,tp,9.75,975.0,L-Rev|M15|high@2381.00
1713202031442664667,1713207246672194894,1,1,2379.0,2391.500000000001,2372.6000000000004,2391.500000000001,tp,12.35,1235.0,L-Rev|M15|high@2378.80
1713201976466297558,1713209136192034425,1,1,2378.3,2402.449999999999,2366.2250000000004,2402.449999999999,tp,24.0,2400.0,L-Rev|M15|high@2378.20
1713236233666708669,1713248900262500346,1,1,2404.3,2398.5,2398.5250000000005,2415.85,sl,-5.95,-595.0,L-Rev|M15|high@2404.10
1713249095608335492,1713254049197342705,-1,1,2395.6,2384.05,2401.375,2384.05,tp,11.4,1140.0,L-Rev|M15|low@2395.60
1713207227126398195,1713254198204799594,1,1,2389.8,2380.2,2380.2750000000005,2408.85,sl,-9.75,-975.0,L-Rev|M15|high@2389.60
1713269734522554274,1713270077258861959,1,1,2391.8,2386.6,2386.625,2402.149999999999,sl,-5.35,-535.0,L-Rev|M15|high@2391.70
1713280042190331938,1713280322742176333,1,1,2408.6,2405.1,2405.15,2415.5,sl,-3.65,-365.0,L-Rev|H1|high@2408.50
1713280042190331938,1713280331613751181,1,1,2408.6,2404.2,2404.25,2417.2999999999993,sl,-4.55,-455.0,L-Rev|M15|high@2408.50
1713279856960949742,1713280496158047222,1,1,2406.1,2401.8,2401.825,2414.6500000000005,sl,-4.45,-445.0,L-Rev|M15|high@2405.90
1713300885279084734,1713304800065377549,-1,1,2396.3,2379.7999999999993,2404.5500000000006,2379.7999999999993,tp,16.35,1635.0,L-Rev|M15|low@2396.30
1713331563768008712,1713340208111318777,-1,1,2395.2,2398.8,2398.8,2387.9999999999995,sl,-3.75,-375.0,L-Rev|M15|low@2395.20
1713328500015866460,1713341067794726838,-1,1,2396.9,2401.2,2401.175,2388.3499999999995,sl,-4.45,-445.0,L-Rev|M15|low@2396.90
1713341998414710965,1713344298219369814,1,1,2402.4,2408.25,2399.475,2408.25,tp,5.7,570.0,L-Rev|M15|high@2402.30
1713361502122490094,1713362199566837678,1,1,2410.8,2406.2,2406.35,2419.3999999999996,sl,-4.75,-475.0,L-Rev|M15|high@2410.60
1713371637507208926,1713372322033466128,-1,1,2389.0,2380.1500000000005,2393.4249999999997,2380.1500000000005,tp,8.7,870.0,L-Rev|M15|low@2389.00
1713371637507208926,1713372322033466128,-1,1,2389.0,2380.1,2393.45,2380.1,tp,8.75,875.0,L-Rev|H1|low@2389.00
1713371567130757785,1713372339592019678,-1,1,2394.1,2377.5999999999995,2402.3500000000004,2377.5999999999995,tp,16.35,1635.0,L-Rev|M15|low@2394.10
1713372322033466128,1713372628822181966,-1,1,2378.8,2383.5,2383.3999999999996,2370.8,sl,-4.85,-485.0,L-Rev|H1|low@2379.20
1713372322033466128,1713372633617645387,-1,1,2378.8,2383.9,2383.8499999999995,2369.9,sl,-5.25,-525.0,L-Rev|M15|low@2379.20
1713372322033466128,1713377139358537223,-1,1,2378.8,2392.6,2392.575,2353.6499999999996,sl,-13.95,-1395.0,L-Rev|M15|low@2379.60
1713447364046724850,1713447434690329061,-1,1,2392.1,2397.0,2396.975,2382.35,sl,-5.05,-505.0,L-Rev|M15|low@2392.10
1713489126021526242,1713490263744855895,1,1,2404.7,2413.15,2400.3250000000007,2413.15,tp,8.3,830.0,L-Rev|M15|high@2404.50
1713490032644556296,1713490450424458611,1,1,2412.1,2420.8999999999996,2407.7,2420.8999999999996,tp,8.65,865.0,L-Rev|H1|high@2412.00
1713525155104943815,1713527348984875989,-1,1,2388.1,2395.0,2395.0,2375.5,sl,-7.05,-705.0,L-Rev|H1|low@2388.50
1713524642838105496,1713529873551843870,-1,1,2392.5,2398.4,2398.3500000000004,2380.7999999999997,sl,-6.05,-605.0,L-Rev|M15|low@2392.50
1713515264299719511,1713533841706561602,-1,1,2393.0,2401.4,2401.4,2376.2,sl,-8.55,-855.0,L-Rev|M15|low@2393.00
1713525155104943815,1713536249971467769,-1,1,2388.1,2402.5,2402.45,2360.6000000000004,sl,-14.55,-1455.0,L-Rev|M15|low@2388.50
1713539036126513570,1713736860279095092,1,1,2409.0,2401.0,2401.0499999999997,2424.9000000000005,sl,-8.15,-815.0,L-Rev|M15|high@2408.80
1713747134550864111,1713752486554920785,-1,1,2396.0,2387.8999999999996,2400.05,2387.8999999999996,tp,7.95,795.0,L-Rev|M15|low@2396.00
1713768248390588765,1713768471971322263,-1,1,2373.9,2365.6000000000004,2378.2,2365.6000000000004,tp,8.15,815.0,L-Rev|M15|low@2374.00
1713784061771312341,1713785208082305216,-1,1,2365.2,2354.8500000000004,2370.3749999999995,2354.8500000000004,tp,10.2,1020.0,L-Rev|M15|low@2365.20
1713836206814168581,1713836289068222297,-1,1,2338.2,2332.05,2341.2749999999996,2332.05,tp,6.0,600.0,L-Rev|M15|low@2338.20
1713836183477032852,1713836296121519991,-1,1,2339.5,2329.4500000000003,2344.5249999999996,2329.4500000000003,tp,9.9,990.0,L-Rev|M15|low@2339.50
1713802866230438367,1713836296131820681,-1,1,2344.7,2329.0999999999995,2352.5,2329.0999999999995,tp,15.45,1545.0,L-Rev|M15|low@2344.70
1713863482426740387,1713869476603954486,-1,1,2312.3,2319.4,2319.05,2298.8,sl,-7.25,-725.0,L-Rev|M15|low@2312.30
1713863846187793625,1713874014309423953,-1,1,2308.1,2320.7,2320.475,2285.1499999999996,sl,-12.75,-1275.0,L-Rev|M15|low@2308.70
1713875771692276002,1713879935296039031,1,1,2324.9,2336.6000000000013,2319.0499999999997,2336.6000000000013,tp,11.55,1155.0,L-Rev|M15|high@2324.80
1713970804926598403,1713972632345178870,1,1,2346.0,2342.7,2342.7000000000007,2352.3,sl,-3.45,-345.0,L-Rev|H1|high@2345.80
1713970801531543755,1713973089542124021,1,1,2344.5,2340.2,2340.2999999999997,2352.9000000000005,sl,-4.45,-445.0,L-Rev|M15|high@2344.40
1713970804788965776,1713974316756705889,1,1,2345.9,2336.7,2336.7499999999995,2364.200000000001,sl,-9.35,-935.0,L-Rev|M15|high@2345.80
1714014610395183163,1714014799527287856,-1,1,2325.4,2322.3499999999995,2328.875,2322.3499999999995,tp,2.9,290.0,L-Rev|M15|low@2326.70
1714055739337456723,1714056018043736641,1,1,2353.9,2356.6000000000004,2348.2,2356.6000000000004,tp,2.55,255.0,L-Rev|H1|high@2350.90
1714055739337456723,1714056856709435481,1,1,2353.9,2345.2,2345.2250000000004,2362.5499999999997,sl,-8.85,-885.0,L-Rev|M15|high@2350.90
1714116056327350431,1714116791483738784,1,1,2358.5,2355.0,2355.0249999999996,2363.3499999999995,sl,-3.65,-365.0,L-Rev|H1|high@2357.60
1714116056327350431,1714142244950639476,1,1,2358.5,2346.4,2346.4749999999995,2380.4500000000003,sl,-12.25,-1225.0,L-Rev|M15|high@2357.60
1714352432321897236,1714353357497813438,-1,1,2340.1,2334.25,2343.1749999999997,2334.25,tp,5.7,570.0,L-Rev|H1|low@2340.20
1714375999329358172,1714394091009311002,1,1,2347.8,2343.4,2343.45,2356.5,sl,-4.55,-455.0,L-Rev|M15|high@2347.70
1714398122215663919,1714398432048812368,-1,1,2338.5,2342.9,2342.8500000000004,2330.7,sl,-4.55,-455.0,L-Rev|M15|low@2338.80
1714407767035261018,1714412773546988653,1,1,2357.0,2352.5,2352.575,2363.1499999999996,sl,-4.65,-465.0,L-Rev|M15|high@2356.00
1714431955735041800,1714440612541540702,-1,1,2344.6,2347.2,2347.15,2339.5,sl,-2.75,-275.0,L-Rev|M15|low@2344.60
1714498032813110435,1714514400060940318,-1,1,2303.0,2290.3999999999996,2309.3,2290.3999999999996,tp,12.45,1245.0,L-Rev|M15|low@2303.00
1714588732700775489,1714589407540725121,1,1,2329.1,2337.2000000000007,2325.0499999999993,2337.2000000000007,tp,7.95,795.0,L-Rev|M15|high@2329.00
1714588140645735614,1714642173495854101,1,1,2321.6,2311.6,2311.625,2341.55,sl,-10.15,-1015.0,L-Rev|M15|high@2321.50
1714654757453054476,1714660441443765065,-1,1,2304.1,2309.3,2309.275,2293.75,sl,-5.35,-535.0,L-Rev|M15|low@2304.10
1714672472041930149,1714696029546239921,1,1,2316.6,2310.0,2310.075,2329.6500000000005,sl,-6.75,-675.0,L-Rev|M15|high@2316.50
1714719255470800624,1714723775899502548,-1,1,2308.6,2310.7,2310.7,2304.3999999999996,sl,-2.25,-225.0,L-Rev|M15|low@2308.60
1714662033426580071,1714734854198047120,1,1,2315.3,2304.7,2304.725,2334.6499999999996,sl,-10.75,-1075.0,L-Rev|M15|high@2314.60
1714734750177985593,1714739401064894135,-1,1,2306.4,2311.4,2310.0,2299.2,sl,-5.15,-515.0,L-Rev|M15|low@2306.40
1714644731589261598,1714739407892453249,-1,1,2305.8,2321.1,2320.6500000000005,2276.1,sl,-15.45,-1545.0,L-Rev|M15|low@2305.80
1714739405492716698,1714739407893311300,1,1,2318.9,2322.85,2316.925,2322.85,tp,3.8,380.0,L-Rev|H1|high@2318.70
1714739405080541103,1714739418437422330,1,1,2317.9,2324.600000000001,2314.25,2324.600000000001,tp,6.55,655.0,L-Rev|M15|high@2317.60
1714739405492716698,1714739418581548209,1,1,2318.9,2326.2999999999997,2315.0499999999997,2326.2999999999997,tp,7.25,725.0,L-Rev|M15|high@2318.70
1714743205013096489,1714743355938387042,-1,1,2292.4,2286.0,2298.4500000000003,2286.0,tp,6.25,625.0,L-Rev|H1|low@2294.30
1714743205024494600,1714744286034183344,-1,1,2291.2,2299.3,2299.225,2276.6499999999996,sl,-8.25,-825.0,L-Rev|H4|low@2291.70
1714743205013096489,1714744800011634019,-1,1,2292.4,2307.8,2303.975,2274.9500000000007,sl,-15.55,-1555.0,L-Rev|M15|low@2294.30
1714767482824570890,1714951916465716163,1,1,2312.4,2307.7,2307.8500000000004,2320.9000000000005,sl,-4.85,-485.0,L-Rev|M15|high@2312.00
1714952087088701283,1714957303604050387,-1,1,2304.7,2308.5,2308.45,2297.2,sl,-3.95,-395.0,L-Rev|M15|low@2304.70
1714957496409949472,1714957578305496408,1,1,2314.8,2311.9,2311.925,2320.2499999999995,sl,-3.05,-305.0,L-Rev|M15|high@2314.60
1714980414737230771,1714999443276754369,1,1,2324.8,2333.1000000000004,2320.5000000000005,2333.1000000000004,tp,8.15,815.0,L-Rev|M15|high@2324.50
1714980476875888918,1714999509267776077,1,1,2325.7,2334.2999999999997,2321.25,2334.2999999999997,tp,8.45,845.0,L-Rev|H1|high@2330.70
1714999443276754369,1715006346679741787,1,1,2333.3,2329.0,2329.0249999999996,2341.8500000000004,sl,-4.45,-445.0,L-Rev|M15|high@2333.10
1715061704421913489,1715069662664119276,-1,1,2327.9,2320.9999999999995,2331.8,2320.9999999999995,tp,6.75,675.0,L-Rev|M15|low@2328.20
1715083220275957553,1715085321877336716,-1,1,2320.0,2323.4,2323.375,2313.25,sl,-3.55,-355.0,L-Rev|M15|low@2320.00
1715101572884761652,1715102878349581360,-1,1,2320.0,2324.4,2324.375,2311.55,sl,-4.55,-455.0,L-Rev|M15|low@2320.10
1715131052215026220,1715132110105842124,-1,1,2320.0,2315.3500000000004,2322.325,2315.3500000000004,tp,4.5,450.0,L-Rev|M15|low@2320.00
1715132004623611355,1715136821473421872,-1,1,2319.3,2322.9,2322.9,2312.1000000000004,sl,-3.75,-375.0,L-Rev|M15|low@2319.30
1715141639505383952,1715149830493400854,1,1,2326.0,2323.2,2323.225,2331.55,sl,-2.95,-295.0,L-Rev|M15|high@2325.80
1715155160520865191,1715161177047133609,-1,1,2314.1,2318.5,2318.2999999999997,2305.7,sl,-4.55,-455.0,L-Rev|M15|low@2314.10
1715182634660264996,1715191400270643537,1,1,2327.3,2320.9,2320.9,2339.7999999999993,sl,-6.55,-655.0,L-Rev|M15|high@2327.10
1715258020558246977,1715258316129996058,1,1,2330.1,2332.05,2327.775,2332.05,tp,1.8,180.0,L-Rev|H1|high@2329.00
1715258020558246977,1715258488567841227,1,1,2330.1,2335.5499999999997,2326.9249999999997,2335.5499999999997,tp,5.3,530.0,L-Rev|H1|high@2329.60
1715258020558246977,1715260243169779619,1,1,2330.1,2326.0,2326.025,2337.0499999999993,sl,-4.25,-425.0,L-Rev|M15|high@2329.60
1715258020558246977,1715260249862786559,1,1,2330.1,2325.2,2325.2,2336.8999999999996,sl,-5.05,-505.0,L-Rev|M15|high@2329.00
1715283406163113739,1715304139326464598,1,1,2345.9,2362.4,2337.65,2362.4,tp,16.35,1635.0,L-Rev|M15|high@2345.80
1715317959832022721,1715323352972492469,1,1,2363.0,2371.7,2358.65,2371.7,tp,8.55,855.0,L-Rev|M15|high@2362.80
1715563687584726952,1715565462625174828,-1,1,2363.1,2365.6,2365.5499999999997,2358.2,sl,-2.65,-265.0,L-Rev|H1|low@2363.10
1715644176816681259,1715647178419915802,1,1,2344.8,2342.1,2342.15,2349.8,sl,-2.85,-285.0,L-Rev|M15|high@2344.60
1715647444324101955,1715648464884517923,-1,1,2341.3,2342.9,2342.875,2338.1500000000005,sl,-1.75,-175.0,L-Rev|M15|low@2341.30
1715612641099794357,1715659786086288649,-1,1,2343.3,2350.4,2350.325,2331.6500000000005,sl,-7.25,-725.0,L-Rev|M15|low@2344.10
1715689197337326323,1715689457853294840,1,1,2354.1,2350.5,2350.575,2361.1499999999996,sl,-3.75,-375.0,L-Rev|M15|high@2354.00
1715677488808923416,1715689800371884055,1,1,2351.7,2347.5,2347.8,2359.4999999999995,sl,-4.35,-435.0,L-Rev|M15|high@2351.50
1715692292800200877,1715758466024168131,1,1,2356.9,2370.1500000000005,2349.6749999999997,2370.1500000000005,tp,13.1,1310.0,L-Rev|M15|high@2356.30
1715709733564639105,1715761810957923422,1,1,2363.1,2374.85,2357.0750000000007,2374.85,tp,11.6,1160.0,L-Rev|M15|high@2362.90
1715781135086369178,1715781580066930745,-1,1,2359.4,2363.0,2362.925,2355.05,sl,-3.75,-375.0,L-Rev|M15|low@2360.30
1715781132081465327,1715781842851604555,-1,1,2361.0,2363.8,2363.775,2355.45,sl,-2.95,-295.0,L-Rev|M15|low@2361.00
1715842789843631128,1715844243550532678,-1,1,2391.2,2394.5,2394.5,2384.5999999999995,sl,-3.45,-345.0,L-Rev|M15|low@2391.20
1715909269525646202,1715910992588978866,-1,1,2380.4,2382.3,2382.275,2376.65,sl,-2.05,-205.0,L-Rev|M15|low@2380.40
1715923957621205240,1715945144070017277,1,1,2385.9,2392.3500000000004,2382.675,2392.3500000000004,tp,6.3,630.0,L-Rev|M15|high@2385.80
1715926519024466523,1715949837907562233,1,1,2388.5,2394.7000000000003,2385.250000000001,2394.7000000000003,tp,6.05,605.0,L-Rev|M15|high@2388.30
1715950078452439389,1715950973156218041,1,1,2396.1,2402.5499999999993,2392.875,2402.5499999999993,tp,6.3,630.0,L-Rev|M15|high@2396.00
1715950973156218041,1715951209524022046,1,1,2403.3,2400.2,2400.2,2407.9999999999995,sl,-3.25,-325.0,L-Rev|H1|high@2402.70
1715950802621990076,1715951654949731040,1,1,2399.0,2406.7000000000007,2395.0000000000005,2406.7000000000007,tp,7.55,755.0,L-Rev|M15|high@2398.80
1715786009418134102,1715956819574201858,1,1,2386.5,2412.8999999999996,2373.3,2412.8999999999996,tp,26.25,2625.0,L-Rev|M15|high@2386.40
1715950973156218041,1715956831543052336,1,1,2403.3,2413.2999999999997,2397.7,2413.2999999999997,tp,9.85,985.0,L-Rev|H4|high@2402.70
1715950973156218041,1715957444321173163,1,1,2403.3,2416.149999999999,2396.125,2416.149999999999,tp,12.7,1270.0,L-Rev|M15|high@2402.70
1715971455281346124,1715972485808106988,1,1,2423.8,2416.2,2416.3749999999995,2438.6499999999996,sl,-7.75,-775.0,L-Rev|M15|high@2423.70
1716183024571732320,1716187102989458650,1,1,2445.1,2435.9,2436.3249999999994,2462.650000000001,sl,-9.35,-935.0,L-Rev|M15|high@2445.00
1716204520028230554,1716207725029202274,-1,1,2435.8,2419.9000000000005,2443.75,2419.9000000000005,tp,15.75,1575.0,L-Rev|M15|low@2435.80
1716207692250010004,1716218035999110142,-1,1,2420.9,2428.8,2428.725,2405.55,sl,-8.05,-805.0,L-Rev|M15|low@2421.00
1716256515625018385,1716257651081241397,-1,1,2427.6,2420.25,2431.275,2420.25,tp,7.2,720.0,L-Rev|M15|low@2427.60
1716289528995936139,1716303811602407295,1,1,2426.1,2436.75,2420.775,2436.75,tp,10.5,1050.0,L-Rev|M15|high@2425.90
1716303858452708943,1716306278743330077,1,1,2437.3,2427.5,2427.525,2456.55,sl,-9.95,-995.0,L-Rev|M15|high@2436.90
1716343596158786632,1716345001592537919,1,1,2429.3,2427.2,2427.2,2433.5,sl,-2.25,-225.0,L-Rev|M15|high@2429.20
1716346105563580775,1716353426288776532,-1,1,2421.3,2415.45,2424.2250000000004,2415.45,tp,5.7,570.0,L-Rev|M15|low@2421.30
1716350247395212607,1716357726367631044,-1,1,2415.9,2421.1,2421.0750000000003,2405.55,sl,-5.35,-535.0,L-Rev|M15|low@2415.90
1716366504851672934,1716367210182618584,-1,1,2414.6,2418.8,2418.725,2406.35,sl,-4.35,-435.0,L-Rev|M15|low@2414.60
1716372271200754052,1716376805555107520,1,1,2422.2,2416.8,2416.875,2432.8499999999995,sl,-5.55,-555.0,L-Rev|M15|high@2422.10
1716378196481647658,1716378508845306134,-1,1,2408.3,2412.2,2412.1,2401.3,sl,-4.05,-405.0,L-Rev|H1|low@2408.50
1716378196481647658,1716378622612697696,-1,1,2408.3,2412.7,2412.625,2400.25,sl,-4.55,-455.0,L-Rev|M15|low@2408.50
1716377900058835989,1716380693100121410,-1,1,2414.0,2417.5,2417.45,2407.1000000000004,sl,-3.65,-365.0,L-Rev|M15|low@2414.00
1716378170244287006,1716380742714335660,-1,1,2412.1,2418.0,2417.95,2400.4000000000005,sl,-6.05,-605.0,L-Rev|M15|low@2412.10
1716386843120968731,1716387555167063359,-1,1,2407.4,2392.8499999999995,2415.5750000000003,2392.8499999999995,tp,14.4,1440.0,L-Rev|M15|low@2408.00
1716402120360198055,1716427864489549891,-1,1,2384.1,2370.45,2392.7250000000004,2370.45,tp,13.5,1350.0,L-Rev|M15|low@2385.30
1716442713124973844,1716472215607578646,-1,1,2368.4,2356.4,2374.4,2356.4,tp,11.85,1185.0,L-Rev|M15|low@2368.40
1716472154173944270,1716472803027798368,-1,1,2356.7,2362.1,2362.0249999999996,2346.9500000000003,sl,-5.55,-555.0,L-Rev|M15|low@2357.00
1716472154173944270,1716472804097460479,-1,1,2356.7,2362.3,2362.2750000000005,2345.85,sl,-5.75,-575.0,L-Rev|M15|low@2356.80
1716512791826754433,1716513314060742028,-1,1,2328.1,2330.5,2330.4249999999997,2323.45,sl,-2.55,-255.0,L-Rev|M15|low@2328.10
1716494590613738387,1716528614818219165,-1,1,2332.3,2336.6,2336.525,2324.15,sl,-4.45,-445.0,L-Rev|M15|low@2332.40
1716528615264635880,1716541995832750982,1,1,2336.7,2344.3499999999995,2332.875,2344.3499999999995,tp,7.5,750.0,L-Rev|M15|high@2336.50
1716557384423245120,1716558476752555704,1,1,2346.0,2340.8,2340.825,2356.3500000000004,sl,-5.35,-535.0,L-Rev|M15|high@2345.40
1716776699775980056,1716778811410053311,1,1,2342.3,2348.0,2339.45,2348.0,tp,5.55,555.0,L-Rev|M15|high@2342.20
1716810039996501165,1716810520920047508,1,1,2347.5,2344.8,2344.875,2352.75,sl,-2.85,-285.0,L-Rev|M15|high@2347.30
1716812389646218619,1716814853878264992,1,1,2349.0,2347.1,2347.175,2352.6499999999996,sl,-2.05,-205.0,L-Rev|H1|high@2348.90
1716812389646218619,1716817662652602507,1,1,2349.0,2355.4500000000003,2345.7749999999996,2355.4500000000003,tp,6.3,630.0,L-Rev|M15|high@2348.90
1716876083706983213,1716879481590776132,-1,1,2350.1,2342.6000000000004,2353.8499999999995,2342.6000000000004,tp,7.35,735.0,L-Rev|M15|low@2350.10
1716899235397749748,1716900857024776579,1,1,2357.2,2354.1,2354.125,2363.3499999999995,sl,-3.25,-325.0,L-Rev|M15|high@2357.10
1716902151105964672,1716902462653472948,1,1,2360.2,2363.35,2358.625,2363.35,tp,3.0,300.0,L-Rev|H1|high@2360.00
1716961027085473630,1716961490318309768,1,1,2361.8,2358.3,2358.3250000000003,2368.4500000000003,sl,-3.65,-365.0,L-Rev|M15|high@2361.60
1716983595172279008,1716985935827424871,-1,1,2339.9,2343.8,2343.8,2334.8,sl,-4.05,-405.0,L-Rev|M15|low@2340.80
1716971015547013258,1716987186522715907,-1,1,2348.6,2337.2,2354.2999999999997,2337.2,tp,11.25,1125.0,L-Rev|M15|low@2348.60
1716983595172279008,1716988293942570242,-1,1,2339.9,2344.4,2344.3500000000004,2333.7000000000003,sl,-4.65,-465.0,L-Rev|H1|low@2340.80
1717012797287017376,1717016340070861292,-1,1,2335.8,2340.0,2339.4,2328.6000000000004,sl,-4.35,-435.0,L-Rev|M15|low@2335.80
1717029414931613873,1717031537582810279,-1,1,2334.2,2337.3,2337.225,2328.1499999999996,sl,-3.25,-325.0,L-Rev|H1|low@2334.20
1717047163442861894,1717051816717238583,-1,1,2326.4,2329.6,2329.5249999999996,2320.7500000000005,sl,-3.35,-335.0,L-Rev|M15|low@2326.60
1717066794744828496,1717068092316059065,1,1,2340.0,2335.4,2335.725,2346.75,sl,-4.75,-475.0,L-Rev|M15|high@2339.10
1717029414931613873,1717072515103632743,-1,1,2334.2,2343.0,2342.375,2317.8499999999995,sl,-8.95,-895.0,L-Rev|M15|low@2334.20
1717076150622466248,1717076354031776858,1,1,2344.2,2341.4,2341.475,2349.3500000000013,sl,-2.95,-295.0,L-Rev|M15|high@2343.90
1717097146834409194,1717101008622000418,-1,1,2338.6,2347.0,2342.2,2331.4000000000005,sl,-8.55,-855.0,L-Rev|M15|low@2338.60
1717117023571857590,1717117390019716927,1,1,2368.8,2366.6,2366.6249999999995,2373.1499999999996,sl,-2.35,-235.0,L-Rev|M15|high@2368.70
1717158608740388368,1717158616037200990,1,1,2368.7,2364.7,2364.7250000000004,2374.8500000000004,sl,-4.15,-415.0,L-Rev|M15|high@2368.00
1717158751519805223,1717160419329479203,1,1,2369.2,2378.3499999999995,2364.625,2378.3499999999995,tp,9.0,900.0,L-Rev|M15|high@2369.00
1717164770122909925,1717165070075016506,-1,1,2360.7,2363.7,2363.7,2354.7,sl,-3.15,-315.0,L-Rev|M15|low@2360.70
1717166063894737507,1717166098759417003,-1,1,2358.3,2360.7,2360.55,2353.8,sl,-2.55,-255.0,L-Rev|H1|low@2358.30
1717166063894737507,1717166305085663447,-1,1,2358.3,2362.4,2362.3500000000004,2350.2,sl,-4.25,-425.0,L-Rev|M15|low@2358.30
1717181539318169098,1717185188487926548,-1,1,2343.3,2348.4,2348.3500000000004,2333.2000000000003,sl,-5.25,-525.0,L-Rev|H4|low@2343.30
1717377754092797998,1717382797273964390,1,1,2351.4,2346.7,2346.75,2360.7000000000007,sl,-4.85,-485.0,L-Rev|M15|high@2351.20
1717411356267008995,1717416082280545664,1,1,2352.1,2348.0,2348.05,2358.3999999999996,sl,-4.25,-425.0,L-Rev|M15|high@2351.40
1717409932853823109,1717423200073900899,1,1,2349.8,2358.3999999999996,2345.3500000000004,2358.3999999999996,tp,8.45,845.0,L-Rev|M15|high@2349.50
1717499754520213631,1717503735352874393,-1,1,2346.6,2351.1,2351.0249999999996,2337.7500000000005,sl,-4.65,-465.0,L-Rev|M15|low@2346.60
1717500473314202535,1717504141444055865,-1,1,2345.8,2352.9,2352.875,2331.9500000000007,sl,-7.25,-725.0,L-Rev|M15|low@2345.90
1717509382219298786,1717509645373963468,-1,1,2345.2,2350.9,2350.825,2333.95,sl,-5.85,-585.0,L-Rev|M15|low@2345.20
1717549476335818098,1717549685458673272,-1,1,2345.8,2347.2,2347.0,2343.400000000001,sl,-1.55,-155.0,L-Rev|M15|low@2345.80
1717591980474559088,1717596321811518353,1,1,2361.8,2357.4,2357.45,2370.5,sl,-4.55,-455.0,L-Rev|M15|high@2361.70
1717635759378858597,1717636269730017701,1,1,2377.1,2380.0999999999995,2375.6000000000004,2380.0999999999995,tp,2.85,285.0,L-Rev|M15|high@2377.00
1717635849081742680,1717636469696812513,1,1,2377.8,2381.2,2375.95,2381.2,tp,3.25,325.0,L-Rev|H1|high@2377.60
1717679066127192384,1717679461089466108,-1,1,2373.4,2377.0,2376.925,2366.3500000000004,sl,-3.75,-375.0,L-Rev|M15|low@2373.40
1717687840586256366,1717689770568393841,1,1,2394.8,2392.2,2392.2000000000003,2399.7000000000003,sl,-2.75,-275.0,L-Rev|H1|high@2394.60
1717687840571597427,1717690810593229834,1,1,2394.7,2391.3,2391.3999999999996,2401.3,sl,-3.55,-355.0,L-Rev|M15|high@2394.60
1717731934599673333,1717739858946596885,1,1,2399.0,2393.8,2393.825,2409.3500000000004,sl,-5.35,-535.0,L-Rev|M15|high@2398.90
1717747332520695683,1717747379464716187,-1,1,2388.0,2382.75,2390.625,2382.75,tp,5.1,510.0,L-Rev|M15|low@2388.00
1717747332512389866,1717747473223999497,-1,1,2388.3,2379.1500000000005,2392.875,2379.1500000000005,tp,9.0,900.0,L-Rev|M15|low@2388.30
1717747668720855651,1717747755787879779,-1,1,2371.8,2375.2,2375.125,2366.3499999999995,sl,-3.55,-355.0,L-Rev|H1|low@2372.20
1717747668720855651,1717754543240429757,-1,1,2371.8,2353.7499999999995,2381.425,2353.7499999999995,tp,17.9,1790.0,L-Rev|M15|low@2372.20
1717985116055829650,1717987059009068443,1,1,2317.2,2313.6,2313.6,2324.3999999999996,sl,-3.75,-375.0,L-Rev|M15|high@2317.00
1717992130267037789,1718006039040717974,-1,1,2310.8,2314.5,2314.475,2303.4500000000007,sl,-3.85,-385.0,L-Rev|M15|low@2310.80
1718014577695191425,1718020502501852397,1,1,2314.8,2322.6000000000004,2310.8999999999996,2322.6000000000004,tp,7.65,765.0,L-Rev|M15|high@2314.70
1718062356395493300,1718062548604021703,-1,1,2326.0,2327.7,2327.6499999999996,2322.7000000000003,sl,-1.85,-185.0,L-Rev|M15|low@2326.00
1718035302053736474,1718070937051829058,1,1,2326.4,2320.2,2320.25,2338.7000000000007,sl,-6.35,-635.0,L-Rev|M15|high@2326.30
1718108259287163698,1718108877405036965,1,1,2330.1,2332.7000000000003,2328.6499999999996,2332.7000000000003,tp,2.45,245.0,L-Rev|M15|high@2329.90
1718173288720433306,1718173442575342532,1,1,2334.5,2332.5,2332.55,2338.3999999999996,sl,-2.15,-215.0,L-Rev|M15|high@2334.40
1718108044802620114,1718195401077787647,1,1,2329.2,2342.2499999999995,2322.675,2342.2499999999995,tp,12.9,1290.0,L-Rev|M15|high@2329.10
1718241183574377784,1718242589095283885,-1,1,2332.2,2324.9999999999995,2335.8,2324.9999999999995,tp,7.05,705.0,L-Rev|M15|low@2332.20
1718241928915941319,1718244372017900499,-1,1,2327.5,2330.8,2330.675,2321.4499999999994,sl,-3.45,-345.0,L-Rev|M15|low@2327.60
1718278775602839046,1718281801275937219,-1,1,2323.8,2327.3,2326.4500000000003,2318.5,sl,-3.65,-365.0,L-Rev|H1|low@2323.80
1718278775602839046,1718281806298088528,-1,1,2323.8,2328.8,2328.5250000000005,2314.3499999999995,sl,-5.15,-515.0,L-Rev|M15|low@2323.80
1718241924612096623,1718282157489831043,-1,1,2328.2,2336.8,2336.75,2311.0999999999995,sl,-8.75,-875.0,L-Rev|M15|low@2328.20
1718282157434623856,1718286607767187803,1,1,2336.5,2330.4,2330.4249999999997,2348.6500000000005,sl,-6.25,-625.0,L-Rev|M15|high@2336.00
1718293673864173016,1718348400232488052,-1,1,2319.2,2327.9,2327.825,2301.95,sl,-8.85,-885.0,L-Rev|M15|low@2319.20
1718346094372549375,1718352371245525820,1,1,2327.3,2334.4500000000003,2323.7250000000004,2334.4500000000003,tp,7.0,700.0,L-Rev|H1|high@2342.40
1718386588093094561,1718577559495388719,1,1,2351.6,2343.8,2343.8500000000004,2366.800000000001,sl,-7.95,-795.0,L-Rev|M15|high@2351.30
1718360488542117210,1718606373649303505,1,1,2342.6,2330.6,2330.6499999999996,2366.2000000000003,sl,-12.15,-1215.0,L-Rev|M15|high@2342.40
1718630378789106695,1718631362735588575,1,1,2341.3,2337.3,2337.325,2349.25,sl,-4.15,-415.0,L-Rev|M15|high@2341.20
1718629817178764273,1718631865237466809,1,1,2337.8,2334.5,2334.5,2343.5,sl,-3.45,-345.0,L-Rev|M15|high@2337.40
1718638434043400028,1718639102359172509,-1,1,2328.8,2325.6,2332.35,2325.6,tp,3.05,305.0,L-Rev|H1|low@2330.10
1718638434043400028,1718651718082891434,-1,1,2328.8,2334.9,2334.9,2320.5,sl,-6.25,-625.0,L-Rev|M15|low@2330.10
1718638429213353898,1718668807235711410,-1,1,2331.3,2336.2,2336.175,2321.55,sl,-5.05,-505.0,L-Rev|M15|low@2331.30
1718719027630830233,1718719280001152640,1,1,2341.6,2339.1,2339.1000000000004,2345.4000000000005,sl,-2.65,-265.0,L-Rev|H1|high@2341.10
1718718781972930302,1718719850573869543,1,1,2340.6,2338.4,2338.425,2344.9499999999994,sl,-2.35,-235.0,L-Rev|M15|high@2340.50
1718719027630830233,1718721912256933776,1,1,2341.6,2337.5,2337.55,2348.8,sl,-4.25,-425.0,L-Rev|M15|high@2341.10
1718725267159827357,1718731656081603627,1,1,2342.9,2346.7999999999997,2340.7999999999997,2346.7999999999997,tp,3.75,375.0,L-Rev|H1|high@2342.60
1718759242151577605,1718761273299100404,-1,1,2342.2,2344.1,2344.0750000000003,2338.449999999999,sl,-2.05,-205.0,L-Rev|M15|low@2342.20
1718780712137027908,1718780984829149380,1,1,2346.4,2344.8,2344.8250000000003,2349.55,sl,-1.75,-175.0,L-Rev|M15|high@2346.30
1718795129339119737,1718796362933543571,-1,1,2341.1,2342.7,2342.625,2338.05,sl,-1.75,-175.0,L-Rev|H1|low@2341.10
1718795129339119737,1718796782929244637,-1,1,2341.1,2343.8,2343.7249999999995,2335.8500000000004,sl,-2.85,-285.0,L-Rev|M15|low@2341.10
1718795063741404395,1718796905351549292,-1,1,2341.4,2344.2,2344.175,2335.8500000000004,sl,-2.95,-295.0,L-Rev|M15|low@2341.40
1718842169081799126,1718845224921253509,-1,1,2342.3,2344.0,2343.95,2339.0000000000005,sl,-1.85,-185.0,L-Rev|M15|low@2342.30
1718725267150473168,1718847743892155239,1,1,2342.7,2352.7499999999995,2337.675,2352.7499999999995,tp,9.9,990.0,L-Rev|M15|high@2342.60
1718949069160607343,1718950948443266663,1,1,2378.5,2374.9,2374.9500000000003,2385.300000000001,sl,-3.75,-375.0,L-Rev|M15|high@2378.30
1718957769631998243,1718957838463448285,1,1,2379.8,2378.0,2378.0,2382.8,sl,-1.95,-195.0,L-Rev|H1|high@2379.50
1718957769629761059,1718964402501374445,1,1,2379.4,2375.0,2375.05,2388.0999999999995,sl,-4.55,-455.0,L-Rev|M15|high@2379.30
1718969948648834479,1718970490062239772,1,1,2382.2,2378.4,2378.425,2389.4500000000007,sl,-3.95,-395.0,L-Rev|M15|high@2381.90
1718974493464364737,1718976340935842275,-1,1,2374.9,2367.9999999999995,2378.3500000000004,2367.9999999999995,tp,6.75,675.0,L-Rev|M15|low@2374.90
1718976336650327018,1718977500021018277,-1,1,2368.6,2359.3,2373.25,2359.3,tp,9.15,915.0,L-Rev|M15|low@2368.60
1718978748091602845,1718978980928389690,-1,1,2345.2,2348.5,2348.4249999999997,2338.75,sl,-3.45,-345.0,L-Rev|M15|low@2345.20
1718977995325804893,1718992204166328617,-1,1,2348.7,2329.949999999999,2358.0750000000003,2329.949999999999,tp,18.6,1860.0,L-Rev|M15|low@2348.70
1719207013625117465,1719207432750700174,1,1,2339.3,2337.2,2337.2499999999995,2343.1000000000004,sl,-2.25,-225.0,L-Rev|M15|high@2339.10
1719221602953665951,1719221996709163623,-1,1,2333.3,2338.3,2338.25,2324.2999999999993,sl,-5.15,-515.0,L-Rev|M15|low@2333.60
1719266400131745878,1719266400139437969,1,1,2346.8,2342.8000000000006,2334.7,2342.8000000000006,tp,-4.15,-415.0,L-Rev|M15|high@2347.50
1719252903929309349,1719275164374603363,1,1,2346.6,2341.2,2341.2,2357.4000000000005,sl,-5.55,-555.0,L-Rev|M15|high@2346.50
1719280268503730420,1719284951155322131,-1,1,2335.6,2341.0,2340.9249999999997,2324.95,sl,-5.55,-555.0,L-Rev|M15|low@2335.60
1719278874442078560,1719293462370699338,-1,1,2339.3,2342.1,2342.0000000000005,2333.8999999999996,sl,-2.95,-295.0,L-Rev|M15|low@2339.30
1719305901780565955,1719310096927190713,1,1,2342.5,2347.8999999999996,2339.8,2347.8999999999996,tp,5.25,525.0,L-Rev|M15|high@2342.30
1719320473764592495,1719320560782500228,-1,1,2334.7,2337.3,2337.275,2329.8500000000004,sl,-2.75,-275.0,L-Rev|H1|low@2334.80
1719320473764592495,1719320585157397093,-1,1,2334.7,2337.4,2337.35,2329.7000000000007,sl,-2.85,-285.0,L-Rev|M15|low@2334.80
1719320473764592495,1719320735301594591,-1,1,2334.7,2338.6,2338.55,2328.1999999999994,sl,-4.05,-405.0,L-Rev|M15|low@2335.10
1719322509753513293,1719322853860886988,-1,1,2332.8,2336.3,2336.2000000000003,2326.3,sl,-3.65,-365.0,L-Rev|M15|low@2332.90
1719381859525637626,1719383551854620827,-1,1,2322.0,2326.1,2326.05,2313.8999999999996,sl,-4.25,-425.0,L-Rev|M15|low@2322.00
1719397365336744364,1719403401222314041,-1,1,2321.3,2326.2,2326.1000000000004,2311.7,sl,-5.05,-505.0,L-Rev|M15|low@2321.30
1719492002762985353,1719495687055204482,1,1,2337.7,2330.3,2330.3750000000005,2347.249999999999,sl,-7.55,-755.0,L-Rev|M15|high@2335.80
1719489913955460058,1719496867216201823,1,1,2330.3,2339.45,2325.725,2339.45,tp,9.0,900.0,L-Rev|M15|high@2330.10
1719491988243146987,1719496867569520219,1,1,2333.3,2339.75,2330.0750000000003,2339.75,tp,6.3,630.0,L-Rev|M15|high@2333.10
1719536019691056918,1719544461784005355,-1,1,2333.3,2335.4,2335.325,2329.2500000000005,sl,-2.25,-225.0,L-Rev|M15|low@2333.30
1719553254624932926,1719563088174756774,1,1,2335.7,2339.9,2333.5999999999995,2339.9,tp,4.05,405.0,L-Rev|M15|high@2335.60
1719562956743055129,1719563212386447204,1,1,2339.7,2341.9999999999995,2338.4000000000005,2341.9999999999995,tp,2.15,215.0,L-Rev|M15|high@2339.40
1719563212386447204,1719563297148298820,1,1,2342.9,2340.2,2340.25,2346.1000000000004,sl,-2.85,-285.0,L-Rev|H1|high@2342.00
1719489912621962577,1719570766551798342,1,1,2329.9,2346.7,2321.5,2346.7,tp,16.65,1665.0,L-Rev|M15|high@2329.80
1719563212386447204,1719585562477799008,1,1,2342.9,2335.5,2335.5,2355.2999999999993,sl,-7.55,-755.0,L-Rev|M15|high@2342.00
1719604991040923871,1719784800264960147,-1,1,2333.2,2337.4,2337.3999999999996,2324.8,sl,-4.35,-435.0,L-Rev|M15|low@2333.20
1719808487777000572,1719814819462068193,-1,1,2332.3,2335.6,2335.6,2325.7000000000007,sl,-3.45,-345.0,L-Rev|M15|low@2332.30
1719843739631111291,1719846222143555196,-1,1,2331.7,2335.2,2335.075,2324.95,sl,-3.65,-365.0,L-Rev|M15|low@2331.70
1719871200234289001,1719885335805131331,1,1,2341.6,2343.45,2334.6750000000006,2343.45,tp,1.7,170.0,L-Rev|H1|high@2348.80
1719904571775044358,1719906246525352813,-1,1,2334.3,2336.5,2336.5,2330.2,sl,-2.35,-235.0,L-Rev|M15|low@2334.40
1719914824020728196,1719924793042034780,-1,1,2332.4,2337.3,2337.2000000000003,2322.8,sl,-5.05,-505.0,L-Rev|M15|low@2332.40
1719928184057871902,1719928801096152468,1,1,2344.0,2341.8,2341.875,2348.25,sl,-2.35,-235.0,L-Rev|H1|high@2343.80
1719928184057871902,1719928801114630363,1,1,2344.0,2341.1,2341.15,2349.7,sl,-3.05,-305.0,L-Rev|M15|high@2343.80
1719927773295724307,1719929384295032469,1,1,2342.1,2337.5,2337.7000000000007,2350.2999999999993,sl,-4.75,-475.0,L-Rev|M15|high@2341.80
1719961326654532569,1719968403153418854,1,1,2340.6,2338.6,2338.7750000000005,2343.9500000000007,sl,-2.15,-215.0,L-Rev|M15|high@2340.40
1719978716570735913,1719989169490473505,1,1,2341.4,2346.95,2338.625,2346.95,tp,5.4,540.0,L-Rev|M15|high@2341.30
1720036011837275573,1720044000070158481,-1,1,2363.2,2356.9,2366.3499999999995,2356.9,tp,6.15,615.0,L-Rev|M15|low@2363.20
1720073905574214727,1720074726133523559,-1,1,2363.0,2359.8500000000004,2364.575,2359.8500000000004,tp,3.0,300.0,L-Rev|M15|low@2363.00
1720102815925509480,1720104732923478532,1,1,2369.0,2366.6,2366.6000000000004,2373.7999999999997,sl,-2.55,-255.0,L-Rev|M15|high@2368.80
1720106473254452066,1720106953243065723,-1,1,2365.3,2367.7,2367.7,2360.5000000000005,sl,-2.55,-255.0,L-Rev|M15|low@2365.30
1720147167986459884,1720147536360725373,1,1,2370.7,2369.3,2369.325,2373.45,sl,-1.55,-155.0,L-Rev|H1|high@2370.60
1720147261731183339,1720150333045479184,1,1,2371.3,2367.7,2367.7,2378.5,sl,-3.75,-375.0,L-Rev|M15|high@2371.10
1720159721403065699,1720162937163164556,1,1,2374.6,2371.3,2371.3,2381.2,sl,-3.45,-345.0,L-Rev|H4|high@2374.50
1720165364448307579,1720166412973608857,1,1,2374.8,2372.8,2372.8250000000003,2378.45,sl,-2.15,-215.0,L-Rev|H1|high@2374.50
1720181814148143041,1720182601378863516,1,1,2376.5,2373.0,2373.4000000000005,2382.4000000000005,sl,-3.65,-365.0,L-Rev|M15|high@2376.30
1720147167989216498,1720182601407705643,1,1,2370.8,2357.0,2366.9750000000004,2378.449999999999,sl,-13.95,-1395.0,L-Rev|M15|high@2370.60
1720418599797542986,1720419076951329646,-1,1,2388.6,2391.7,2391.6500000000005,2383.1,sl,-3.25,-325.0,L-Rev|M15|low@2388.80
1720452636089639780,1720453519484787597,-1,1,2376.0,2368.9000000000005,2379.7,2368.9000000000005,tp,6.95,695.0,L-Rev|M15|low@2376.10
1720452585210451670,1720453718381982842,-1,1,2377.3,2362.3,2384.8,2362.3,tp,14.85,1485.0,L-Rev|M15|low@2377.30
1720509705817317729,1720516709471784088,-1,1,2367.4,2371.7,2371.6000000000004,2358.9999999999995,sl,-4.45,-445.0,L-Rev|M15|low@2367.40
1720525379219145243,1720530171271655085,-1,1,2365.1,2368.6,2368.475,2358.35,sl,-3.65,-365.0,L-Rev|M15|low@2365.10
1720533609408771752,1720533633890930810,1,1,2375.6,2373.5,2373.575,2379.6499999999996,sl,-2.25,-225.0,L-Rev|H1|high@2375.50
1720533609409141646,1720533633932965483,1,1,2375.7,2373.4,2373.45,2380.2,sl,-2.45,-245.0,L-Rev|M15|high@2375.50
1720532165121562190,1720533846655595226,1,1,2372.8,2369.7,2369.7,2378.7,sl,-3.25,-325.0,L-Rev|M15|high@2372.60
1720538079353044132,1720538228525073902,-1,1,2358.3,2360.2,2360.15,2354.6000000000004,sl,-2.05,-205.0,L-Rev|H1|low@2358.30
1720538504326908826,1720538915106034668,-1,1,2356.0,2361.5,2361.125,2345.75,sl,-5.65,-565.0,L-Rev|H4|low@2356.00
1720538079353044132,1720539813962280300,-1,1,2358.3,2364.1,2364.0000000000005,2346.8999999999996,sl,-5.95,-595.0,L-Rev|M15|low@2358.30
1720568062826427567,1720573202765189013,1,1,2372.7,2370.5,2370.5750000000007,2376.65,sl,-2.35,-235.0,L-Rev|M15|high@2372.40
1720632076119522390,1720648800062762376,-1,1,2380.4,2370.6499999999996,2385.2750000000005,2370.6499999999996,tp,9.6,960.0,L-Rev|M15|low@2380.40
1720700998266780857,1720701001060604797,-1,1,2383.2,2396.5,2388.1749999999997,2374.45,sl,-13.45,-1345.0,L-Rev|M15|low@2383.60
1720701001060604797,1720701001060849659,1,1,2396.5,2395.8000000000006,2387.25,2395.8000000000006,tp,-0.85,-85.0,L-Rev|M15|high@2390.00
1720701001060604797,1720701007005024570,1,1,2396.5,2399.3500000000004,2390.575,2399.3500000000004,tp,2.7,270.0,L-Rev|H1|high@2393.40
1720701001060604797,1720701192130107327,1,1,2396.5,2406.3999999999996,2387.05,2406.3999999999996,tp,9.75,975.0,L-Rev|M15|high@2393.40
1720745943934492012,1720746474316861884,-1,1,2416.4,2419.8,2419.625,2409.9500000000007,sl,-3.55,-355.0,L-Rev|M15|low@2416.40
1720747137101067404,1720768736864013049,-1,1,2415.6,2407.2,2419.7999999999997,2407.2,tp,8.25,825.0,L-Rev|M15|low@2415.60
1720793492284847995,1720802643838149120,1,1,2413.7,2421.6499999999996,2409.725,2421.6499999999996,tp,7.8,780.0,L-Rev|M15|high@2413.60
1720793558009028921,1720994400127205581,1,1,2415.6,2423.85,2411.475,2423.85,tp,8.1,810.0,L-Rev|M15|high@2415.40
1721024723931645705,1721031653834837458,-1,1,2409.6,2413.2,2413.2,2402.4000000000005,sl,-3.75,-375.0,L-Rev|M15|low@2409.60
1721041859896293685,1721041966728541517,1,1,2423.4,2421.7,2421.7,2426.7999999999997,sl,-1.85,-185.0,L-Rev|H1|high@2423.20
1721038929684407811,1721052559839942069,1,1,2418.8,2427.3499999999995,2414.5250000000005,2427.3499999999995,tp,8.4,840.0,L-Rev|M15|high@2418.70
1721107926388515402,1721110237941369907,1,1,2436.6,2433.2,2433.2000000000003,2443.1000000000004,sl,-3.55,-355.0,L-Rev|M15|high@2436.30
1721132758103293555,1721133000074890428,1,1,2448.4,2442.5,2444.7,2455.5000000000005,sl,-6.05,-605.0,L-Rev|M15|high@2448.20
1721186879202607524,1721188196863187783,-1,1,2470.8,2477.7,2477.7,2457.0000000000005,sl,-7.05,-705.0,L-Rev|M15|low@2470.80
1721196107854847768,1721201700539872848,-1,1,2469.0,2473.4,2473.2000000000003,2460.5999999999995,sl,-4.55,-455.0,L-Rev|M15|low@2469.00
1721221800594693854,1721222294972784851,1,1,2483.5,2478.1,2478.1749999999997,2494.1500000000005,sl,-5.55,-555.0,L-Rev|M15|high@2483.40
1721224756191002331,1721224967330185663,1,1,2487.5,2484.2,2484.2,2494.1000000000004,sl,-3.45,-345.0,L-Rev|H1|high@2487.40
1721224756192244520,1721225028749929982,1,1,2487.6,2481.6,2481.6,2499.6,sl,-6.15,-615.0,L-Rev|M15|high@2487.40
1721225536139150983,1721226094922887700,-1,1,2470.8,2476.2,2476.05,2460.3,sl,-5.55,-555.0,L-Rev|M15|low@2470.80
1721228237747771214,1721239096235882585,-1,1,2466.6,2456.1000000000004,2471.8499999999995,2456.1000000000004,tp,10.35,1035.0,L-Rev|M15|low@2466.60
1721258909195686744,1721261042428778198,1,1,2464.8,2462.9,2462.9999999999995,2468.3999999999996,sl,-2.05,-205.0,L-Rev|M15|high@2464.70
1721308241025219084,1721311116589369904,-1,1,2464.7,2468.4,2468.375,2457.3499999999995,sl,-3.85,-385.0,L-Rev|M15|low@2464.70
1721314394423216033,1721317825737677465,1,1,2472.5,2465.3,2465.375,2486.75,sl,-7.35,-735.0,L-Rev|M15|high@2472.40
1721318587270897836,1721329758287724372,-1,1,2460.2,2446.55,2467.0249999999996,2446.55,tp,13.5,1350.0,L-Rev|M15|low@2460.20
1721369170010690908,1721390552358809240,-1,1,2423.2,2409.55,2430.0249999999996,2409.55,tp,13.5,1350.0,L-Rev|M15|low@2423.20
1721383694037670318,1721393233979073292,-1,1,2415.3,2404.5000000000005,2420.7,2404.5000000000005,tp,10.65,1065.0,L-Rev|M15|low@2415.30
1721648958976288867,1721651656030237303,-1,1,2400.3,2390.85,2405.475,2390.85,tp,9.3,930.0,L-Rev|M15|low@2400.60
1721711480634816926,1721715340562202353,-1,1,2395.9,2389.9000000000005,2398.8999999999996,2389.9000000000005,tp,5.85,585.0,L-Rev|M15|low@2395.90
1721823546224052588,1721827092052631714,1,1,2420.4,2416.5,2416.5,2428.2000000000007,sl,-4.05,-405.0,L-Rev|M15|high@2420.30
1721843703736064288,1721850432812047941,-1,1,2410.4,2403.4000000000005,2414.2,2403.4000000000005,tp,6.85,685.0,L-Rev|M15|low@2410.60
1721850115285539147,1721853033224446427,-1,1,2403.7,2397.4,2406.8499999999995,2397.4,tp,6.15,615.0,L-Rev|M15|low@2403.70
1721850960877487190,1721858400060308196,-1,1,2400.4,2390.2999999999997,2405.6000000000004,2390.2999999999997,tp,9.95,995.0,L-Rev|M15|low@2400.50
1721870356292896663,1721870836456856858,-1,1,2392.8,2385.300000000001,2396.5499999999997,2385.300000000001,tp,7.35,735.0,L-Rev|M15|low@2392.80
1721870697109476649,1721871523252633135,-1,1,2389.2,2383.15,2392.2249999999995,2383.15,tp,5.9,590.0,L-Rev|H1|low@2389.20
1721870836456856858,1721871750070762836,-1,1,2384.3,2374.3999999999996,2390.6,2374.3999999999996,tp,9.75,975.0,L-Rev|H4|low@2385.20
1721891483654941303,1721891953877658184,-1,1,2365.7,2369.7,2369.675,2357.7499999999995,sl,-4.15,-415.0,L-Rev|M15|low@2365.70
1721904708538025888,1721907374313185705,1,1,2378.2,2371.0,2371.0,2392.5999999999995,sl,-7.35,-735.0,L-Rev|M15|high@2378.10
1721909080185670950,1721910220919792894,-1,1,2365.1,2371.8,2371.25,2352.7999999999993,sl,-6.85,-685.0,L-Rev|M15|low@2365.10
1721957413393283160,1721958221823771386,1,1,2364.8,2368.8500000000004,2362.7749999999996,2368.8500000000004,tp,3.9,390.0,L-Rev|M15|high@2364.60
1721998892718057392,1721999056192788059,1,1,2378.1,2375.1,2375.1749999999997,2383.95,sl,-3.15,-315.0,L-Rev|H1|high@2378.00
1721998892855089174,1721999447193065697,1,1,2378.2,2373.6,2373.7,2387.2,sl,-4.75,-475.0,L-Rev|M15|high@2378.00
1722254221889814023,1722256508051997663,-1,1,2385.4,2390.1,2390.05,2376.0999999999995,sl,-4.85,-485.0,L-Rev|M15|low@2385.40
1722258728015489513,1722260450636358554,1,1,2394.0,2389.2,2389.2999999999997,2402.7999999999997,sl,-4.95,-495.0,L-Rev|M15|high@2393.60
1722263899574152431,1722266111515651652,-1,1,2384.0,2372.1,2390.1,2372.1,tp,11.75,1175.0,L-Rev|M15|low@2384.10
1722345334365882769,1722346520446504953,1,1,2389.5,2385.0,2385.9500000000003,2396.3,sl,-4.65,-465.0,L-Rev|M15|high@2389.10
1722346415032834169,1722346520446504953,1,1,2394.9,2385.0,2390.325,2404.0499999999993,sl,-10.05,-1005.0,L-Rev|M15|high@2394.70
1722346415032834169,1722346520446504953,1,1,2394.9,2385.0,2388.3,2407.2000000000007,sl,-10.05,-1005.0,L-Rev|M15|high@2394.50
1722433569480810987,1722435905738585922,1,1,2470.5,2467.0,2467.05,2477.3999999999996,sl,-3.65,-365.0,L-Rev|M15|high@2470.40
1722446499105989772,1722448803045653895,1,1,2474.3,2469.2,2469.4250000000006,2484.0499999999993,sl,-5.25,-525.0,L-Rev|M15|high@2474.20
1722480267956035380,1722480894083853507,-1,1,2488.0,2481.8500000000004,2491.075,2481.8500000000004,tp,6.0,600.0,L-Rev|M15|low@2488.00
1722500908042083105,1722505926452387788,-1,1,2481.6,2474.4000000000005,2485.2,2474.4000000000005,tp,7.05,705.0,L-Rev|M15|low@2481.60
1722515430460917641,1722520801591599563,1,1,2493.0,2502.2999999999997,2488.3500000000004,2502.2999999999997,tp,9.15,915.0,L-Rev|M15|high@2492.90
1722558247757341876,1722561182873687217,1,1,2492.2,2488.7,2488.75,2499.0999999999995,sl,-3.65,-365.0,L-Rev|M15|high@2492.00
1722610266816639217,1722610362937504735,-1,1,2473.4,2478.1,2478.05,2465.8999999999996,sl,-4.85,-485.0,L-Rev|M15|low@2474.00
1722610266816639217,1722610366152081356,-1,1,2473.4,2478.7,2478.575,2464.85,sl,-5.45,-545.0,L-Rev|H1|low@2474.00
1722609829630344980,1722611227843118810,-1,1,2478.3,2469.749999999999,2483.0250000000005,2469.749999999999,tp,8.4,840.0,L-Rev|M15|low@2478.60
1722609785165746983,1722611460839971204,-1,1,2478.9,2463.6000000000004,2487.45,2463.6000000000004,tp,15.15,1515.0,L-Rev|M15|low@2479.50
1722832010643709492,1722834318203832421,1,1,2500.8,2492.3,2492.475,2516.85,sl,-8.65,-865.0,L-Rev|H1|high@2522.50
1722855390496576191,1722855603586726800,-1,1,2453.0,2443.5,2457.9,2443.5,tp,9.35,935.0,L-Rev|H1|low@2453.10
1722849329225411926,1722856212793973148,-1,1,2463.6,2443.05,2473.875,2443.05,tp,20.4,2040.0,L-Rev|M15|low@2463.60
1722854941992047843,1722858376817246686,-1,1,2455.7,2425.5499999999993,2470.775,2425.5499999999993,tp,30.0,3000.0,L-Rev|M15|low@2455.70
1722904242647898376,1722904596689516805,1,1,2454.8,2451.0,2451.0499999999997,2462.2999999999997,sl,-3.95,-395.0,L-Rev|M15|high@2454.70
1722886551195199763,1722923284660871897,1,1,2452.9,2443.6,2443.675,2471.3500000000004,sl,-9.45,-945.0,L-Rev|M15|high@2452.80
1722923020567223450,1722924437762774783,-1,1,2446.5,2436.75,2451.375,2436.75,tp,9.6,960.0,L-Rev|M15|low@2446.50
1722923109562872752,1722931656678281302,-1,1,2445.4,2452.2,2452.15,2431.9,sl,-6.95,-695.0,L-Rev|M15|low@2445.40
1722931713375487830,1722946822075944275,1,1,2453.5,2448.1,2448.1000000000004,2464.2999999999997,sl,-5.55,-555.0,L-Rev|M15|high@2453.40
1722947891136986750,1722953123921535836,-1,1,2434.6,2442.3,2442.25,2419.3,sl,-7.85,-785.0,L-Rev|M15|low@2434.60
1723027214009763203,1723045514671230527,1,1,2437.8,2432.9,2432.9999999999995,2447.3999999999996,sl,-5.05,-505.0,L-Rev|M15|high@2437.60
1723053764182994036,1723055166342024153,-1,1,2428.0,2431.9,2431.8250000000003,2420.3499999999995,sl,-4.05,-405.0,L-Rev|M15|low@2428.00
1723088420969771008,1723098403953001960,1,1,2430.5,2438.899999999999,2426.3,2438.899999999999,tp,8.25,825.0,L-Rev|M15|high@2430.40
1723098292576938594,1723105931128485797,1,1,2436.7,2432.5,2432.55,2444.7000000000007,sl,-4.35,-435.0,L-Rev|H1|high@2447.30
1723098269326136351,1723113861578945656,1,1,2435.2,2443.45,2431.075,2443.45,tp,8.1,810.0,L-Rev|M15|high@2435.10
1723115364072769955,1723123088454688114,1,1,2447.5,2441.4,2441.4249999999997,2459.6500000000005,sl,-6.25,-625.0,L-Rev|M15|high@2447.30
1723148674616174515,1723159678726521904,1,1,2466.0,2462.5,2462.5499999999997,2472.9000000000005,sl,-3.65,-365.0,L-Rev|M15|high@2465.80
1723168829982159769,1723169011176045916,1,1,2468.8,2465.0,2465.025,2474.25,sl,-3.95,-395.0,L-Rev|M15|high@2467.90
1723138220710802907,1723182380746157323,1,1,2464.4,2457.0,2457.0750000000007,2478.45,sl,-7.55,-755.0,L-Rev|M15|high@2464.00
1723174754816740398,1723189768356437596,-1,1,2459.4,2465.2,2465.175,2447.8499999999995,sl,-5.95,-595.0,L-Rev|M15|low@2459.40
1723200232165573499,1723203730667944445,1,1,2468.8,2465.2,2465.2,2475.999999999999,sl,-3.75,-375.0,L-Rev|M15|high@2468.70
1723210306711254682,1723210702361538743,1,1,2472.4,2467.6,2467.6,2481.999999999999,sl,-4.95,-495.0,L-Rev|M15|high@2472.20
1723199549455527870,1723211064852999062,1,1,2466.4,2462.5,2462.5749999999994,2474.05,sl,-4.05,-405.0,L-Rev|M15|high@2466.20
1723222964165416288,1723226398689704398,1,1,2475.6,2469.8,2469.825,2487.1499999999996,sl,-5.95,-595.0,L-Rev|M15|high@2475.50
1723438629035415554,1723441514350452814,1,1,2472.5,2469.3,2469.3499999999995,2478.800000000001,sl,-3.35,-335.0,L-Rev|M15|high@2472.30
1723446822585148994,1723449402956025501,1,1,2476.7,2480.05,2474.875,2480.05,tp,3.2,320.0,L-Rev|H1|high@2476.50
1723465809396845555,1723467743858755534,1,1,2484.5,2481.5,2481.55,2490.100000000001,sl,-3.15,-315.0,L-Rev|M15|high@2484.30
1723538387327799780,1723544546675601936,-1,1,2498.7,2502.5,2502.4499999999994,2491.2000000000007,sl,-3.95,-395.0,L-Rev|M15|low@2498.70
1723548474504137993,1723553035950282625,1,1,2506.0,2512.4500000000003,2502.7749999999996,2512.4500000000003,tp,6.3,630.0,L-Rev|M15|high@2505.90
1723555365947978085,1723555399949335248,-1,1,2498.2,2501.5,2501.425,2491.7499999999995,sl,-3.45,-345.0,L-Rev|M15|low@2498.20
1723601005032378659,1723602739074747684,-1,1,2502.4,2496.5500000000006,2505.325,2496.5500000000006,tp,5.7,570.0,L-Rev|M15|low@2502.40
1723601006025736025,1723602739552991436,-1,1,2502.0,2496.0,2505.0,2496.0,tp,5.85,585.0,L-Rev|M15|low@2502.00
1723602690994247216,1723603752885867253,-1,1,2498.2,2501.5,2501.475,2491.6499999999996,sl,-3.45,-345.0,L-Rev|H1|low@2498.20
1723602690994247216,1723618255308145577,-1,1,2498.2,2506.6,2506.5249999999996,2481.55,sl,-8.55,-855.0,L-Rev|M15|low@2498.20
1723625047311992354,1723627565787911565,1,1,2515.7,2512.7,2512.7749999999996,2521.55,sl,-3.15,-315.0,L-Rev|H1|high@2515.60
1723625047311992354,1723638600445902738,1,1,2515.7,2507.9,2508.9499999999994,2529.2000000000007,sl,-7.95,-795.0,L-Rev|M15|high@2515.60
1723638601062577417,1723638610077984929,1,1,2518.8,2514.1,2514.1,2525.8,sl,-4.85,-485.0,L-Rev|M15|high@2517.90
1723694020759613053,1723721590306838230,1,1,2491.7,2499.8,2487.6499999999996,2499.8,tp,7.95,795.0,L-Rev|M15|high@2491.50
1723716270770552554,1723722990170643083,1,1,2496.6,2501.75,2493.875000000001,2501.75,tp,5.0,500.0,L-Rev|M15|high@2496.40
1723726188770895195,1723726790591483453,-1,1,2487.7,2478.3999999999996,2492.35,2478.3999999999996,tp,9.15,915.0,L-Rev|M15|low@2487.70
1723726809201806020,1723726851742913920,-1,1,2476.2,2471.7,2478.45,2471.7,tp,4.35,435.0,L-Rev|H1|low@2476.20
1723726809201806020,1723727824807246667,-1,1,2476.2,2480.2,2480.175,2468.2499999999995,sl,-4.15,-415.0,L-Rev|M15|low@2476.20
1723748752045493064,1723750691788778678,1,1,2497.9,2494.5,2494.575,2504.249999999999,sl,-3.55,-355.0,L-Rev|M15|high@2497.70
1723775274350865793,1723776149081458422,-1,1,2491.8,2493.9,2493.9,2487.6000000000004,sl,-2.25,-225.0,L-Rev|M15|low@2491.80
1723777875083768683,1723787734008400054,-1,1,2491.0,2493.7,2493.6250000000005,2485.749999999999,sl,-2.85,-285.0,L-Rev|M15|low@2491.00
1723794720322914563,1723806468768347364,1,1,2497.8,2506.0499999999997,2493.6749999999997,2506.0499999999997,tp,8.1,810.0,L-Rev|M15|high@2497.70
1723794720421274952,1723806468768347364,1,1,2497.9,2506.15,2493.775,2506.15,tp,8.1,810.0,L-Rev|H1|high@2508.00
1723812725129129798,1723813162453043201,1,1,2519.9,2529.55,2515.075,2529.55,tp,9.5,950.0,L-Rev|H4|high@2519.70
1724027421847036498,1724029320709623154,-1,1,2540.9,2543.8,2543.75,2535.2,sl,-3.05,-305.0,L-Rev|M15|low@2540.90
1724056513607527007,1724059900531941829,1,1,2545.7,2538.9,2539.1749999999997,2558.75,sl,-6.95,-695.0,L-Rev|M15|high@2545.60
1724061658631429920,1724064103561159736,-1,1,2537.9,2529.8000000000006,2541.95,2529.8000000000006,tp,7.95,795.0,L-Rev|M15|low@2537.90
1723832725985177646,1724064931464059515,1,1,2538.9,2528.4,2528.475,2559.749999999999,sl,-10.65,-1065.0,L-Rev|M15|high@2538.70
1724074625660956840,1724075519303753093,-1,1,2524.4,2531.3,2531.2250000000004,2510.7499999999995,sl,-7.05,-705.0,L-Rev|M15|low@2524.40
1724116430357487354,1724116682580063151,-1,1,2540.2,2542.1,2542.0749999999994,2536.4500000000007,sl,-2.05,-205.0,L-Rev|M15|low@2540.20
1724139853000738241,1724141053398419907,1,1,2550.7,2556.0,2547.0,2556.0,tp,5.15,515.0,L-Rev|M15|high@2549.90
1724139455377158667,1724141056923468094,1,1,2546.7,2556.05,2541.875,2556.05,tp,9.2,920.0,L-Rev|M15|high@2546.40
1724139853000738241,1724141056959985402,1,1,2550.7,2556.2,2546.9,2556.2,tp,5.35,535.0,L-Rev|H1|high@2549.90
1724205658721952347,1724209719067166306,1,1,2555.5,2553.5,2553.625,2559.25,sl,-2.15,-215.0,L-Rev|M15|high@2555.30
1724226146251779225,1724247181342420860,-1,1,2548.8,2539.9500000000007,2553.225,2539.9500000000007,tp,8.7,870.0,L-Rev|M15|low@2548.80
1724247127900771771,1724248813692965833,-1,1,2542.6,2534.2,2546.7999999999997,2534.2,tp,8.25,825.0,L-Rev|M15|low@2542.60
1724326551424759938,1724329800078943274,-1,1,2537.1,2541.9,2541.075,2529.1499999999996,sl,-4.95,-495.0,L-Rev|M15|low@2537.10
1724332893602000944,1724333571091370370,-1,1,2527.5,2522.5,2531.0499999999997,2522.5,tp,4.85,485.0,L-Rev|H1|low@2528.20
1724332893602000944,1724336519125142766,-1,1,2527.5,2508.55,2538.0249999999996,2508.55,tp,18.8,1880.0,L-Rev|M15|low@2528.20
1724370772652234020,1724400610539963703,1,1,2522.3,2531.6,2517.6500000000005,2531.6,tp,9.15,915.0,L-Rev|M15|high@2522.10
1724383158576514641,1724414174051422387,1,1,2528.0,2537.45,2523.275,2537.45,tp,9.3,930.0,L-Rev|M15|high@2527.90
1724414174051266892,1724415880302786181,1,1,2537.6,2533.8,2533.85,2545.1,sl,-3.95,-395.0,L-Rev|M15|high@2537.40
1724400601050367400,1724419045431576647,1,1,2531.5,2538.750000000001,2527.7250000000004,2538.750000000001,tp,7.1,710.0,L-Rev|M15|high@2531.30
1724420539860427769,1724421601075501582,-1,1,2531.0,2535.2,2534.75,2523.5,sl,-4.35,-435.0,L-Rev|M15|low@2531.00
1724421865688524912,1724422771409113879,1,1,2547.3,2542.0,2542.0499999999997,2557.7999999999997,sl,-5.45,-545.0,L-Rev|M15|high@2547.20
1724421767715197013,1724422802179093769,1,1,2546.0,2541.0,2541.05,2554.1000000000004,sl,-5.15,-515.0,L-Rev|M15|high@2545.30
1724657500065923029,1724659356099019927,1,1,2554.7,2559.0999999999995,2552.5,2559.0999999999995,tp,4.25,425.0,L-Rev|H1|high@2554.50
1724680078935283703,1724709600079728291,-1,1,2556.4,2544.0999999999995,2562.55,2544.0999999999995,tp,12.15,1215.0,L-Rev|M15|low@2556.40
1724723462578221288,1724736871113092224,-1,1,2543.5,2546.5,2546.425,2537.6499999999996,sl,-3.15,-315.0,L-Rev|M15|low@2543.50
1724723333116683968,1724736873601967382,-1,1,2543.7,2546.6,2546.6,2538.8,sl,-3.05,-305.0,L-Rev|H1|low@2544.00
1724723333116683968,1724736932479009077,-1,1,2543.7,2546.7,2546.7,2538.6000000000004,sl,-3.15,-315.0,L-Rev|M15|low@2544.00
1724721182372664744,1724739023644620756,-1,1,2546.1,2551.3,2551.275,2535.75,sl,-5.35,-535.0,L-Rev|M15|low@2546.10
1724764746799589731,1724765737505479858,-1,1,2541.9,2545.5,2545.4500000000003,2535.0999999999995,sl,-3.75,-375.0,L-Rev|M15|low@2542.00
1724768006083683216,1724773373438536762,1,1,2553.0,2546.8,2546.8250000000003,2565.05,sl,-6.35,-635.0,L-Rev|M15|high@2552.70
1724780544524752443,1724780775221221047,1,1,2557.0,2554.8,2554.8,2561.1000000000004,sl,-2.35,-235.0,L-Rev|M15|high@2556.80
1724796000108563052,1724796000117914067,1,1,2559.9,2555.5,2548.75,2555.5,tp,-4.55,-455.0,L-Rev|M15|high@2561.40
1724780544524752443,1724800028860861196,1,1,2557.0,2563.7,2553.35,2563.7,tp,6.55,655.0,L-Rev|M15|high@2556.70
1724824984198774048,1724825537253056787,-1,1,2538.3,2542.5,2542.425,2530.65,sl,-4.35,-435.0,L-Rev|H1|low@2538.50
1724824984198774048,1724825850329023029,-1,1,2538.3,2543.0,2543.0,2529.5,sl,-4.85,-485.0,L-Rev|M15|low@2538.50
1724824960153146093,1724828917279724896,-1,1,2538.9,2545.5,2545.425,2525.8500000000004,sl,-6.75,-675.0,L-Rev|M15|low@2538.90
1724842089076752983,1724848242126201074,-1,1,2537.9,2528.5999999999995,2542.55,2528.5999999999995,tp,9.15,915.0,L-Rev|M15|low@2537.90
1724890537676151509,1724903938149826284,1,1,2544.1,2549.8,2541.25,2549.8,tp,5.55,555.0,L-Rev|M15|high@2544.00
1724890590492737606,1724910913324327385,1,1,2546.7,2552.899999999999,2543.0,2552.899999999999,tp,6.05,605.0,L-Rev|M15|high@2546.20
1724890588088654365,1724925106212498186,1,1,2545.3,2554.6500000000005,2540.4750000000004,2554.6500000000005,tp,9.2,920.0,L-Rev|M15|high@2545.00
1724902225075970736,1724925106212498186,1,1,2548.4,2556.5,2544.35,2556.5,tp,7.95,795.0,L-Rev|M15|high@2548.30
1724890590025176773,1724935316840341887,1,1,2545.6,2539.0,2539.0,2558.8,sl,-6.75,-675.0,L-Rev|M15|high@2545.50
1724935650135647167,1724935912140876138,-1,1,2537.3,2539.7,2539.625,2532.6500000000005,sl,-2.55,-255.0,L-Rev|M15|low@2537.30
1724944147453495474,1724944859286330765,1,1,2558.8,2553.7,2554.0750000000007,2565.55,sl,-5.25,-525.0,L-Rev|M15|high@2557.80
1724999158915183387,1725014837609555182,1,1,2553.7,2549.8,2549.8,2561.4999999999995,sl,-4.05,-405.0,L-Rev|M15|high@2553.60
1725026704459682566,1725026766584816150,-1,1,2545.6,2548.1,2548.0249999999996,2541.05,sl,-2.65,-265.0,L-Rev|M15|low@2545.70
1725026704459682566,1725026767013737715,-1,1,2545.6,2548.5,2548.475,2540.1499999999996,sl,-3.05,-305.0,L-Rev|H1|low@2545.70
1725023186908004022,1725030313392829685,-1,1,2548.0,2537.8999999999996,2553.2,2537.8999999999996,tp,9.95,995.0,L-Rev|M15|low@2548.10
1725030389826189623,1725037209965258800,-1,1,2536.3,2528.8,2540.35,2528.8,tp,7.35,735.0,L-Rev|H1|low@2536.50
1725266665159066339,1725270024842916769,1,1,2537.4,2531.7,2531.7,2548.799999999999,sl,-5.85,-585.0,L-Rev|M15|high@2537.20
1725266324343368821,1725321388765008617,1,1,2533.7,2528.6,2528.6749999999997,2543.75,sl,-5.25,-525.0,L-Rev|M15|high@2533.60
1725316011971155163,1725325904074907533,-1,1,2530.0,2524.749999999999,2532.6250000000005,2524.749999999999,tp,5.1,510.0,L-Rev|M15|low@2530.00
1725316759432850159,1725326001077419692,-1,1,2529.5,2523.8,2532.35,2523.8,tp,5.55,555.0,L-Rev|M15|low@2529.50
1725326811828067814,1725327640034928535,-1,1,2522.1,2524.6,2524.575,2517.1499999999996,sl,-2.65,-265.0,L-Rev|M15|low@2522.10
1725326811828067814,1725328166326951027,-1,1,2522.1,2525.0,2524.75,2516.8,sl,-3.05,-305.0,L-Rev|H1|low@2522.10
1725351482664235883,1725358039365305681,1,1,2535.7,2531.1,2531.2749999999996,2544.55,sl,-4.75,-475.0,L-Rev|M15|high@2535.60
1725360065250136744,1725360753144693123,-1,1,2524.4,2528.9,2528.9,2515.4,sl,-4.65,-465.0,L-Rev|M15|low@2524.40
1725030389826189623,1725364151470380805,-1,1,2536.3,2520.0,2544.75,2520.0,tp,16.15,1615.0,L-Rev|M15|low@2536.50
1725363938464404277,1725364825330203450,-1,1,2520.9,2523.5,2523.5,2516.2999999999997,sl,-2.75,-275.0,L-Rev|H1|low@2521.10
1725363938464404277,1725365342318776069,-1,1,2520.9,2525.4,2525.375,2512.55,sl,-4.65,-465.0,L-Rev|M15|low@2521.10
1725417162321051175,1725430233060957683,1,1,2526.9,2523.0,2523.0750000000003,2533.6500000000005,sl,-4.05,-405.0,L-Rev|M15|high@2526.40
1725430880469222267,1725432594279783373,-1,1,2522.4,2516.4,2525.4,2516.4,tp,5.85,585.0,L-Rev|M15|low@2522.40
1725458492396375606,1725458513261700007,1,1,2528.8,2526.2,2526.475000000001,2532.5499999999993,sl,-2.75,-275.0,L-Rev|M15|high@2528.40
1725458492396375606,1725458655982846504,1,1,2528.8,2525.6,2525.675,2534.1499999999996,sl,-3.35,-335.0,L-Rev|H1|high@2528.40
1725499202071389508,1725500223493139526,1,1,2528.2,2526.6,2526.6,2531.1,sl,-1.75,-175.0,L-Rev|M15|high@2528.00
1725508805379904297,1725515050011535555,-1,1,2524.5,2527.5,2527.5,2518.5,sl,-3.15,-315.0,L-Rev|M15|low@2524.50
1725625844539202045,1725625896643284588,1,1,2552.2,2557.999999999999,2549.0000000000005,2557.999999999999,tp,5.65,565.0,L-Rev|M15|high@2551.90
1725625852991374204,1725627989503888950,1,1,2554.1,2545.0,2545.0249999999996,2572.2500000000005,sl,-9.25,-925.0,L-Rev|M15|high@2554.00
1725629790676642557,1725630458861016909,-1,1,2533.6,2539.5,2539.475,2522.1499999999996,sl,-6.05,-605.0,L-Rev|M15|low@2533.70
1725639328203741704,1725639364110219375,-1,1,2523.6,2525.5,2525.5,2520.099999999999,sl,-2.05,-205.0,L-Rev|M15|low@2523.70
1725860368745304297,1725861074592448027,-1,1,2523.7,2517.2499999999995,2526.925,2517.2499999999995,tp,6.3,630.0,L-Rev|M15|low@2523.70
1725884716504281431,1725887613191313603,1,1,2529.8,2533.4500000000003,2527.8250000000003,2533.4500000000003,tp,3.5,350.0,L-Rev|M15|high@2529.50
1725884716374786218,1725890938236916485,1,1,2529.6,2526.6,2526.625,2535.55,sl,-3.15,-315.0,L-Rev|H1|high@2529.50
1725884101307569938,1725892852116011711,1,1,2528.4,2524.7,2524.725,2535.75,sl,-3.85,-385.0,L-Rev|M15|high@2528.30
1725953900720722756,1725953977279971217,1,1,2536.6,2535.5,2535.5499999999997,2538.7,sl,-1.25,-125.0,L-Rev|H1|high@2536.50
1725953900720722756,1725954092278634998,1,1,2536.6,2534.2,2534.2749999999996,2541.2500000000005,sl,-2.55,-255.0,L-Rev|M15|high@2536.50
1725957159817213499,1725960797179916092,-1,1,2529.6,2532.2,2532.1500000000005,2524.499999999999,sl,-2.75,-275.0,L-Rev|M15|low@2529.60
1725971808962718645,1725976331812412660,1,1,2538.9,2535.6,2535.6,2545.499999999999,sl,-3.45,-345.0,L-Rev|M15|high@2538.70
1726012659692453461,1726016755585086800,1,1,2547.6,2543.6,2543.625,2555.55,sl,-4.15,-415.0,L-Rev|M15|high@2547.50
1725903349747385250,1726018309856905331,1,1,2534.9,2548.4,2528.15,2548.4,tp,13.35,1335.0,L-Rev|M15|high@2534.70
1726034538355836508,1726036801080637943,1,1,2553.1,2557.750000000001,2549.425,2557.750000000001,tp,4.5,450.0,L-Rev|M15|high@2552.00
1726049727117588217,1726055420401773070,-1,1,2549.8,2553.4,2553.3250000000003,2542.75,sl,-3.75,-375.0,L-Rev|M15|low@2549.80
1726057801039363302,1726057812829794720,-1,1,2541.5,2547.2,2547.2,2536.4000000000005,sl,-5.85,-585.0,L-Rev|M15|low@2543.60
1725982531509771884,1726058179347005658,1,1,2544.7,2536.9,2536.9,2559.4,sl,-7.95,-795.0,L-Rev|M15|high@2544.30
1726063524162715741,1726065829201540250,-1,1,2529.1,2537.4,2537.3499999999995,2514.4,sl,-8.45,-845.0,L-Rev|M15|low@2529.70
1726121250927226516,1726124085361930145,1,1,2549.1,2544.9,2544.9,2557.5,sl,-4.35,-435.0,L-Rev|M15|high@2549.00
1726138415589461710,1726140127605379854,-1,1,2542.2,2545.2,2545.125,2536.3499999999995,sl,-3.15,-315.0,L-Rev|M15|low@2542.20
1726144890069829978,1726146005074701126,1,1,2559.0,2553.4,2553.5250000000005,2567.249999999999,sl,-5.75,-575.0,L-Rev|M15|high@2558.00
1726144890069829978,1726146005074701126,1,1,2559.0,2553.4,2554.75,2564.7999999999997,sl,-5.75,-575.0,L-Rev|H1|high@2558.00
1726144572820680507,1726148523187795440,1,1,2553.6,2574.300000000001,2543.2499999999995,2574.300000000001,tp,20.55,2055.0,L-Rev|M15|high@2553.50
1726188145986783265,1726188704536609091,1,1,2588.7,2586.5,2586.5000000000005,2592.8,sl,-2.35,-235.0,L-Rev|M15|high@2588.50
1726231783258429240,1726233583067457693,1,1,2601.2,2608.0,2597.65,2608.0,tp,6.65,665.0,L-Rev|M15|high@2601.00
1726243586293713896,1726483931382739311,1,1,2611.8,2604.7,2604.7499999999995,2625.8999999999996,sl,-7.25,-725.0,L-Rev|M15|high@2611.70
1726483860560237853,1726484505967605348,-1,1,2605.5,2607.9,2607.9,2600.7,sl,-2.55,-255.0,L-Rev|M15|low@2605.50
1726482925146166547,1726491502612716959,-1,1,2607.1,2610.9,2610.875,2599.8499999999995,sl,-3.95,-395.0,L-Rev|M15|low@2607.20
1726539194892172619,1726541307755024723,1,1,2611.8,2608.8,2609.1000000000004,2617.2,sl,-3.15,-315.0,L-Rev|M15|high@2611.70
1726547987142320089,1726551602013436659,-1,1,2602.3,2604.9,2604.875,2597.75,sl,-2.75,-275.0,L-Rev|H1|low@2602.50
1726547987142320089,1726552836473256600,-1,1,2602.3,2606.7,2606.625,2594.25,sl,-4.55,-455.0,L-Rev|M15|low@2602.50
1726547702973230966,1726553086426745450,-1,1,2603.7,2608.4,2608.125,2594.8499999999995,sl,-4.85,-485.0,L-Rev|M15|low@2603.70
1726565017214480715,1726573033382414279,-1,1,2601.2,2605.8,2605.25,2593.0999999999995,sl,-4.75,-475.0,L-Rev|M15|low@2601.20
1726582595794454378,1726583777889318423,1,1,2609.5,2602.6,2602.675,2622.2499999999995,sl,-7.05,-705.0,L-Rev|M15|high@2609.00
1726586993206644459,1726621332584763230,-1,1,2594.9,2602.4,2602.3999999999996,2579.9000000000005,sl,-7.65,-765.0,L-Rev|M15|low@2594.90
1726614460081680731,1726635245866798395,1,1,2598.6,2595.3,2595.3500000000004,2604.8,sl,-3.45,-345.0,L-Rev|M15|high@2598.40
1726634779405066410,1726653597951499668,-1,1,2596.4,2598.7,2598.65,2591.9,sl,-2.45,-245.0,L-Rev|M15|low@2596.40
1726655479182647413,1726659927239078903,1,1,2603.2,2606.7500000000005,2601.2750000000005,2606.7500000000005,tp,3.4,340.0,L-Rev|H1|high@2602.90
1726655479114944622,1726666822581325163,1,1,2603.1,2599.6,2599.7500000000005,2609.2000000000007,sl,-3.65,-365.0,L-Rev|M15|high@2602.80
1726655479114944622,1726666912791251287,1,1,2603.1,2599.1,2599.1000000000004,2610.7999999999997,sl,-4.15,-415.0,L-Rev|M15|high@2602.90
1726681828174897098,1726682401029137354,-1,1,2594.5,2599.4,2598.925,2585.6499999999996,sl,-5.05,-505.0,L-Rev|M15|low@2594.50
1726681828279055855,1726682401029137354,-1,1,2594.3,2599.4,2598.05,2586.8,sl,-5.25,-525.0,L-Rev|M15|low@2594.30
1726682429898961518,1726682449581487102,1,1,2613.9,2610.1,2610.1749999999997,2621.0499999999997,sl,-3.95,-395.0,L-Rev|H1|high@2613.70
1726682429898961518,1726682452365704610,1,1,2613.9,2609.6,2609.6750000000006,2622.0499999999993,sl,-4.45,-445.0,L-Rev|M15|high@2613.70
1726682408036089631,1726682508281567518,1,1,2607.4,2602.7,2603.3499999999995,2615.500000000001,sl,-4.85,-485.0,L-Rev|M15|high@2607.30
1726682411796882122,1726682509048005304,1,1,2609.8,2602.2,2602.3500000000004,2624.4000000000005,sl,-7.75,-775.0,L-Rev|M15|high@2609.50
1726683017814976178,1726683132474405858,1,1,2617.5,2611.8,2611.825,2628.8500000000004,sl,-5.85,-585.0,L-Rev|H4|high@2617.40
1726686085561760651,1726686085565342819,-1,1,2591.9,2594.5,2593.875,2587.9500000000003,sl,-2.75,-275.0,L-Rev|H1|low@2591.90
1726686085561760651,1726686131146890044,-1,1,2591.9,2594.9,2594.8250000000003,2586.05,sl,-3.15,-315.0,L-Rev|M15|low@2591.90
1726686447282455914,1726686466094329272,-1,1,2587.2,2583.9,2589.0,2583.9,tp,3.15,315.0,L-Rev|H1|low@2587.30
1726686447282455914,1726686681018145614,-1,1,2587.2,2592.0,2591.9500000000003,2578.0,sl,-4.95,-495.0,L-Rev|M15|low@2587.30
1726722576530106050,1726725600334616157,1,1,2591.8,2599.1500000000005,2588.125,2599.1500000000005,tp,7.2,720.0,L-Rev|M15|high@2591.60
1726801396001339593,1726813737376421629,1,1,2618.3,2624.899999999999,2615.0,2624.899999999999,tp,6.45,645.0,L-Rev|M15|high@2618.20
1726812105698371134,1726815030765191273,1,1,2620.8,2629.7000000000003,2616.2000000000003,2629.7000000000003,tp,8.75,875.0,L-Rev|M15|high@2620.50
1726812105697640737,1726815069375640842,1,1,2620.7,2630.8,2615.5,2630.8,tp,9.95,995.0,L-Rev|H1|high@2620.50
1726814981974820969,1726821572125978950,1,1,2627.4,2637.25,2622.4750000000004,2637.25,tp,9.7,970.0,L-Rev|H1|high@2627.20
1726762642972506817,1726829574481601135,1,1,2616.8,2638.750000000001,2605.675,2638.750000000001,tp,21.8,2180.0,L-Rev|M15|high@2616.50
1726814981974820969,1726834799879138782,1,1,2627.4,2642.4999999999995,2619.7,2642.4999999999995,tp,14.95,1495.0,L-Rev|H4|high@2627.20
1727058925363160802,1727061811458720534,1,1,2648.8,2654.3499999999995,2646.0249999999996,2654.3499999999995,tp,5.4,540.0,L-Rev|M15|high@2648.70
1727070355570628916,1727070947630431376,1,1,2656.1,2653.6,2653.625,2661.0499999999993,sl,-2.65,-265.0,L-Rev|M15|high@2655.90
1727098921097540358,1727099182673940701,1,1,2657.1,2651.5,2651.5499999999997,2665.5,sl,-5.75,-575.0,L-Rev|M15|high@2656.10
1727121314825287726,1727128800129791381,-1,1,2650.5,2642.8,2654.5,2642.8,tp,7.55,755.0,L-Rev|M15|low@2650.60
1727140407357167299,1727140876337492591,1,1,2653.9,2652.3,2652.4000000000005,2656.8999999999996,sl,-1.75,-175.0,L-Rev|M15|high@2653.80
1727149350216578057,1727150598766285175,1,1,2660.0,2658.5,2658.55,2662.8999999999996,sl,-1.65,-165.0,L-Rev|H1|high@2659.80
1726846869105443282,1727153707441029166,1,1,2645.3,2661.8,2636.6,2661.8,tp,16.35,1635.0,L-Rev|M15|high@2644.90
1727149350216578057,1727156786077715293,1,1,2660.0,2654.5,2654.5249999999996,2670.9500000000003,sl,-5.65,-565.0,L-Rev|M15|high@2659.80
1727163557233640593,1727163938492612595,-1,1,2648.5,2652.0,2651.95,2641.6000000000004,sl,-3.65,-365.0,L-Rev|M15|low@2648.50
1726814981974820969,1727189433413397642,1,1,2627.4,2669.1499999999996,2606.3749999999995,2669.1499999999996,tp,41.6,4160.0,L-Rev|M15|high@2627.20
1727189054069210313,1727189645592825728,1,1,2665.0,2671.8,2661.6,2671.8,tp,6.65,665.0,L-Rev|H1|high@2664.60
1727183430000029106,1727194100772495435,1,1,2661.2,2674.0,2654.65,2674.0,tp,12.65,1265.0,L-Rev|M15|high@2661.00
1727188914877527366,1727196007510624065,1,1,2664.7,2675.8,2659.1499999999996,2675.8,tp,10.95,1095.0,L-Rev|M15|high@2664.60
1727227868411790223,1727229178440050878,-1,1,2681.3,2684.1,2684.075,2675.7500000000005,sl,-2.95,-295.0,L-Rev|M15|low@2681.30
1727232700730432825,1727234455352566890,1,1,2689.7,2686.1,2686.1500000000005,2696.5,sl,-3.75,-375.0,L-Rev|M15|high@2689.40
1727282816597364316,1727282945711969281,-1,1,2673.8,2676.7,2676.5,2669.5999999999995,sl,-3.05,-305.0,L-Rev|H1|low@2674.20
1727282816597364316,1727283390736015849,-1,1,2673.8,2678.3,2678.25,2666.0999999999995,sl,-4.65,-465.0,L-Rev|M15|low@2674.20
1727338888626453854,1727339101482632944,1,1,2692.0,2689.5,2689.575,2696.85,sl,-2.65,-265.0,L-Rev|H1|high@2691.90
1727336873389670688,1727346014618775059,1,1,2687.6,2693.6500000000005,2684.4250000000006,2693.6500000000005,tp,5.9,590.0,L-Rev|M15|high@2687.30
1727346037175690214,1727348784439928043,1,1,2695.9,2700.7,2692.15,2700.7,tp,4.65,465.0,L-Rev|H1|high@2694.90
1727346037175690214,1727349464872447316,1,1,2695.9,2703.1000000000004,2690.95,2703.1000000000004,tp,7.05,705.0,L-Rev|M15|high@2694.90
1727338888626453854,1727350743002612426,1,1,2692.0,2705.3500000000004,2685.325,2705.3500000000004,tp,13.2,1320.0,L-Rev|M15|high@2691.90
1727358739377777614,1727358830938502392,-1,1,2678.5,2682.3,2681.9500000000003,2671.5999999999995,sl,-3.95,-395.0,L-Rev|M15|low@2678.50
1727358726881241787,1727358943156743982,-1,1,2680.3,2683.6,2683.6,2673.7000000000007,sl,-3.45,-345.0,L-Rev|M15|low@2680.30
1727358555291235575,1727359272131267516,-1,1,2681.1,2686.1,2686.0499999999997,2671.2,sl,-5.15,-515.0,L-Rev|M15|low@2681.10
1727374330542749754,1727400936895825222,1,1,2696.3,2690.3,2690.3499999999995,2707.9,sl,-6.15,-615.0,L-Rev|M15|high@2696.00
1727441218312793284,1727441313824976580,1,1,2696.7,2694.2,2694.2000000000007,2701.4,sl,-2.65,-265.0,L-Rev|M15|high@2696.40
1727446993373366472,1727447265285309394,-1,1,2680.6,2685.0,2684.95,2671.9000000000005,sl,-4.55,-455.0,L-Rev|M15|low@2680.60
1727448536955240917,1727449397904873013,-1,1,2677.5,2669.25,2681.625,2669.25,tp,8.1,810.0,L-Rev|H1|low@2677.50
1727458680387860697,1727466595375377789,-1,1,2666.3,2674.8,2674.775,2649.3500000000004,sl,-8.65,-865.0,L-Rev|M15|low@2666.30
1727448536955240917,1727651203474247146,-1,1,2677.5,2685.8,2685.6749999999997,2661.1500000000005,sl,-8.45,-845.0,L-Rev|M15|low@2677.50
1727647329249722246,1727660567368288066,1,1,2684.0,2679.0,2679.025,2693.65,sl,-5.15,-515.0,L-Rev|H1|high@2696.90
1727691463335640030,1727692766230455651,-1,1,2668.8,2660.55,2672.925,2660.55,tp,8.1,810.0,L-Rev|M15|low@2668.80
1727703844361008738,1727715791891158925,-1,1,2655.8,2662.4,2662.2500000000005,2642.8999999999996,sl,-6.75,-675.0,L-Rev|M15|low@2655.80
1727720046762898442,1727728781815413122,-1,1,2650.2,2655.3,2655.2249999999995,2640.15,sl,-5.25,-525.0,L-Rev|M15|low@2650.20
1727759654326005509,1727783671931546350,1,1,2663.5,2673.3999999999996,2658.55,2673.3999999999996,tp,9.75,975.0,L-Rev|M15|high@2663.40
1727789747234475931,1727789775688047271,1,1,2688.0,2685.4,2685.4249999999997,2692.8499999999995,sl,-2.75,-275.0,L-Rev|H1|high@2687.70
1727801323344095707,1727804241390782366,1,1,2694.1,2683.6,2683.6,2715.1,sl,-10.65,-1065.0,L-Rev|M15|high@2694.00
1727840760176150625,1727846904242745889,-1,1,2677.2,2672.0999999999995,2679.75,2672.0999999999995,tp,4.95,495.0,L-Rev|M15|low@2677.20
1727829673874855147,1727846911709321515,-1,1,2678.9,2668.55,2684.0750000000003,2668.55,tp,10.2,1020.0,L-Rev|M15|low@2678.90
1727872132388025332,1727872291737404299,-1,1,2665.4,2669.1,2669.0750000000003,2658.05,sl,-3.85,-385.0,L-Rev|M15|low@2665.40
1727877907382594036,1727878509550793339,1,1,2683.4,2680.4,2680.475,2689.25,sl,-3.15,-315.0,L-Rev|M15|high@2683.20
1727875227244115307,1727880831135969661,1,1,2677.0,2672.6,2672.7250000000004,2685.5499999999997,sl,-4.55,-455.0,L-Rev|M15|high@2676.90
1727882066953138776,1727882266765098719,-1,1,2662.9,2666.8,2666.725,2655.25,sl,-4.05,-405.0,L-Rev|M15|low@2662.90
1727881623141847649,1727892120271110041,-1,1,2664.7,2674.5,2674.425,2645.8500000000004,sl,-9.95,-995.0,L-Rev|M15|low@2664.90
1727943830407426251,1727944432508898792,-1,1,2662.0,2664.4,2664.3999999999996,2657.5,sl,-2.55,-255.0,L-Rev|H1|low@2662.10
1727943830407426251,1727944719113953920,-1,1,2662.0,2666.1,2666.075,2654.1500000000005,sl,-4.25,-425.0,L-Rev|M15|low@2662.10
1728009708678531890,1728025177520510199,1,1,2682.6,2679.2,2679.2000000000003,2689.1000000000004,sl,-3.55,-355.0,L-Rev|M15|high@2682.40
1727973369117932855,1728045001156899534,1,1,2676.2,2667.9,2667.9,2692.2,sl,-8.45,-845.0,L-Rev|M15|high@2675.90
1728054494521038713,1728054547098162561,1,1,2688.1,2685.7,2685.7,2691.9999999999995,sl,-2.55,-255.0,L-Rev|H1|high@2687.70
1728054494521038713,1728055150359752579,1,1,2688.1,2684.5,2684.5249999999996,2694.6499999999996,sl,-3.75,-375.0,L-Rev|M15|high@2687.70
1728054233538951480,1728056438119671475,1,1,2682.8,2672.9,2672.95,2702.2,sl,-10.05,-1005.0,L-Rev|M15|high@2682.60
1728278546491654008,1728285939841758115,-1,1,2662.6,2666.0,2665.9000000000005,2655.999999999999,sl,-3.55,-355.0,L-Rev|M15|low@2662.60
1728278544325657308,1728286405899385575,-1,1,2663.0,2666.3,2666.2250000000004,2656.5499999999997,sl,-3.45,-345.0,L-Rev|M15|low@2663.00
1728286625638525817,1728288351028532215,1,1,2668.7,2673.2499999999986,2665.8250000000003,2673.2499999999986,tp,4.4,440.0,L-Rev|M15|high@2668.20
1728288493281381522,1728288973994245821,1,1,2674.0,2671.5,2671.5249999999996,2678.9500000000003,sl,-2.65,-265.0,L-Rev|M15|high@2673.80
1728305679079824733,1728306300860157085,-1,1,2658.8,2663.8,2663.6499999999996,2649.7000000000003,sl,-5.15,-515.0,L-Rev|M15|low@2659.00
1728349487827127158,1728350620864485629,-1,1,2658.7,2661.4,2661.35,2653.7000000000007,sl,-2.85,-285.0,L-Rev|M15|low@2658.80
1728349533123217184,1728350620864485629,-1,1,2657.1,2661.4,2661.3500000000004,2649.2000000000003,sl,-4.45,-445.0,L-Rev|H1|low@2657.30
1728349487827127158,1728352411883649717,-1,1,2658.7,2664.4,2664.325,2647.45,sl,-5.85,-585.0,L-Rev|M15|low@2658.70
1728349533123217184,1728352914636717237,-1,1,2657.1,2667.1,2667.05,2637.8,sl,-10.15,-1015.0,L-Rev|M15|low@2657.30
1728370967563943159,1728376776307927316,-1,1,2652.6,2657.8,2657.8,2642.4999999999995,sl,-5.35,-535.0,L-Rev|M15|low@2652.70
1728386449790710441,1728390655985148716,1,1,2668.3,2665.6,2665.6749999999997,2673.5499999999997,sl,-2.85,-285.0,L-Rev|M15|high@2668.20
1728384961618860964,1728390748717296161,1,1,2666.0,2659.8,2659.8500000000004,2678.2999999999997,sl,-6.35,-635.0,L-Rev|M15|high@2665.90
1728397629529440828,1728399681637115572,-1,1,2647.2,2638.000000000001,2651.95,2638.000000000001,tp,9.05,905.0,L-Rev|M15|low@2647.30
1728484284393611019,1728484472717241059,-1,1,2622.8,2626.8,2626.75,2616.7,sl,-4.15,-415.0,L-Rev|H1|low@2623.40
1728484284393611019,1728486186598789718,-1,1,2622.8,2631.3,2631.0499999999997,2608.1000000000013,sl,-8.65,-865.0,L-Rev|M15|low@2623.40
1728480969877516405,1728486288173674715,-1,1,2627.6,2632.9,2632.625,2617.55,sl,-5.45,-545.0,L-Rev|M15|low@2627.60
1728546101434096737,1728547574036151883,1,1,2633.9,2631.0,2631.05,2639.5999999999995,sl,-3.05,-305.0,L-Rev|M15|high@2633.80
1728563412499428655,1728563422507054301,1,1,2637.8,2633.0,2633.0249999999996,2642.2500000000005,sl,-4.95,-495.0,L-Rev|M15|high@2635.90
1728563412499428655,1728563424253968180,1,1,2637.8,2631.5,2632.3499999999995,2645.4,sl,-6.45,-645.0,L-Rev|M15|high@2636.50
1728563483495345278,1728563630747318670,1,1,2641.1,2636.1,2636.15,2651.0,sl,-5.15,-515.0,L-Rev|M15|high@2641.00
1728587240450923290,1728618479226350968,1,1,2647.8,2661.249999999999,2640.325,2661.249999999999,tp,13.3,1330.0,L-Rev|M15|high@2647.20
1728649248036449388,1728650390171632045,1,1,2665.0,2659.8,2659.825,2675.3500000000004,sl,-5.35,-535.0,L-Rev|M15|high@2664.90
1728867843788290541,1728868673720539955,-1,1,2660.9,2663.7,2663.675,2655.3500000000004,sl,-2.95,-295.0,L-Rev|M15|low@2660.90
1728886938646870208,1728887256296759037,1,1,2679.3,2682.95,2677.325,2682.95,tp,3.5,350.0,L-Rev|H1|high@2679.00
1728962338619692743,1728968554295072655,-1,1,2662.7,2658.95,2664.575,2658.95,tp,3.6,360.0,L-Rev|M15|low@2662.70
1728977401985677285,1728993148987092291,1,1,2669.5,2664.8,2664.8250000000007,2678.55,sl,-4.85,-485.0,L-Rev|M15|high@2669.30
1729008488767685932,1729010395140167286,1,1,2684.4,2681.2,2681.2749999999996,2690.35,sl,-3.35,-335.0,L-Rev|H1|high@2684.20
1729008488767685932,1729010715186850569,1,1,2684.4,2679.7,2679.725,2693.45,sl,-4.85,-485.0,L-Rev|M15|high@2684.20
1729008488767685932,1729010888631672909,1,1,2684.4,2678.5,2678.5499999999997,2695.7999999999997,sl,-6.05,-605.0,L-Rev|H4|high@2684.20
1729043894376725453,1729058972481758019,1,1,2683.4,2687.75,2681.225,2687.75,tp,4.2,420.0,L-Rev|M15|high@2683.30
1729002080959905027,1729059257498715163,1,1,2678.4,2691.6000000000004,2671.8,2691.6000000000004,tp,13.05,1305.0,L-Rev|M15|high@2678.30
1729057731707106873,1729068676584775988,1,1,2686.5,2694.1499999999996,2682.675,2694.1499999999996,tp,7.5,750.0,L-Rev|M15|high@2686.40
1729083670534841545,1729086602817279991,1,1,2699.9,2695.5,2695.55,2707.7000000000007,sl,-4.55,-455.0,L-Rev|M15|high@2699.40
1729087099781097247,1729087775681722529,-1,1,2688.9,2694.1,2694.05,2680.9999999999995,sl,-5.35,-535.0,L-Rev|M15|low@2689.70
1729147219684423907,1729148322973270354,1,1,2700.8,2696.1,2696.1500000000005,2710.1,sl,-4.85,-485.0,L-Rev|M15|high@2700.60
1729160709834746619,1729166168232387414,1,1,2701.7,2696.9,2696.9249999999997,2710.6500000000005,sl,-4.95,-495.0,L-Rev|M15|high@2701.40
1729168301265838771,1729168326314946256,-1,1,2688.8,2690.3,2690.2250000000004,2685.95,sl,-1.65,-165.0,L-Rev|M15|low@2688.80
1729173243054192587,1729182727355911133,1,1,2704.3,2699.4,2699.4999999999995,2713.8999999999996,sl,-5.05,-505.0,L-Rev|M15|high@2704.20
1729213771826058508,1729215250071148493,1,1,2712.9,2716.5,2711.1000000000004,2716.5,tp,3.45,345.0,L-Rev|H1|high@2712.70
1729213771826058508,1729218700303636957,1,1,2712.9,2725.7000000000003,2706.3499999999995,2725.7000000000003,tp,12.65,1265.0,L-Rev|M15|high@2712.70
1729254475627489532,1729256604462308026,1,1,2729.6,2723.4,2723.8499999999995,2740.500000000001,sl,-6.35,-635.0,L-Rev|M15|high@2729.30
1729277217702275103,1729481896158280903,1,1,2735.7,2747.7,2729.7,2747.7,tp,11.85,1185.0,L-Rev|M15|high@2735.50
1729498888630382420,1729500559004071219,1,1,2748.1,2745.5,2745.5250000000005,2752.9500000000007,sl,-2.75,-275.0,L-Rev|M15|high@2747.80
1729521681163844811,1729523417265435514,-1,1,2742.7,2733.3999999999996,2747.35,2733.3999999999996,tp,9.15,915.0,L-Rev|M15|low@2742.70
1729522177782236540,1729537083325627222,-1,1,2738.6,2729.9000000000005,2742.95,2729.9000000000005,tp,8.55,855.0,L-Rev|M15|low@2738.60
1729536949917592336,1729553252719116456,-1,1,2731.4,2736.8,2736.725,2720.75,sl,-5.55,-555.0,L-Rev|M15|low@2731.40
1729523277850288827,1729560010077266633,-1,1,2735.8,2741.5,2741.4500000000003,2724.8,sl,-5.85,-585.0,L-Rev|M15|low@2735.90
1729593481637697531,1729596407247350673,1,1,2752.8,2748.1,2748.1250000000005,2761.8500000000004,sl,-4.85,-485.0,L-Rev|M15|high@2752.50
1729604719966971704,1729605411772298624,1,1,2755.7,2751.9,2751.9,2762.7,sl,-3.95,-395.0,L-Rev|H1|high@2755.40
1729603082819542960,1729605775602870847,1,1,2753.8,2748.7,2748.7,2764.0,sl,-5.25,-525.0,L-Rev|M15|high@2753.70
1729657169295545722,1729661663153007394,1,1,2763.4,2766.55,2761.8250000000003,2766.55,tp,3.0,300.0,L-Rev|M15|high@2763.30
1729685329078419607,1729688207650987579,-1,1,2762.0,2754.95,2765.525,2754.95,tp,6.9,690.0,L-Rev|M15|low@2762.00
1729604719966971704,1729689567363736488,1,1,2755.7,2745.7,2745.75,2775.0,sl,-10.15,-1015.0,L-Rev|M15|high@2755.40
1729692633795972855,1729694196913422926,-1,1,2743.8,2732.85,2749.2750000000005,2732.85,tp,10.8,1080.0,L-Rev|M15|low@2743.80
1729696254201476841,1729696285988546781,-1,1,2728.4,2730.4,2730.35,2724.8,sl,-2.15,-215.0,L-Rev|H1|low@2728.50
1729724437377624090,1729732511336418561,1,1,2732.0,2736.6499999999996,2729.675,2736.6499999999996,tp,4.5,450.0,L-Rev|M15|high@2731.90
1729770581964935120,1729772125498791602,1,1,2752.4,2749.3,2749.3999999999996,2758.4000000000005,sl,-3.25,-325.0,L-Rev|M15|high@2752.20
1729844423721740112,1729846988821301165,-1,1,2735.1,2731.2,2737.05,2731.2,tp,3.75,375.0,L-Rev|H1|low@2735.10
1729844423721740112,1729860557466547559,-1,1,2735.1,2742.6,2742.5249999999996,2720.2500000000005,sl,-7.65,-765.0,L-Rev|M15|low@2735.10
1729860916071606793,1729861681904688745,1,1,2745.1,2740.7,2740.75,2753.7999999999993,sl,-4.55,-455.0,L-Rev|M15|high@2745.00
1729865426114306568,1729877259065179432,1,1,2748.0,2754.800000000001,2744.4500000000003,2754.800000000001,tp,6.65,665.0,L-Rev|M15|high@2747.80
1730077456324386856,1730082079183920181,-1,1,2742.0,2746.6,2746.5000000000005,2732.999999999999,sl,-4.75,-475.0,L-Rev|M15|low@2742.00
1730093478580575854,1730096179681143638,1,1,2748.5,2755.7,2744.9,2755.7,tp,7.05,705.0,L-Rev|M15|high@2748.30
1730107755152708019,1730113141893773525,-1,1,2741.3,2745.5,2745.5,2732.9000000000005,sl,-4.35,-435.0,L-Rev|M15|low@2741.30
1730161866732050578,1730165859731510793,1,1,2757.8,2763.0999999999995,2755.0,2763.0999999999995,tp,5.15,515.0,L-Rev|M15|high@2757.50
1730163948265781094,1730167269809294630,1,1,2761.1,2766.55,2758.225,2766.55,tp,5.3,530.0,L-Rev|H1|high@2760.90
1730190108635308390,1730190909263852791,-1,1,2761.1,2765.1,2765.075,2753.1499999999996,sl,-4.15,-415.0,L-Rev|M15|low@2761.10
1730201180915457737,1730202060063928884,-1,1,2758.4,2763.9,2763.675,2748.1499999999996,sl,-5.65,-565.0,L-Rev|M15|low@2758.50
1730207785489642626,1730208668205134810,1,1,2769.1,2764.2,2764.725,2777.55,sl,-5.05,-505.0,L-Rev|M15|high@2768.80
1730163948265781094,1730209020403103941,1,1,2761.1,2770.2500000000005,2756.5249999999996,2770.2500000000005,tp,9.0,900.0,L-Rev|M15|high@2760.90
1730209020390877317,1730210401036473614,1,1,2770.5,2777.3,2766.95,2777.3,tp,6.65,665.0,L-Rev|H1|high@2770.20
1730209020390877317,1730211472428162142,1,1,2770.5,2780.3500000000004,2765.2749999999996,2780.3500000000004,tp,9.7,970.0,L-Rev|M15|high@2770.20
1730221322233740643,1730269461579180362,1,1,2784.8,2798.95,2776.6749999999997,2798.95,tp,14.0,1400.0,L-Rev|M15|high@2784.00
1730266401575062084,1730286897952461723,1,1,2794.6,2790.8,2790.85,2802.1,sl,-3.95,-395.0,L-Rev|M15|high@2794.40
1730286719996069191,1730292804432666459,-1,1,2791.5,2795.3,2795.25,2784.0,sl,-3.95,-395.0,L-Rev|M15|low@2791.50
1730294080598348951,1730294530623431003,1,1,2799.0,2795.0,2795.025,2806.95,sl,-4.15,-415.0,L-Rev|M15|high@2798.50
1730347623518175496,1730369118019592275,-1,1,2794.7,2787.4999999999995,2798.3,2787.4999999999995,tp,7.05,705.0,L-Rev|M15|low@2794.70
1730379620342342368,1730380987152380618,-1,1,2782.1,2777.3,2784.9500000000003,2777.3,tp,4.65,465.0,L-Rev|H1|low@2782.40
1730379620342342368,1730383211465915865,-1,1,2782.1,2764.25,2791.475,2764.25,tp,17.7,1770.0,L-Rev|M15|low@2782.40
1730426608656117453,1730428405946905091,1,1,2760.2,2756.1,2756.1250000000005,2768.05,sl,-4.25,-425.0,L-Rev|M15|high@2760.00
1730464204119476713,1730464209757321678,1,1,2767.8,2763.0,2763.2000000000003,2776.7000000000003,sl,-4.95,-495.0,L-Rev|M15|high@2767.50
1730464201315719955,1730464210065159913,1,1,2766.2,2760.1,2760.1249999999995,2775.6499999999996,sl,-6.25,-625.0,L-Rev|M15|high@2765.20
1730472034993036885,1730472250657955420,-1,1,2753.6,2749.7,2755.5499999999997,2749.7,tp,3.75,375.0,L-Rev|M15|low@2753.60
1730472033774539768,1730474406711586672,-1,1,2754.5,2758.9,2758.8500000000004,2745.7999999999997,sl,-4.55,-455.0,L-Rev|M15|low@2754.50
1730471941133909010,1730474635168291523,-1,1,2754.8,2759.6,2759.5250000000005,2745.35,sl,-4.95,-495.0,L-Rev|M15|low@2754.80
1730481957210297188,1730674800141686275,-1,1,2749.4,2736.65,2755.775,2736.65,tp,12.6,1260.0,L-Rev|M15|low@2749.40
1730674882064327424,1730675802408525657,-1,1,2741.1,2747.5,2747.425,2730.55,sl,-6.55,-655.0,L-Rev|H4|low@2741.80
1730715175748222454,1730717278467589211,1,1,2754.1,2748.9,2748.9999999999995,2764.300000000001,sl,-5.35,-535.0,L-Rev|M15|high@2754.00
1730727968535282002,1730730991745954880,1,1,2754.5,2749.4,2750.0,2763.5,sl,-5.25,-525.0,L-Rev|M15|high@2754.40
1730774015076080288,1730778963479930561,-1,1,2740.7,2744.8,2744.75,2732.5999999999995,sl,-4.25,-425.0,L-Rev|H1|low@2740.70
1730774006862913046,1730784743761383839,-1,1,2741.0,2745.5,2745.5,2732.0,sl,-4.65,-465.0,L-Rev|M15|low@2741.00
1730774015076080288,1730784743761383839,-1,1,2740.7,2745.5,2745.4249999999997,2731.25,sl,-4.95,-495.0,L-Rev|M15|low@2740.70
1730790479843833891,1730791993866384995,1,1,2749.3,2746.8,2746.825,2754.25,sl,-2.65,-265.0,L-Rev|M15|high@2749.20
1730814562373197847,1730819046023154340,1,1,2754.3,2750.1,2750.1749999999997,2762.5499999999997,sl,-4.35,-435.0,L-Rev|M15|high@2754.20
1730863744346353819,1730863974328695044,-1,1,2739.9,2744.2,2744.2,2732.5000000000005,sl,-4.45,-445.0,L-Rev|M15|low@2740.30
1730863738007917418,1730868463716050884,-1,1,2741.4,2750.8,2750.6749999999997,2723.45,sl,-9.55,-955.0,L-Rev|M15|low@2741.60
1730874391222606170,1730874553327888292,-1,1,2733.2,2726.6500000000005,2736.775,2726.6500000000005,tp,6.4,640.0,L-Rev|H1|low@2733.40
1730874391222606170,1730874561033533789,-1,1,2733.2,2725.5999999999995,2737.3,2725.5999999999995,tp,7.45,745.0,L-Rev|M15|low@2733.40
1730874256751706591,1730874789086177731,-1,1,2738.8,2723.2000000000007,2746.6,2723.2000000000007,tp,15.45,1545.0,L-Rev|M15|low@2738.80
1730925074711641021,1730934000056574959,-1,1,2670.1,2659.45,2675.4249999999997,2659.45,tp,10.5,1050.0,L-Rev|M15|low@2670.10
1730942254650203211,1730942431661886755,-1,1,2660.7,2652.5499999999997,2664.7749999999996,2652.5499999999997,tp,8.0,800.0,L-Rev|H1|low@2660.70
1730942254650203211,1730964117617984469,-1,1,2660.7,2672.2,2672.175,2637.749999999999,sl,-11.65,-1165.0,L-Rev|M15|low@2660.70
1730963753999097794,1730969690145618302,1,1,2668.4,2664.9,2664.95,2675.3000000000006,sl,-3.65,-365.0,L-Rev|M15|high@2668.30
1730985766773867231,1730990453856395313,1,1,2687.2,2700.000000000001,2680.65,2700.000000000001,tp,12.65,1265.0,L-Rev|M15|high@2687.00
1731001927908436466,1731005624260883300,1,1,2707.9,2701.5,2701.525,2720.65,sl,-6.55,-655.0,L-Rev|M15|high@2707.80
1731010083655479582,1731011055272621376,1,1,2707.9,2717.2,2703.25,2717.2,tp,9.15,915.0,L-Rev|M15|high@2707.80
1731047116106564122,1731072654456224760,-1,1,2694.5,2703.2,2703.15,2677.5,sl,-8.85,-885.0,L-Rev|M15|low@2694.60
1731316859657244745,1731319507279617491,-1,1,2673.1,2677.1,2677.075,2665.1500000000005,sl,-4.15,-415.0,L-Rev|M15|low@2673.10
1731316845401632522,1731319858140997094,-1,1,2673.4,2678.4,2678.3749999999995,2663.750000000001,sl,-5.15,-515.0,L-Rev|M15|low@2673.50
1731320440221048268,1731321174396423648,1,1,2681.4,2676.5,2676.5250000000005,2691.1499999999996,sl,-5.05,-505.0,L-Rev|M15|high@2681.30
1731374870655987022,1731375138365004342,-1,1,2625.6,2628.2,2628.1500000000005,2620.499999999999,sl,-2.75,-275.0,L-Rev|M15|low@2625.60
1731376061267371172,1731376310844015757,1,1,2633.0,2630.5,2630.5750000000007,2637.55,sl,-2.65,-265.0,L-Rev|M15|high@2632.80
1731389417541297183,1731389562627589556,-1,1,2617.1,2612.2,2619.55,2612.2,tp,4.75,475.0,L-Rev|H1|low@2617.10
1731389417541297183,1731392579622757533,-1,1,2617.1,2610.2,2620.5499999999997,2610.2,tp,6.75,675.0,L-Rev|M15|low@2617.10
1731485400208632209,1731486802593611687,-1,1,2609.3,2613.7,2613.6500000000005,2600.6,sl,-4.55,-455.0,L-Rev|M15|low@2609.30
1731499255746288725,1731504024881843326,1,1,2617.9,2613.1,2613.1749999999997,2627.3499999999995,sl,-4.95,-495.0,L-Rev|M15|high@2617.70
1731504602338140466,1731504631567357507,1,1,2619.3,2623.65,2616.9750000000004,2623.65,tp,4.2,420.0,L-Rev|H1|high@2619.10
1731504634740575084,1731504680954557824,1,1,2624.3,2621.1,2621.15,2630.6000000000004,sl,-3.35,-335.0,L-Rev|H1|high@2624.10
1731504634619475582,1731505586412658109,1,1,2624.2,2614.1,2614.1499999999996,2644.3,sl,-10.25,-1025.0,L-Rev|M15|high@2624.10
1731504602338140466,1731508637247843120,1,1,2619.3,2613.8,2613.8999999999996,2630.1000000000004,sl,-5.65,-565.0,L-Rev|M15|high@2619.10
1731509353320483424,1731510318407545460,-1,1,2611.6,2603.35,2615.725,2603.35,tp,8.1,810.0,L-Rev|M15|low@2611.60
1731510389313879917,1731510590097004059,-1,1,2601.6,2604.4,2604.1499999999996,2596.5000000000005,sl,-2.95,-295.0,L-Rev|M15|low@2601.60
1731509605539652526,1731513361441000995,-1,1,2606.7,2611.7,2611.425,2597.2499999999995,sl,-5.15,-515.0,L-Rev|M15|low@2606.70
1731515577802996018,1731517870590390328,-1,1,2598.8,2588.3,2604.05,2588.3,tp,10.35,1035.0,L-Rev|M15|low@2598.80
1731515647611330867,1731517947335173036,-1,1,2595.3,2586.85,2600.125,2586.85,tp,8.3,830.0,L-Rev|H1|low@2595.70
1731515647611330867,1731529844313872744,-1,1,2595.3,2580.099999999999,2603.5,2580.099999999999,tp,15.05,1505.0,L-Rev|M15|low@2595.70
1731528197629359081,1731538800056822440,-1,1,2583.3,2570.7,2589.6000000000004,2570.7,tp,12.45,1245.0,L-Rev|M15|low@2583.30
1731561883447138455,1731568408879218592,-1,1,2563.8,2556.0,2567.7000000000003,2556.0,tp,7.65,765.0,L-Rev|M15|low@2563.80
1731576638503195639,1731577909358063380,-1,1,2555.1,2542.6499999999987,2561.3250000000003,2542.6499999999987,tp,12.3,1230.0,L-Rev|M15|low@2555.10
1731594925166465440,1731595586550420759,1,1,2570.1,2564.8,2564.8499999999995,2580.6000000000004,sl,-5.45,-545.0,L-Rev|M15|high@2569.90
1731593882392710272,1731601110537379286,1,1,2565.4,2579.0500000000006,2558.575,2579.0500000000006,tp,13.5,1350.0,L-Rev|M15|high@2565.20
1731635052582706827,1731637626731568079,-1,1,2569.0,2574.6,2574.55,2557.8999999999996,sl,-5.75,-575.0,L-Rev|M15|low@2569.00
1731649817255238246,1731651609101554037,-1,1,2567.6,2559.5,2571.65,2559.5,tp,7.95,795.0,L-Rev|M15|low@2567.60
1731670644771359736,1731672690295357846,1,1,2576.7,2571.3,2571.3749999999995,2587.3500000000004,sl,-5.55,-555.0,L-Rev|M15|high@2576.50
1731690064984307493,1731885083275925759,-1,1,2565.3,2576.5,2576.3250000000003,2543.25,sl,-11.35,-1135.0,L-Rev|M15|low@2565.30
1731935098587908875,1731936126822726490,1,1,2602.6,2598.3,2598.3,2609.7000000000003,sl,-4.45,-445.0,L-Rev|H1|high@2601.90
1731935098587908875,1731939322463814368,1,1,2602.6,2612.3500000000004,2596.825,2612.3500000000004,tp,9.6,960.0,L-Rev|M15|high@2601.80
1731935098587908875,1731940396014871091,1,1,2602.6,2613.2500000000005,2596.3750000000005,2613.2500000000005,tp,10.5,1050.0,L-Rev|M15|high@2601.90
1731978306290355555,1731979820473559660,1,1,2619.7,2615.6,2615.85,2627.1000000000013,sl,-4.25,-425.0,L-Rev|M15|high@2619.50
1731999202918482849,1731999800169811764,1,1,2629.9,2625.9,2625.9249999999997,2637.8499999999995,sl,-4.15,-415.0,L-Rev|M15|high@2629.70
1732025784042593054,1732062133292849072,-1,1,2632.4,2639.8,2639.75,2617.7,sl,-7.55,-755.0,L-Rev|M15|low@2632.40
1732061291201288083,1732064477249941304,1,1,2638.6,2644.0,2635.9,2644.0,tp,5.25,525.0,L-Rev|M15|high@2638.40
1732064470241423715,1732083552007938456,1,1,2643.6,2633.1,2633.25,2664.3,sl,-10.65,-1065.0,L-Rev|M15|high@2643.40
1732049348305620771,1732083558774546991,1,1,2637.3,2632.7,2632.8500000000004,2645.9000000000005,sl,-4.75,-475.0,L-Rev|M15|high@2637.00
1732089523725178611,1732103767317313941,-1,1,2624.2,2631.3,2630.95,2611.6000000000004,sl,-7.25,-725.0,L-Rev|M15|low@2624.50
1732112492390714799,1732112508983310115,1,1,2645.4,2643.1,2643.175,2649.85,sl,-2.45,-245.0,L-Rev|H1|high@2645.30
1732112492390714799,1732112519126550605,1,1,2645.4,2642.7,2642.7750000000005,2650.6499999999996,sl,-2.85,-285.0,L-Rev|M15|high@2645.30
1732149428861249473,1732158094967019959,1,1,2659.3,2654.1,2654.175,2669.25,sl,-5.35,-535.0,L-Rev|M15|high@2659.00
1732148489241947151,1732158111701939107,1,1,2656.9,2653.3,2653.3749999999995,2663.95,sl,-3.75,-375.0,L-Rev|M15|high@2656.70
1732169963610107738,1732179730985959811,1,1,2663.4,2673.9,2658.15,2673.9,tp,10.35,1035.0,L-Rev|M15|high@2663.30
1732187713257537009,1732190803815431562,1,1,2674.2,2669.1,2669.2499999999995,2684.1000000000004,sl,-5.25,-525.0,L-Rev|M15|high@2674.00
1732237204147680590,1732242050009547414,1,1,2676.6,2683.2000000000007,2673.2999999999993,2683.2000000000007,tp,6.45,645.0,L-Rev|M15|high@2676.50
1732211697205705836,1732244523162132552,1,1,2674.3,2689.2999999999993,2666.8000000000006,2689.2999999999993,tp,14.85,1485.0,L-Rev|M15|high@2674.20
1732505187218925568,1732505279611742550,-1,1,2686.4,2681.15,2689.025,2681.15,tp,5.1,510.0,L-Rev|H1|low@2686.40
1732513802434387713,1732519135168266346,-1,1,2660.9,2672.6,2672.5499999999997,2637.9000000000005,sl,-11.85,-1185.0,L-Rev|M15|low@2661.00
1732544118928648119,1732544414274267900,-1,1,2657.8,2651.2,2664.4,2651.2,tp,6.45,645.0,L-Rev|H1|low@2660.00
1732544118928648119,1732544617448809486,-1,1,2657.8,2643.5,2668.25,2643.5,tp,14.15,1415.0,L-Rev|M15|low@2660.00
1732578147242828630,1732580513104770278,-1,1,2616.6,2622.8,2622.2999999999997,2605.2,sl,-6.35,-635.0,L-Rev|M15|low@2616.60
1732617279172855974,1732626346331775826,1,1,2631.8,2639.8999999999996,2627.7500000000005,2639.8999999999996,tp,7.95,795.0,L-Rev|M15|high@2631.60
1732617318040259226,1732629095217798697,1,1,2632.8,2626.7,2626.7999999999997,2644.800000000001,sl,-6.25,-625.0,L-Rev|M15|high@2632.60
1732673418218759791,1732685420829520279,1,1,2634.6,2641.15,2631.025,2641.15,tp,6.4,640.0,L-Rev|M15|high@2634.30
1732685580650471802,1732727000496811881,1,1,2642.9,2631.0,2632.1499999999996,2664.0999999999995,sl,-12.05,-1205.0,L-Rev|M15|high@2642.70
1732890654013631851,1732896067038566119,-1,1,2678.5,2684.2,2684.2,2667.1000000000004,sl,-5.85,-585.0,L-Rev|M15|low@2678.50
1732907514923622571,1733094000127321402,-1,1,2674.6,2662.6,2680.6,2662.6,tp,11.85,1185.0,L-Rev|M15|low@2674.60
1733117003956779665,1733124410713545916,-1,1,2645.3,2653.7,2653.5500000000006,2628.7999999999993,sl,-8.55,-855.0,L-Rev|M15|low@2645.30
1733188031799292443,1733189018490090814,1,1,2667.5,2664.3,2664.35,2673.8,sl,-3.35,-335.0,L-Rev|M15|high@2667.40
1733206358830416016,1733213687010542801,1,1,2668.6,2663.0,2663.0250000000005,2679.4500000000007,sl,-5.75,-575.0,L-Rev|M15|high@2668.30
1733234111344734491,1733236508523804476,1,1,2675.4,2672.3,2672.3500000000004,2680.9000000000005,sl,-3.25,-325.0,L-Rev|H1|high@2675.00
1733233767809309135,1733237620087375575,1,1,2672.9,2669.2,2669.225,2680.25,sl,-3.85,-385.0,L-Rev|M15|high@2672.80
1733234111121056617,1733238001041054734,1,1,2675.1,2667.9,2668.35,2688.6,sl,-7.35,-735.0,L-Rev|M15|high@2675.00
1733233601614279598,1733238016236943863,1,1,2671.0,2666.6,2666.65,2679.7,sl,-4.55,-455.0,L-Rev|M15|high@2670.90
1733239208179747589,1733244116228859093,-1,1,2660.1,2667.9,2667.9,2644.5,sl,-7.95,-795.0,L-Rev|M15|low@2660.10
1733272841246814065,1733277385330323614,-1,1,2662.4,2664.6,2664.575,2658.0500000000006,sl,-2.35,-235.0,L-Rev|M15|low@2662.40
1733289737099950575,1733296861754882108,1,1,2671.8,2667.8,2667.825,2679.75,sl,-4.15,-415.0,L-Rev|M15|high@2671.70
1733301313363546619,1733302121572895432,-1,1,2659.5,2664.2,2664.15,2650.2,sl,-4.85,-485.0,L-Rev|M15|low@2659.50
1733317443682416453,1733317638272309873,-1,1,2656.5,2660.3,2660.275,2649.25,sl,-3.95,-395.0,L-Rev|M15|low@2656.60
1733317405275249798,1733317747339391672,-1,1,2657.8,2660.8,2660.775,2651.8500000000004,sl,-3.15,-315.0,L-Rev|H1|low@2657.80
1733316679250158472,1733318421420167330,-1,1,2658.5,2662.8,2662.75,2650.5999999999995,sl,-4.45,-445.0,L-Rev|M15|low@2658.70
1733317405275249798,1733318545851255767,-1,1,2657.8,2665.2,2665.15,2643.1000000000004,sl,-7.55,-755.0,L-Rev|M15|low@2657.80
1733325934873778128,1733330464216104655,1,1,2679.3,2675.3,2675.3500000000004,2684.8,sl,-4.15,-415.0,L-Rev|H1|high@2678.40
1733338830607216547,1733339224555596783,-1,1,2671.2,2675.0,2674.9000000000005,2664.1,sl,-3.95,-395.0,L-Rev|M15|low@2671.30
1733325934873778128,1733362989096915574,1,1,2679.3,2670.5,2670.5000000000005,2694.8,sl,-8.95,-895.0,L-Rev|M15|high@2678.40
1733322318849060378,1733364362236927605,1,1,2673.8,2669.4,2669.45,2682.5,sl,-4.55,-455.0,L-Rev|M15|high@2673.60
1733378003400333768,1733378649575194966,1,1,2680.0,2676.9,2676.925,2686.1499999999996,sl,-3.25,-325.0,L-Rev|M15|high@2679.90
1733387138967926856,1733388174165168369,-1,1,2668.3,2670.8,2670.7750000000005,2663.35,sl,-2.65,-265.0,L-Rev|M15|low@2668.30
1733410685099002202,1733411577341925875,-1,1,2665.7,2659.6500000000005,2668.875,2659.6500000000005,tp,5.9,590.0,L-Rev|M15|low@2665.80
1733418735003452668,1733439600054485304,-1,1,2654.2,2645.25,2658.6749999999997,2645.25,tp,8.8,880.0,L-Rev|H1|low@2654.20
1733447318296813470,1733447437609307385,-1,1,2646.3,2638.8,2650.05,2638.8,tp,7.35,735.0,L-Rev|M15|low@2646.30
1733418735003452668,1733457147577869937,-1,1,2654.2,2663.6,2663.575,2635.45,sl,-9.55,-955.0,L-Rev|M15|low@2654.20
1733455506085374665,1733459229012122180,1,1,2657.0,2665.9,2652.4,2665.9,tp,8.75,875.0,L-Rev|M15|high@2656.80
1733475548672977222,1733476670703028145,1,1,2666.8,2663.2,2663.2749999999996,2673.8500000000004,sl,-3.75,-375.0,L-Rev|M15|high@2666.70
1733491906102994345,1733491953197707007,-1,1,2653.7,2658.0,2657.975,2645.1499999999996,sl,-4.45,-445.0,L-Rev|M15|low@2653.70
1733704200772342979,1733706232595869799,-1,1,2653.0,2658.4,2658.325,2642.3500000000004,sl,-5.55,-555.0,L-Rev|M15|low@2653.00
1733731043367917126,1733752090530154532,1,1,2673.0,2686.3500000000004,2666.325,2686.3500000000004,tp,13.2,1320.0,L-Rev|M15|high@2672.90
1733751133417750624,1733754726563000924,1,1,2682.6,2692.95,2677.4249999999997,2692.95,tp,10.2,1020.0,L-Rev|M15|high@2682.50
1733827283889546892,1733829442053318050,1,1,2697.2,2693.6,2693.6,2704.3999999999996,sl,-3.75,-375.0,L-Rev|M15|high@2696.90
1733866703786210285,1733876513177237879,1,1,2721.3,2726.2500000000005,2718.825,2726.2500000000005,tp,4.8,480.0,L-Rev|M15|high@2721.10
1733925823282535249,1733927466572005518,1,1,2735.6,2729.6,2729.8000000000006,2746.9000000000005,sl,-6.15,-615.0,L-Rev|M15|high@2735.40
1733965206074594258,1733965632023075514,1,1,2759.9,2756.9,2756.9749999999995,2765.45,sl,-3.15,-315.0,L-Rev|H1|high@2759.70
1733965201582809752,1733965870078395341,1,1,2759.1,2754.4,2754.45,2768.4000000000005,sl,-4.85,-485.0,L-Rev|M15|high@2759.00
1733965206074594258,1733966287854864955,1,1,2759.9,2752.6,2752.625,2774.4500000000007,sl,-7.45,-745.0,L-Rev|M15|high@2759.70
1733998232936054630,1733999769797517121,-1,1,2743.9,2748.4,2748.325,2736.8500000000004,sl,-4.65,-465.0,L-Rev|M15|low@2744.50
1734001259456688841,1734008110737249370,-1,1,2743.1,2737.45,2745.925,2737.45,tp,5.5,550.0,L-Rev|H1|low@2743.10
1734001259456688841,1734008139501357215,-1,1,2743.1,2736.8,2746.25,2736.8,tp,6.15,615.0,L-Rev|M15|low@2743.10
1734012826497336282,1734013559593627068,-1,1,2717.6,2711.0,2723.1499999999996,2711.0,tp,6.45,645.0,L-Rev|H1|low@2719.10
1734052008127624858,1734055806291063414,1,1,2712.0,2708.5,2708.5499999999997,2718.9000000000005,sl,-3.65,-365.0,L-Rev|M15|high@2711.90
1734075397388809754,1734075615583462741,-1,1,2703.2,2705.3,2705.3,2698.9999999999995,sl,-2.25,-225.0,L-Rev|M15|low@2703.20
1734012826497336282,1734080260358786139,-1,1,2717.6,2695.3999999999996,2730.95,2695.3999999999996,tp,22.05,2205.0,L-Rev|M15|low@2719.10
1734080229929085812,1734080617939420078,-1,1,2696.5,2692.0,2699.0499999999997,2692.0,tp,4.35,435.0,L-Rev|H1|low@2696.70
1734080229929085812,1734096762432535074,-1,1,2696.5,2682.7499999999995,2703.675,2682.7499999999995,tp,13.6,1360.0,L-Rev|M15|low@2696.70
1734335091838661660,1734336003791583872,1,1,2673.9,2671.4,2671.425,2678.8500000000004,sl,-2.65,-265.0,L-Rev|M15|high@2673.70
1734335095466044041,1734336595756766788,1,1,2674.3,2670.7,2670.7749999999996,2681.3500000000004,sl,-3.75,-375.0,L-Rev|M15|high@2674.10
1734348004315588122,1734358922321647032,1,1,2680.0,2675.9,2675.95,2688.1000000000004,sl,-4.25,-425.0,L-Rev|M15|high@2679.80
1734366561661270175,1734369388041622837,-1,1,2667.6,2671.2,2671.125,2660.55,sl,-3.75,-375.0,L-Rev|M15|low@2667.60
1734411760293659439,1734412650680172461,-1,1,2666.6,2668.7,2668.675,2662.45,sl,-2.25,-225.0,L-Rev|H1|low@2666.60
1734411760293659439,1734413402109244835,-1,1,2666.6,2670.2,2670.2,2659.3999999999996,sl,-3.75,-375.0,L-Rev|M15|low@2666.60
1734443465255807748,1734445952985191346,-1,1,2650.1,2655.9,2655.825,2641.6499999999996,sl,-5.95,-595.0,L-Rev|M15|low@2651.10
1734508911511187455,1734509865238748584,-1,1,2657.3,2660.4,2660.3750000000005,2651.1499999999996,sl,-3.25,-325.0,L-Rev|M15|low@2657.30
1734593017381188670,1734612139370893626,1,1,2630.3,2624.2,2624.2,2642.2000000000007,sl,-6.25,-625.0,L-Rev|M15|high@2630.00
1734614106360818136,1734622806025226262,-1,1,2616.1,2601.25,2623.525,2601.25,tp,14.7,1470.0,L-Rev|M15|low@2616.10
1734659171100308543,1734659536091747708,1,1,2616.3,2612.3,2612.3,2624.0,sl,-4.15,-415.0,L-Rev|M15|high@2616.00
1734676812416664376,1734701403094064953,1,1,2618.3,2614.3,2614.6000000000004,2625.4000000000005,sl,-4.15,-415.0,L-Rev|M15|high@2618.00
1734701402918838874,1734701426728228113,-1,1,2614.8,2619.1,2618.925,2606.55,sl,-4.45,-445.0,L-Rev|M15|low@2614.80
1734701505320211180,1734703859287820490,1,1,2623.0,2629.6000000000004,2618.8,2629.6000000000004,tp,6.45,645.0,L-Rev|M15|high@2622.30
1734707739137580273,1734710060962824427,1,1,2641.0,2650.75,2636.125,2650.75,tp,9.6,960.0,L-Rev|M15|high@2640.90
1734707739137580273,1734710060962824427,1,1,2641.0,2650.8,2636.1,2650.8,tp,9.65,965.0,L-Rev|H1|high@2640.90
1734950971715562715,1734967656650130283,-1,1,2634.2,2625.3499999999995,2638.625,2625.3499999999995,tp,8.7,870.0,L-Rev|M15|low@2634.20
1734966343045575052,1734973163901219749,-1,1,2627.2,2632.3,2632.225,2617.1499999999996,sl,-5.25,-525.0,L-Rev|M15|low@2627.20
1735005698046973832,1735009642675628757,1,1,2633.1,2629.6,2629.6499999999996,2640.0000000000005,sl,-3.65,-365.0,L-Rev|M15|high@2633.00
1735007853432852654,1735033527856429996,1,1,2634.0,2629.1,2629.125,2643.75,sl,-5.05,-505.0,L-Rev|M15|high@2633.90
1735034404141121332,1735035161751168873,-1,1,2627.4,2630.7,2630.625,2620.9500000000007,sl,-3.45,-345.0,L-Rev|M15|low@2627.40
1735061169627523012,1735062509371004808,1,1,2635.2,2633.0,2633.0499999999997,2639.5,sl,-2.35,-235.0,L-Rev|H1|high@2635.10
1735061169627523012,1735064201340570250,1,1,2635.2,2632.2,2632.2,2641.2,sl,-3.15,-315.0,L-Rev|M15|high@2635.10
1735209496757345631,1735215195682706783,1,1,2644.1,2640.5,2640.5,2651.3,sl,-3.75,-375.0,L-Rev|M15|high@2644.00
1735218283307877443,1735218367371732391,1,1,2646.9,2645.3,2645.35,2650.0,sl,-1.75,-175.0,L-Rev|H1|high@2646.80
1735218283309376737,1735219324886042310,1,1,2647.0,2644.2,2644.2000000000003,2652.300000000001,sl,-2.95,-295.0,L-Rev|M15|high@2646.80
1735220822427219152,1735222589847187690,-1,1,2638.4,2641.7,2641.6250000000005,2631.949999999999,sl,-3.45,-345.0,L-Rev|M15|low@2638.40
1735286485402798344,1735289133524187070,-1,1,2647.1,2642.1000000000004,2649.7499999999995,2642.1000000000004,tp,4.85,485.0,L-Rev|M15|low@2647.20
1735304832119655780,1735305294552937381,-1,1,2637.5,2641.2,2641.125,2631.4500000000003,sl,-3.85,-385.0,L-Rev|H1|low@2637.90
1735304830680802618,1735305301166415006,-1,1,2638.3,2641.3,2641.2250000000004,2632.45,sl,-3.15,-315.0,L-Rev|M15|low@2638.30
1735304832119655780,1735305422582421624,-1,1,2637.5,2642.0,2641.95,2629.8000000000006,sl,-4.65,-465.0,L-Rev|M15|low@2637.90
1735328719156477312,1735330304721632434,1,1,2635.4,2631.7,2631.7249999999995,2642.750000000001,sl,-3.85,-385.0,L-Rev|M15|high@2635.30
1735542355438709031,1735562198363663948,-1,1,2628.6,2632.2,2632.2,2621.3999999999996,sl,-3.75,-375.0,L-Rev|M15|low@2628.60
1735566943028647432,1735568155044713376,-1,1,2621.2,2626.7,2626.7,2610.5000000000005,sl,-5.65,-565.0,L-Rev|M15|low@2621.30
1735608636841190148,1735609472103510566,1,1,2623.3,2621.0,2621.05,2627.8,sl,-2.45,-245.0,L-Rev|M15|high@2623.20
1735608600144483979,1735613634489952532,1,1,2622.8,2619.2,2619.25,2629.9,sl,-3.75,-375.0,L-Rev|H1|high@2636.90
1735655834437112270,1735656443219815106,1,1,2629.9,2626.1,2626.1499999999996,2637.3999999999996,sl,-3.95,-395.0,L-Rev|M15|high@2629.70
1735660512542319413,1735661066872661933,1,1,2640.9,2638.2,2638.275,2646.1499999999996,sl,-2.85,-285.0,L-Rev|H1|high@2640.70
1735660512542319413,1735661082141608589,1,1,2640.9,2638.0,2638.0249999999996,2646.3499999999995,sl,-3.05,-305.0,L-Rev|M15|high@2640.70
1735806442548098527,1735807286145086999,-1,1,2643.2,2646.2,2646.125,2637.3499999999995,sl,-3.15,-315.0,L-Rev|M15|low@2643.20
1735821949010748614,1735822802087416905,1,1,2659.6,2655.5,2655.5250000000005,2667.45,sl,-4.25,-425.0,L-Rev|M15|high@2659.40
1735659371829099717,1735827313532806990,1,1,2637.0,2661.1499999999996,2624.925,2661.1499999999996,tp,24.0,2400.0,L-Rev|M15|high@2636.90
1735863434781940869,1735867444565446341,1,1,2674.3,2671.8,2671.95,2678.7,sl,-2.65,-265.0,L-Rev|M15|high@2674.10
1735863434781940869,1735888930048952166,1,1,2674.3,2669.2,2669.2000000000003,2684.5,sl,-5.25,-525.0,L-Rev|M15|high@2674.20
1735888839912328844,1735911484578839209,-1,1,2670.3,2660.55,2675.175,2660.55,tp,9.6,960.0,L-Rev|M15|low@2670.30
1735936108589869896,1736118000134124859,-1,1,2652.3,2645.7,2655.6000000000004,2645.7,tp,6.45,645.0,L-Rev|M15|low@2652.30
1736163173543581902,1736165516609518731,1,1,2661.1,2656.8,2656.9749999999995,2669.3500000000004,sl,-4.45,-445.0,L-Rev|M15|high@2661.00
1736170852409698619,1736173027578781687,-1,1,2635.6,2627.1500000000005,2641.325,2627.1500000000005,tp,8.3,830.0,L-Rev|M15|low@2636.60
1736209321089378194,1736211583457520761,-1,1,2643.7,2646.4,2646.3250000000003,2638.449999999999,sl,-2.85,-285.0,L-Rev|M15|low@2643.70
1736211606354871104,1736214517619761677,1,1,2648.3,2651.3499999999995,2646.175,2651.3499999999995,tp,2.9,290.0,L-Rev|M15|high@2647.80
1736227349632200788,1736236449322138053,1,1,2652.3,2649.6,2649.6749999999997,2657.5499999999997,sl,-2.85,-285.0,L-Rev|M15|high@2652.10
1736227353836178158,1736251668463020191,1,1,2652.8,2661.7999999999993,2648.3,2661.7999999999993,tp,8.85,885.0,L-Rev|M15|high@2652.70
1736253653988793811,1736256053106033618,1,1,2663.9,2673.9,2658.9,2673.9,tp,9.85,985.0,L-Rev|H1|high@2663.80
1736253654027527460,1736262447145036369,1,1,2664.3,2655.8,2655.8250000000007,2680.35,sl,-8.65,-865.0,L-Rev|M15|high@2663.80
1736300614134338558,1736315560572742676,-1,1,2661.3,2664.4,2664.375,2655.150000000001,sl,-3.25,-325.0,L-Rev|M15|low@2661.30
1736335603549027737,1736340592799782046,-1,1,2662.9,2665.9,2665.825,2657.0500000000006,sl,-3.15,-315.0,L-Rev|M15|low@2662.90
1736341286637965405,1736342987278929171,1,1,2669.4,2663.5,2665.65,2676.9,sl,-6.05,-605.0,L-Rev|M15|high@2669.30
1736397383290463479,1736398863526808540,-1,1,2674.3,2677.7,2677.675,2667.55,sl,-3.55,-355.0,L-Rev|M15|low@2674.30
1736405222745806639,1736409554401404269,1,1,2681.8,2679.0,2679.0750000000003,2686.9500000000003,sl,-2.95,-295.0,L-Rev|M15|high@2681.50
1736422044046565094,1736429116709553923,1,1,2687.4,2694.4,2683.45,2694.4,tp,6.85,685.0,L-Rev|H1|high@2687.00
1736441878570976835,1736447151007661130,-1,1,2686.0,2692.3,2692.3,2673.3999999999996,sl,-6.45,-645.0,L-Rev|M15|low@2686.00
1736463600121308614,1736463600123457188,1,1,2693.0,2692.45,2682.9249999999997,2692.45,tp,-0.7,-70.0,L-Rev|H1|high@2696.80
1736465271363194555,1736487549152754086,1,1,2693.8,2698.800000000001,2691.1499999999996,2698.800000000001,tp,4.85,485.0,L-Rev|M15|high@2693.50
1736422044046565094,1736487868905537199,1,1,2687.4,2700.25,2680.6749999999997,2700.25,tp,12.7,1270.0,L-Rev|M15|high@2687.00
1736475807388162753,1736515884447585564,1,1,2697.0,2689.7,2689.8,2711.3999999999996,sl,-7.45,-745.0,L-Rev|M15|high@2696.80
1736517322272008082,1736518684091701408,1,1,2712.0,2721.6499999999996,2706.575,2721.6499999999996,tp,9.5,950.0,L-Rev|M15|high@2711.40
1736771378577854795,1736773396515176092,-1,1,2686.9,2693.9,2693.85,2673.0,sl,-7.15,-715.0,L-Rev|H1|low@2686.90
1736792713330327276,1736810227104858415,-1,1,2679.6,2684.6,2684.55,2669.6999999999994,sl,-5.15,-515.0,L-Rev|M15|low@2679.60
1736832660539595985,1736842909189678699,-1,1,2683.8,2686.6,2686.5000000000005,2678.3999999999996,sl,-2.95,-295.0,L-Rev|M15|low@2683.80
1736784049696945889,1736843407058461269,-1,1,2679.6,2690.2,2690.1000000000004,2659.4999999999995,sl,-10.75,-1075.0,L-Rev|M15|low@2679.90
1736843406810043798,1736843722387617032,1,1,2690.0,2686.7,2686.7749999999996,2696.4500000000003,sl,-3.45,-345.0,L-Rev|M15|high@2689.90
1736861916613183903,1736862010364376297,-1,1,2674.8,2677.1,2677.1,2671.3999999999996,sl,-2.45,-245.0,L-Rev|H1|low@2675.20
1736861916613183903,1736862372439475833,-1,1,2674.8,2680.2,2678.425,2668.7499999999995,sl,-5.55,-555.0,L-Rev|M15|low@2675.20
1736888274896007581,1736905545096843592,1,1,2690.4,2687.0,2687.075,2697.05,sl,-3.55,-355.0,L-Rev|H1|high@2690.30
1736921499068150322,1736926951119759372,1,1,2695.4,2699.75,2693.225,2699.75,tp,4.2,420.0,L-Rev|M15|high@2695.20
1736888274896007581,1736928377184150734,1,1,2690.4,2700.4500000000007,2685.375,2700.4500000000007,tp,9.9,990.0,L-Rev|M15|high@2690.30
1736873513549984719,1736931893914514364,1,1,2687.5,2702.6500000000005,2679.9249999999997,2702.6500000000005,tp,15.0,1500.0,L-Rev|M15|high@2687.40
1736947848096034038,1736948332087067744,1,1,2713.0,2708.8,2708.825,2720.7500000000005,sl,-4.35,-435.0,L-Rev|M15|high@2712.70
1737015533927812517,1737016562126983711,1,1,2731.8,2728.7,2728.725,2737.95,sl,-3.25,-325.0,L-Rev|M15|high@2731.60
1737014981043476996,1737019486862755052,1,1,2729.2,2736.25,2725.6749999999997,2736.25,tp,6.9,690.0,L-Rev|M15|high@2729.00
1737126103744822866,1737126928693614188,1,1,2748.5,2746.5,2746.55,2752.399999999999,sl,-2.15,-215.0,L-Rev|M15|high@2748.40
1737126103739430278,1737127041139966133,1,1,2748.3,2745.2,2745.2999999999997,2754.2999999999997,sl,-3.25,-325.0,L-Rev|M15|high@2748.20
1737379851970105728,1737380147623704197,-1,1,2744.6,2735.45,2749.1749999999997,2735.45,tp,9.0,900.0,L-Rev|M15|low@2744.60
1737380254798270626,1737380266287522386,-1,1,2730.2,2725.5499999999997,2733.875,2725.5499999999997,tp,4.5,450.0,L-Rev|H1|low@2731.10
1737380254798270626,1737380835394289385,-1,1,2730.2,2735.7,2735.6749999999997,2721.95,sl,-5.65,-565.0,L-Rev|M15|low@2731.10
1737470423291688169,1737471372125080508,1,1,2747.2,2753.300000000001,2743.8500000000004,2753.300000000001,tp,5.95,595.0,L-Rev|M15|high@2746.80
1737470423291688169,1737471413893940741,1,1,2747.2,2754.3999999999996,2743.3,2754.3999999999996,tp,7.05,705.0,L-Rev|H1|high@2746.80
1737471433080071665,1737471787273436221,1,1,2755.3,2751.9,2751.9750000000004,2761.0500000000006,sl,-3.55,-355.0,L-Rev|H1|high@2754.80
1737470893310084080,1737517079285006761,1,1,2750.7,2766.15,2742.9749999999995,2766.15,tp,15.3,1530.0,L-Rev|M15|high@2750.60
1737476388583198250,1737538049869292332,1,1,2759.6,2772.3500000000004,2752.925,2772.3500000000004,tp,12.6,1260.0,L-Rev|H4|high@2759.20
1737538068970543244,1737545002636567677,1,1,2772.6,2768.2,2768.2250000000004,2781.050000000001,sl,-4.55,-455.0,L-Rev|M15|high@2772.30
1737624096769873530,1737624961739714212,-1,1,2754.0,2747.7000000000003,2757.1499999999996,2747.7000000000003,tp,6.15,615.0,L-Rev|M15|low@2754.00
1737638053344794773,1737642793305835371,-1,1,2747.2,2752.6,2752.5249999999996,2736.55,sl,-5.55,-555.0,L-Rev|M15|low@2747.20
1737650765646208690,1737651099260350968,1,1,2765.0,2761.5,2761.575,2771.25,sl,-3.65,-365.0,L-Rev|M15|high@2764.60
1737650657878118528,1737684641888308553,1,1,2762.1,2776.05,2755.125,2776.05,tp,13.8,1380.0,L-Rev|M15|high@2761.80
1737684029828851521,1737686771048272693,1,1,2773.1,2781.35,2768.975,2781.35,tp,8.1,810.0,L-Rev|M15|high@2773.00
1737698925374150440,1737701117022204792,1,1,2785.0,2781.3,2781.325,2792.350000000001,sl,-3.85,-385.0,L-Rev|M15|high@2784.90
1737718452390910264,1737729000665960018,1,1,2785.4,2780.9,2780.9,2794.4,sl,-4.65,-465.0,L-Rev|M15|high@2785.30
1737718261943544350,1737732262957836042,1,1,2784.5,2793.2000000000003,2780.1499999999996,2793.2000000000003,tp,8.55,855.0,L-Rev|M15|high@2784.40
1737737356462825603,1737944075213290346,-1,1,2780.3,2763.3500000000004,2788.775,2763.3500000000004,tp,16.8,1680.0,L-Rev|M15|low@2780.30
1737943597462222271,1737944476407073448,-1,1,2766.2,2759.6999999999994,2769.6000000000004,2759.6999999999994,tp,6.35,635.0,L-Rev|M15|low@2766.30
1737957740735194154,1737965892470295601,-1,1,2757.6,2762.2,2762.175,2748.4499999999994,sl,-4.75,-475.0,L-Rev|M15|low@2757.60
1737988222660802961,1737996683288712202,-1,1,2752.0,2737.5999999999995,2759.2000000000003,2737.5999999999995,tp,14.25,1425.0,L-Rev|M15|low@2752.00
1738056630365559674,1738057091115830714,1,1,2748.9,2746.5,2746.5,2753.7000000000007,sl,-2.55,-255.0,L-Rev|M15|high@2748.70
1738069203344143378,1738073771259814623,1,1,2749.8,2756.749999999999,2746.1750000000006,2756.749999999999,tp,6.8,680.0,L-Rev|M15|high@2749.60
1738069203344143378,1738074014788718422,1,1,2749.8,2757.2999999999997,2746.0499999999997,2757.2999999999997,tp,7.35,735.0,L-Rev|M15|high@2749.70
1738120615233820576,1738121130107522471,-1,1,2769.5,2771.4,2771.3,2765.899999999999,sl,-2.05,-205.0,L-Rev|M15|low@2769.50
1738156951819070801,1738157198028111106,-1,1,2765.2,2768.2,2768.0000000000005,2759.8999999999996,sl,-3.15,-315.0,L-Rev|M15|low@2765.30
1738159926486723571,1738164122061478652,1,1,2775.8,2772.2,2772.25,2782.600000000001,sl,-3.75,-375.0,L-Rev|M15|high@2775.50
1738177499662636299,1738179169331916436,-1,1,2763.7,2766.5,2766.1499999999996,2758.8,sl,-2.95,-295.0,L-Rev|H1|low@2763.70
1738177499662636299,1738179191585034430,-1,1,2763.7,2768.2,2768.1249999999995,2754.8500000000004,sl,-4.65,-465.0,L-Rev|M15|low@2763.70
1738177225679011422,1738179592694997352,-1,1,2764.7,2771.6,2771.5249999999996,2751.05,sl,-7.05,-705.0,L-Rev|M15|low@2764.70
1738220187281646615,1738220440914075544,1,1,2776.2,2772.3,2774.3249999999994,2779.9500000000007,sl,-4.05,-405.0,L-Rev|M15|high@2775.70
1738220283741330469,1738220440914075544,1,1,2779.5,2772.3,2775.1,2784.3999999999996,sl,-7.35,-735.0,L-Rev|H1|high@2778.10
1738220283741330469,1738232159098361661,1,1,2779.5,2792.1499999999996,2771.6749999999997,2792.1499999999996,tp,12.5,1250.0,L-Rev|M15|high@2778.10
1738302144185349975,1738308102437332269,-1,1,2847.1,2849.4,2849.35,2842.6,sl,-2.45,-245.0,L-Rev|M15|low@2847.10
1738334067993762220,1738334171818208732,1,1,2852.8,2850.7,2850.7,2857.0,sl,-2.25,-225.0,L-Rev|M15|high@2852.60
1738335921089115917,1738336774406061370,1,1,2859.6,2856.4,2857.25,2864.2999999999997,sl,-3.35,-335.0,L-Rev|H1|high@2859.50
1738335921089115917,1738336774430906418,1,1,2859.6,2856.1,2856.15,2866.5,sl,-3.65,-365.0,L-Rev|M15|high@2859.50
1738343707620796906,1738343918235861780,-1,1,2840.7,2845.0,2844.9749999999995,2832.15,sl,-4.45,-445.0,L-Rev|M15|low@2840.70
1738594098625991964,1738596303780141203,1,1,2863.3,2857.9,2858.4750000000004,2872.05,sl,-5.55,-555.0,L-Rev|H1|high@2862.90
1738594080159537631,1738596356592279816,1,1,2861.9,2852.9,2852.9249999999997,2879.25,sl,-9.15,-915.0,L-Rev|M15|high@2861.50
1738645478912562176,1738646093549148244,-1,1,2846.3,2849.3,2849.2999999999997,2840.300000000001,sl,-3.15,-315.0,L-Rev|M15|low@2846.30
1738673409284289549,1738675404669727154,1,1,2848.3,2858.95,2842.975,2858.95,tp,10.5,1050.0,L-Rev|M15|high@2848.20
1738675338592183222,1738679541073087592,1,1,2858.8,2869.049999999999,2853.075,2869.049999999999,tp,10.1,1010.0,L-Rev|M15|high@2858.20
1738680032660099657,1738683558103386258,1,1,2872.4,2867.0,2867.3250000000003,2881.9500000000003,sl,-5.55,-555.0,L-Rev|H1|high@2872.00
1738717208088327037,1738717333414126540,1,1,2877.7,2873.7,2873.85,2884.2000000000007,sl,-4.15,-415.0,L-Rev|M15|high@2877.10
1738680032660099657,1738751692419668784,1,1,2872.4,2900.9999999999995,2857.8,2900.9999999999995,tp,28.45,2845.0,L-Rev|M15|high@2872.00
1738763052308927904,1738764901866056934,-1,1,2882.1,2887.1,2886.9750000000004,2872.3499999999995,sl,-5.15,-515.0,L-Rev|M15|low@2882.10
1738824521543450156,1738824713788422898,-1,1,2884.0,2879.2000000000003,2886.3999999999996,2879.2000000000003,tp,4.65,465.0,L-Rev|M15|low@2884.00
1738824651094782305,1738830095586379550,-1,1,2880.1,2873.95,2883.1749999999997,2873.95,tp,6.0,600.0,L-Rev|M15|low@2880.10
1738843452512331057,1738846361905685609,1,1,2893.2,2889.0,2889.05,2901.2000000000007,sl,-4.35,-435.0,L-Rev|M15|high@2893.00
1738843301321220849,1738846982844494258,1,1,2890.3,2884.6,2884.6000000000004,2901.699999999999,sl,-5.85,-585.0,L-Rev|M15|high@2890.20
1738853388622351189,1738854016565708421,-1,1,2870.0,2860.35,2874.975,2860.35,tp,9.5,950.0,L-Rev|M15|low@2870.10
1738853388622351189,1738854040611739029,-1,1,2870.0,2858.4,2876.4,2858.4,tp,11.45,1145.0,L-Rev|M15|low@2870.40
1738919153747461062,1738922880878944743,1,1,2894.7,2890.9,2890.9999999999995,2900.8999999999996,sl,-3.95,-395.0,L-Rev|H1|high@2894.20
1738919153747461062,1738923517586460982,1,1,2894.7,2886.7,2886.7250000000004,2909.45,sl,-8.15,-815.0,L-Rev|M15|high@2894.20
1738933206100954793,1738935001212022095,-1,1,2886.1,2889.7,2889.7,2878.8999999999996,sl,-3.75,-375.0,L-Rev|M15|low@2886.10
1738938455626262305,1738941617654163201,1,1,2898.0,2906.5999999999995,2893.55,2906.5999999999995,tp,8.45,845.0,L-Rev|M15|high@2897.70
1739160901883892286,1739170004226863914,1,1,2902.7,2911.9,2897.9500000000007,2911.9,tp,9.05,905.0,L-Rev|M15|high@2902.40
1739202019463850357,1739205978375898756,1,1,2937.8,2929.7,2929.775,2953.8500000000004,sl,-8.25,-825.0,L-Rev|M15|high@2937.70
1739223746614497340,1739230508872692542,1,1,2936.2,2942.7999999999993,2932.9,2942.7999999999993,tp,6.45,645.0,L-Rev|M15|high@2936.10
1739228548421841473,1739236082682728041,1,1,2938.7,2949.449999999999,2932.5750000000003,2949.449999999999,tp,10.6,1060.0,L-Rev|M15|high@2938.10
1739275792544159390,1739278624280039573,-1,1,2925.4,2916.0999999999995,2930.05,2916.0999999999995,tp,9.15,915.0,L-Rev|M15|low@2925.40
1739259120062887419,1739278974171580031,-1,1,2935.0,2912.0499999999997,2946.4750000000004,2912.0499999999997,tp,22.8,2280.0,L-Rev|M15|low@2935.00
1739278240015925033,1739284200307319922,-1,1,2921.2,2929.4,2929.375,2904.8499999999995,sl,-8.35,-835.0,L-Rev|M15|low@2921.20
1739320928606079962,1739323838107286096,-1,1,2923.0,2917.45,2925.775,2917.45,tp,5.4,540.0,L-Rev|M15|low@2923.00
1739356396959258764,1739356653926391355,-1,1,2907.0,2910.6,2910.575,2899.85,sl,-3.75,-375.0,L-Rev|H1|low@2907.00
1739356367356539313,1739366382621676069,-1,1,2908.2,2897.5499999999993,2913.525,2897.5499999999993,tp,10.5,1050.0,L-Rev|M15|low@2908.20
1739356396959258764,1739369672406916319,-1,1,2907.0,2918.3,2918.175,2884.6499999999996,sl,-11.45,-1145.0,L-Rev|M15|low@2907.00
1739369889070803102,1739372649290995170,1,1,2920.9,2915.8,2915.8,2931.0999999999995,sl,-5.25,-525.0,L-Rev|M15|high@2920.80
1739378958000198848,1739380463138996312,1,1,2925.8,2935.3,2920.9,2935.3,tp,9.35,935.0,L-Rev|M15|high@2925.60
1739380466249097990,1739380695853560558,1,1,2935.6,2931.4,2931.4,2944.0,sl,-4.35,-435.0,L-Rev|M15|high@2935.50
1739380470137369491,1739380719215369074,1,1,2936.0,2930.9,2930.9500000000007,2945.8,sl,-5.25,-525.0,L-Rev|M15|high@2935.80
1739378944859787044,1739417176944103236,1,1,2925.3,2944.35,2915.7750000000005,2944.35,tp,18.9,1890.0,L-Rev|M15|high@2925.10
1739413921073354073,1739419710834796759,1,1,2936.7,2945.9000000000005,2931.95,2945.9000000000005,tp,9.05,905.0,L-Rev|M15|high@2936.50
1739529406862354190,1739529802519970538,1,1,2964.1,2961.0,2961.05,2970.2,sl,-3.25,-325.0,L-Rev|H1|high@2964.00
1739529406862354190,1739530016839760771,1,1,2964.1,2959.9,2959.9,2972.5,sl,-4.35,-435.0,L-Rev|M15|high@2964.00
1739533620198713209,1739540538455725569,-1,1,2955.3,2945.55,2960.175,2945.55,tp,9.6,960.0,L-Rev|M15|low@2955.30
1739542191611305829,1739542260196710097,-1,1,2932.7,2936.6,2936.5249999999996,2925.05,sl,-4.05,-405.0,L-Rev|H1|low@2932.70
1739542191611305829,1739542442656389517,-1,1,2932.7,2940.2,2940.0499999999997,2918.0,sl,-7.65,-765.0,L-Rev|M15|low@2932.70
1739540640639047701,1739542889018900807,-1,1,2941.0,2946.5,2946.325,2930.3500000000004,sl,-5.65,-565.0,L-Rev|M15|low@2941.00
1739841002590565833,1739846006340491017,-1,1,2909.2,2911.6,2911.5249999999996,2904.5500000000006,sl,-2.55,-255.0,L-Rev|M15|low@2909.20
1739755943679899513,1739847935106684335,1,1,2904.3,2920.0499999999993,2896.4250000000006,2920.0499999999993,tp,15.6,1560.0,L-Rev|M15|high@2904.10
1739846510660849721,1739854925763151077,1,1,2917.9,2925.7000000000007,2914.0,2925.7000000000007,tp,7.65,765.0,L-Rev|M15|high@2917.70
1739875544225873208,1739876416357654174,-1,1,2920.8,2925.0,2924.9500000000003,2912.8,sl,-4.35,-435.0,L-Rev|M15|low@2920.90
1739881716597734025,1739887885608270068,1,1,2929.1,2938.0000000000005,2924.5000000000005,2938.0000000000005,tp,8.75,875.0,L-Rev|M15|high@2928.80
1739956548119253926,1739966346583865850,1,1,2959.2,2952.6,2953.5,2970.5999999999995,sl,-6.75,-675.0,L-Rev|M15|high@2959.00
1739980773330823824,1739981168036224531,-1,1,2942.1,2945.4,2945.4,2936.1000000000004,sl,-3.45,-345.0,L-Rev|H1|low@2942.30
1739980773330823824,1739981234428846114,-1,1,2942.1,2945.7,2945.675,2935.55,sl,-3.75,-375.0,L-Rev|M15|low@2942.30
1740033106974424646,1740054215173367645,1,1,2964.5,2960.0,2960.0750000000003,2973.3499999999995,sl,-4.65,-465.0,L-Rev|M15|high@2964.40
1740033106978692465,1740054230588464977,1,1,2964.6,2959.4,2959.55,2974.7,sl,-5.35,-535.0,L-Rev|H1|high@2964.40
1740102520649086235,1740102731733614572,-1,1,2949.2,2944.55,2951.5249999999996,2944.55,tp,4.5,450.0,L-Rev|M15|low@2949.20
1740115806594638761,1740116069639290787,-1,1,2938.5,2943.3,2943.3,2931.3,sl,-4.95,-495.0,L-Rev|H1|low@2939.30
1740126060307001527,1740127361304806941,-1,1,2933.4,2937.4,2937.3999999999996,2926.3,sl,-4.15,-415.0,L-Rev|H1|low@2933.70
1740125547368449525,1740130639141851553,-1,1,2938.1,2943.9,2943.35,2927.6,sl,-5.95,-595.0,L-Rev|M15|low@2938.10
1740115806594638761,1740136488058309605,-1,1,2938.5,2948.9,2948.8250000000003,2920.25,sl,-10.55,-1055.0,L-Rev|M15|low@2939.30
1740136474310269288,1740139073463764611,1,1,2948.4,2941.6,2941.6499999999996,2961.9000000000005,sl,-6.95,-695.0,L-Rev|M15|high@2948.30
1740159678787471351,1740358703779895425,1,1,2954.5,2945.2,2945.2,2973.1000000000004,sl,-9.45,-945.0,L-Rev|M15|high@2954.30
1740358702363445867,1740365168815281320,-1,1,2945.7,2950.5,2950.4500000000003,2936.5,sl,-4.95,-495.0,L-Rev|M15|low@2945.80
1740366115420065789,1740369784185179008,1,1,2955.6,2951.1,2951.1749999999997,2964.45,sl,-4.65,-465.0,L-Rev|M15|high@2955.40
1740383425950884080,1740386409221782959,1,1,2958.0,2953.2,2953.2,2966.7,sl,-4.95,-495.0,L-Rev|M15|high@2957.50
1740398530181604850,1740405791720346033,1,1,2964.6,2973.3499999999995,2959.1749999999997,2973.3499999999995,tp,8.6,860.0,L-Rev|M15|high@2963.70
1740408011980490242,1740408084261579561,-1,1,2949.4,2954.8,2954.8,2938.5999999999995,sl,-5.55,-555.0,L-Rev|M15|low@2949.40
1740409413805288230,1740410216194043932,-1,1,2948.3,2953.4,2953.3250000000003,2938.25,sl,-5.25,-525.0,L-Rev|M15|low@2948.30
1740469938147151733,1740470669084030080,-1,1,2945.5,2948.3,2948.25,2940.0,sl,-2.95,-295.0,L-Rev|H1|low@2945.50
1740469938147151733,1740472725555245860,-1,1,2945.5,2952.2,2952.1000000000004,2932.2999999999997,sl,-6.85,-685.0,L-Rev|M15|low@2945.50
1740496641883983115,1740497467025799939,-1,1,2935.9,2915.95,2946.325,2915.95,tp,19.8,1980.0,L-Rev|M15|low@2936.20
1740496885215661056,1740497481200487098,-1,1,2928.3,2913.6499999999996,2938.325,2913.6499999999996,tp,14.5,1450.0,L-Rev|H4|low@2930.10
1740634725243402931,1740634891202463908,-1,1,2903.3,2906.2,2906.125,2897.65,sl,-3.05,-305.0,L-Rev|H1|low@2903.30
1740643873304157192,1740644349205165246,-1,1,2896.7,2900.6,2900.575,2889.8500000000004,sl,-4.05,-405.0,L-Rev|H1|low@2897.00
1740643873304157192,1740648435958663791,-1,1,2896.7,2905.7,2902.975,2885.05,sl,-9.15,-915.0,L-Rev|H4|low@2897.00
1740634725243402931,1740667631072040022,-1,1,2903.3,2882.3,2913.8,2882.3,tp,20.85,2085.0,L-Rev|M15|low@2903.30
1740667607251629573,1740679377382143681,-1,1,2888.4,2897.1,2897.05,2874.0999999999995,sl,-8.85,-885.0,L-Rev|M15|low@2889.40
1740712877056714335,1740715382175286773,-1,1,2881.5,2873.7,2885.4,2873.7,tp,7.65,765.0,L-Rev|M15|low@2881.50
1740714145780490833,1740715789068782730,-1,1,2879.0,2871.7,2882.65,2871.7,tp,7.15,715.0,L-Rev|H1|low@2879.00
1740730521417992974,1740733728145149926,-1,1,2867.2,2872.3,2872.2249999999995,2857.15,sl,-5.25,-525.0,L-Rev|M15|low@2867.20
1740744124032231422,1740746178100749852,1,1,2876.6,2870.9,2871.65,2886.5,sl,-5.85,-585.0,L-Rev|M15|high@2876.40
1740714145780490833,1740751263612794725,-1,1,2879.0,2859.7999999999997,2888.6000000000004,2859.7999999999997,tp,19.05,1905.0,L-Rev|M15|low@2879.00
1740750937464066425,1740753766956129820,-1,1,2862.5,2850.4,2868.8499999999995,2850.4,tp,11.95,1195.0,L-Rev|M15|low@2862.70
1740777338779520132,1740956566437709357,1,1,2866.5,2879.1000000000004,2860.2,2879.1000000000004,tp,12.45,1245.0,L-Rev|M15|high@2866.40
1740980790475722547,1740981777728218766,-1,1,2869.2,2873.5,2873.475,2860.6499999999996,sl,-4.45,-445.0,L-Rev|M15|low@2869.20
1740990427462737541,1740991109132621400,-1,1,2869.2,2874.0,2873.925,2859.7499999999995,sl,-4.95,-495.0,L-Rev|M15|low@2869.20
1741005387264722321,1741006891112270504,1,1,2888.7,2885.0,2885.175,2895.4500000000003,sl,-3.85,-385.0,L-Rev|H1|high@2888.50
1741005388005684236,1741007332320948166,1,1,2888.8,2881.8,2881.8750000000005,2902.3500000000004,sl,-7.15,-715.0,L-Rev|M15|high@2888.50
1741073258703644749,1741075831158383416,1,1,2906.7,2912.55,2903.6250000000005,2912.55,tp,5.7,570.0,L-Rev|H1|high@2906.40
1741073258698585186,1741075835110713546,1,1,2906.6,2912.9000000000005,2903.45,2912.9000000000005,tp,6.15,615.0,L-Rev|M15|high@2906.40
1741089097404630294,1741097884631746814,1,1,2932.0,2926.6,2926.6749999999997,2942.6500000000005,sl,-5.55,-555.0,L-Rev|M15|high@2931.90
1741137115092067950,1741141106277867833,-1,1,2919.0,2923.3,2923.275,2910.45,sl,-4.45,-445.0,L-Rev|M15|low@2919.00
1741181664811476974,1741182603412173105,-1,1,2918.2,2904.3500000000004,2926.6249999999995,2904.3500000000004,tp,13.7,1370.0,L-Rev|M15|low@2919.20
1741191834576113457,1741194632011845027,1,1,2940.0,2929.8,2929.875,2960.25,sl,-10.35,-1035.0,L-Rev|M15|high@2939.80
1741187217080285302,1741197437664131308,1,1,2930.3,2922.3,2922.3500000000004,2946.2,sl,-8.15,-815.0,L-Rev|M15|high@2930.10
1741238677590455158,1741240621030553449,-1,1,2924.0,2928.6,2928.5,2915.0,sl,-4.75,-475.0,L-Rev|M15|low@2924.00
1741246265077044485,1741248102975197536,-1,1,2922.8,2913.8,2927.3,2913.8,tp,8.85,885.0,L-Rev|M15|low@2922.80
1741246623882231189,1741250992484676896,-1,1,2920.1,2909.6,2925.35,2909.6,tp,10.35,1035.0,L-Rev|M15|low@2920.10
1741273443845748879,1741274525079228688,1,1,2931.4,2921.8,2921.95,2949.3999999999996,sl,-9.75,-975.0,L-Rev|M15|high@2931.00
1741353347591706049,1741354203983489415,-1,1,2923.5,2929.0,2928.6,2913.3,sl,-5.65,-565.0,L-Rev|M15|low@2923.50
1741354613943683900,1741354694444271083,1,1,2932.0,2928.4,2928.4,2939.2,sl,-3.75,-375.0,L-Rev|H1|high@2931.80
1741354613824108180,1741354705065684897,1,1,2931.6,2927.4,2927.4249999999997,2939.3499999999995,sl,-4.35,-435.0,L-Rev|M15|high@2931.20
1741354613943683900,1741355589351854350,1,1,2932.0,2924.5,2924.5750000000003,2946.8499999999995,sl,-7.65,-765.0,L-Rev|M15|high@2931.80
1741359361264272325,1741360825645931584,1,1,2937.3,2932.7,2932.875,2942.25,sl,-4.75,-475.0,L-Rev|H1|high@2935.90
1741359361264272325,1741360833243884546,1,1,2937.3,2932.0,2932.0250000000005,2943.9500000000007,sl,-5.45,-545.0,L-Rev|M15|high@2935.90
1741593260779131092,1741593542919657487,-1,1,2912.9,2917.4,2917.375,2904.5499999999993,sl,-4.65,-465.0,L-Rev|M15|low@2913.10
1741606820365812200,1741607792060764778,-1,1,2902.8,2911.2,2911.15,2886.4,sl,-8.55,-855.0,L-Rev|M15|low@2902.90
1741625276616290699,1741629953214022077,-1,1,2901.8,2885.45,2909.9750000000004,2885.45,tp,16.2,1620.0,L-Rev|M15|low@2901.80
1741674790523596768,1741680987282188373,1,1,2904.0,2909.8500000000004,2901.075,2909.8500000000004,tp,5.7,570.0,L-Rev|M15|high@2903.90
1741696982093746808,1741697953972441476,1,1,2922.3,2916.5,2916.55,2933.2000000000007,sl,-5.95,-595.0,L-Rev|M15|high@2921.90
1741696982093746808,1741698335256786948,1,1,2922.3,2914.6,2914.6750000000006,2936.95,sl,-7.85,-785.0,L-Rev|M15|high@2922.00
1741762084891646921,1741766908616317684,-1,1,2917.3,2921.6,2921.5750000000003,2908.75,sl,-4.45,-445.0,L-Rev|M15|low@2917.30
1741687024025097236,1741770055042084888,1,1,2917.7,2929.75,2911.5250000000005,2929.75,tp,11.9,1190.0,L-Rev|M15|high@2917.50
1741770000253964288,1741770350655091852,1,1,2928.0,2925.2,2925.2999999999997,2933.4000000000005,sl,-2.95,-295.0,L-Rev|M15|high@2927.80
1741769508688933197,1741772515049730888,1,1,2926.1,2922.8,2922.8500000000004,2932.3,sl,-3.45,-345.0,L-Rev|M15|high@2925.80
1741769508709933786,1741772932549744653,1,1,2926.2,2920.4,2920.4750000000004,2937.3500000000004,sl,-5.95,-595.0,L-Rev|M15|high@2925.90
1741785884175953558,1741787161233834576,-1,1,2914.1,2919.4,2919.35,2903.6,sl,-5.45,-545.0,L-Rev|M15|low@2914.10
1741785905930967866,1741787407731352172,-1,1,2912.1,2921.8,2921.775,2892.75,sl,-9.85,-985.0,L-Rev|M15|low@2912.10
1741791669162209167,1741795740546118980,1,1,2931.7,2940.2499999999995,2927.425,2940.2499999999995,tp,8.4,840.0,L-Rev|M15|high@2931.50
1741858941025510093,1741860910054102094,1,1,2956.7,2953.6,2953.6000000000004,2962.6000000000004,sl,-3.25,-325.0,L-Rev|M15|high@2956.50
1741894679177343014,1741897080741906635,1,1,2998.8,2993.4,2993.4500000000003,3009.2000000000003,sl,-5.55,-555.0,L-Rev|M15|high@2998.50
1741933273675239835,1741934822755340716,-1,1,2994.8,2999.6,2999.5250000000005,2985.35,sl,-4.95,-495.0,L-Rev|M15|low@2994.80
1741940711278400935,1741947407962175069,1,1,3006.1,3015.3,3001.3500000000004,3015.3,tp,9.05,905.0,L-Rev|M15|high@3005.90
1741959432270273454,1741959557437938850,-1,1,2993.7,2999.5,2999.4000000000005,2984.1,sl,-5.95,-595.0,L-Rev|M15|low@2994.30
1741959394649734626,1742208175518123425,-1,1,2998.8,3006.2,3006.1500000000005,2984.1,sl,-7.55,-755.0,L-Rev|M15|low@2998.80
1742204271451952229,1742213681351923723,1,1,3002.4,2998.4,2998.4249999999993,3010.35,sl,-4.15,-415.0,L-Rev|M15|high@3002.20
1742298131712056753,1742307618802004907,1,1,3037.8,3031.7,3031.725,3049.95,sl,-6.25,-625.0,L-Rev|M15|high@3037.60
1742356467458666943,1742357332236322901,1,1,3045.1,3041.5,3041.5,3052.3,sl,-3.75,-375.0,L-Rev|M15|high@3045.00
1742362549233706302,1742365246432513032,1,1,3047.8,3043.9,3043.9500000000003,3054.9000000000005,sl,-4.05,-405.0,L-Rev|H1|high@3047.50
1742362549233706302,1742373523837329425,1,1,3047.8,3038.2,3038.375,3066.0500000000006,sl,-9.75,-975.0,L-Rev|M15|high@3047.50
1742375117693753678,1742377184954734982,-1,1,3031.3,3037.9,3037.825,3018.2500000000005,sl,-6.75,-675.0,L-Rev|M15|low@3031.30
1742408292896780389,1742432489766140120,1,1,3049.5,3063.8000000000006,3041.75,3063.8000000000006,tp,14.15,1415.0,L-Rev|M15|high@3048.90
1742429022643150187,1742435958451120615,1,1,3061.9,3057.1,3057.175,3071.3500000000004,sl,-4.95,-495.0,L-Rev|M15|high@3061.60
1742449266175836230,1742451005150978480,-1,1,3053.7,3057.6,3057.5249999999996,3046.05,sl,-4.05,-405.0,L-Rev|M15|low@3053.70
1742466600266540541,1742474308979439802,-1,1,3037.5,3049.2,3048.75,3015.0,sl,-11.85,-1185.0,L-Rev|M15|low@3037.50
1742535723652417315,1742537094292356463,-1,1,3032.2,3037.6,3037.525,3023.3500000000004,sl,-5.55,-555.0,L-Rev|H1|low@3032.80
1742535723652417315,1742538796737618325,-1,1,3032.2,3039.7,3039.6250000000005,3019.1499999999996,sl,-7.65,-765.0,L-Rev|M15|low@3032.80
1742563929163433837,1742564324122943646,-1,1,3033.1,3023.35,3037.975,3023.35,tp,9.6,960.0,L-Rev|M15|low@3033.10
1742564286413065215,1742565008321042694,-1,1,3026.7,3014.15,3033.275,3014.15,tp,12.4,1240.0,L-Rev|M15|low@3026.90
1742911415346330309,1742912334433095093,1,1,3039.3,3034.3,3034.325,3047.1499999999996,sl,-5.15,-515.0,L-Rev|M15|high@3038.40
1742911415346330309,1742912334433095093,1,1,3039.3,3034.3,3034.375,3047.05,sl,-5.15,-515.0,L-Rev|H1|high@3038.40
1742949391561813804,1742953674554364171,-1,1,3022.9,3026.8,3026.8,3015.1000000000004,sl,-4.05,-405.0,L-Rev|M15|low@3022.90
1742963581996591764,1742968465448785801,-1,1,3018.8,3025.4,3025.325,3005.7500000000005,sl,-6.75,-675.0,L-Rev|M15|low@3018.80
1742972848006657937,1742979801609204596,1,1,3030.8,3027.0,3027.0499999999997,3038.2999999999997,sl,-3.95,-395.0,L-Rev|M15|high@3030.70
1742997451954710709,1743000389078910511,-1,1,3021.9,3026.7,3026.625,3012.45,sl,-4.95,-495.0,L-Rev|M15|low@3021.90
1743021434370560474,1743027288698644680,1,1,3027.3,3023.8,3024.075,3033.749999999999,sl,-3.65,-365.0,L-Rev|M15|high@3027.20
1743034021819748851,1743043330091528753,1,1,3028.4,3035.2000000000003,3024.8499999999995,3035.2000000000003,tp,6.65,665.0,L-Rev|M15|high@3028.20
1743172620774030045,1743172834030334852,-1,1,3074.2,3091.0,3078.6500000000005,3065.6,sl,-16.95,-1695.0,L-Rev|M15|low@3074.30
1743384866462680001,1743385029105321360,1,1,3128.4,3125.0,3125.0999999999995,3135.000000000001,sl,-3.55,-355.0,L-Rev|M15|high@3128.30
1743424206321927638,1743426239289260643,1,1,3159.5,3153.1,3153.575,3171.3500000000004,sl,-6.55,-655.0,L-Rev|M15|high@3159.30
1743428050205986953,1743431666426107395,-1,1,3143.3,3153.4,3151.3250000000003,3127.25,sl,-10.25,-1025.0,L-Rev|M15|low@3143.30
1743493071631184702,1743494805849216717,-1,1,3155.0,3160.6,3160.5499999999997,3143.9000000000005,sl,-5.75,-575.0,L-Rev|M15|low@3155.00
1743522209427140083,1743523599950844122,-1,1,3152.2,3140.2,3158.2,3140.2,tp,11.85,1185.0,L-Rev|M15|low@3152.20
1743524311586983723,1743524457052785858,-1,1,3131.0,3135.9,3135.875,3122.45,sl,-5.05,-505.0,L-Rev|H1|low@3131.40
1743524311586983723,1743525499853339199,-1,1,3131.0,3141.8,3141.75,3110.7,sl,-10.95,-1095.0,L-Rev|M15|low@3131.40
1743555604740956105,1743557550266169646,1,1,3154.2,3161.8499999999995,3150.375,3161.8499999999995,tp,7.5,750.0,L-Rev|M15|high@3154.10
1743582811296101816,1743590383146606657,1,1,3164.0,3159.0,3159.05,3173.8999999999996,sl,-5.15,-515.0,L-Rev|M15|high@3163.80
1743600858295259999,1743601528195333901,1,1,3167.1,3161.4,3161.475,3178.35,sl,-5.85,-585.0,L-Rev|M15|high@3167.00
1743600924274444641,1743601528195333901,1,1,3169.5,3161.4,3161.4000000000005,3183.0,sl,-8.25,-825.0,L-Rev|M15|high@3168.50
1743600924274444641,1743601596875360046,1,1,3169.5,3157.9,3157.9,3188.5,sl,-11.75,-1175.0,L-Rev|M15|high@3168.00
1743611222794743467,1743611943666706760,1,1,3177.1,3172.8,3172.875,3185.55,sl,-4.45,-445.0,L-Rev|H1|high@3177.00
1743611222794743467,1743612168536862345,1,1,3177.1,3172.3,3172.375,3186.55,sl,-4.95,-495.0,L-Rev|M15|high@3177.00
1743611222794743467,1743614876389047609,1,1,3177.1,3166.9,3166.95,3197.4,sl,-10.35,-1035.0,L-Rev|H4|high@3177.00
1743610242281744393,1743615602157076262,1,1,3170.8,3162.4,3162.6,3186.8999999999996,sl,-8.55,-855.0,L-Rev|M15|high@3170.50
1743624854180186646,1743624880071207757,-1,1,3145.0,3152.9,3152.6500000000005,3130.6,sl,-8.05,-805.0,L-Rev|M15|low@3145.30
1743625627439012507,1743625719826234960,1,1,3178.0,3191.1499999999996,3171.1249999999995,3191.1499999999996,tp,13.0,1300.0,L-Rev|M15|high@3177.70
1743661781881464976,1743663008419192482,-1,1,3144.1,3153.7,3153.625,3125.35,sl,-9.75,-975.0,L-Rev|H1|low@3144.20
1743674923754757721,1743676495293511503,-1,1,3135.7,3123.8999999999996,3141.6,3123.8999999999996,tp,11.65,1165.0,L-Rev|H1|low@3135.70
1743674923754757721,1743677915687155460,-1,1,3135.7,3121.1499999999996,3142.975,3121.1499999999996,tp,14.4,1440.0,L-Rev|M15|low@3135.70
1743674869723723089,1743677934132088991,-1,1,3138.0,3114.4999999999995,3150.05,3114.4999999999995,tp,23.35,2335.0,L-Rev|M15|low@3138.20
1743661781881464976,1743685933662373433,-1,1,3144.1,3078.5,3177.0499999999997,3078.5,tp,65.45,6545.0,L-Rev|M15|low@3144.20
1743691795483937513,1743692453063141477,1,1,3156.4,3149.1,3149.1749999999997,3170.5499999999997,sl,-7.45,-745.0,L-Rev|M15|high@3156.20
1743754603688952343,1743758665692226103,-1,1,3107.0,3115.1,3115.0249999999996,3090.9500000000003,sl,-8.25,-825.0,L-Rev|M15|low@3107.00
1743762723304398046,1743764945673116471,1,1,3131.4,3147.499999999999,3123.2,3147.499999999999,tp,15.95,1595.0,L-Rev|M15|high@3131.20
1743770365103797913,1743775266630355034,-1,1,3098.3,3075.45,3110.325,3075.45,tp,22.7,2270.0,L-Rev|M15|low@3098.70
1743989981231966284,1743993425096234647,1,1,3063.0,3049.7,3049.7000000000003,3089.3,sl,-13.45,-1345.0,L-Rev|M15|high@3062.20
1744024820274140296,1744027562428606710,1,1,3061.6,3042.4,3042.4249999999993,3098.4500000000007,sl,-19.35,-1935.0,L-Rev|M15|high@3060.80
1744032909610831026,1744035110524059094,-1,1,3030.1,3045.0,3044.875,3000.5499999999993,sl,-15.05,-1505.0,L-Rev|M15|low@3030.10
1744091360105483361,1744104338019814756,1,1,3019.1,3010.5,3010.625,3036.05,sl,-8.75,-875.0,L-Rev|M15|high@3018.90
1744113215103024115,1744114887629278701,1,1,3030.9,3022.5,3022.5499999999997,3047.2999999999997,sl,-8.55,-855.0,L-Rev|M15|high@3030.60
1744128421996717002,1744131837084598912,-1,1,3009.0,2994.4500000000003,3016.2749999999996,2994.4500000000003,tp,14.4,1440.0,L-Rev|M15|low@3009.00
1744127972894474606,1744133368742624200,-1,1,3016.3,2989.1500000000005,3029.875,2989.1500000000005,tp,27.0,2700.0,L-Rev|M15|low@3016.30
1744132306331049021,1744137003971779958,-1,1,2993.1,3003.0,3003.0,2973.3,sl,-10.05,-1005.0,L-Rev|M15|low@2993.10
1744130098874778865,1744155350608026529,-1,1,3005.1,2987.6999999999994,3013.8,2987.6999999999994,tp,17.25,1725.0,L-Rev|M15|low@3005.10
1744155343546346003,1744157245473250317,-1,1,2988.3,2998.6,2998.5,2968.8,sl,-10.45,-1045.0,L-Rev|M15|low@2988.60
1744162179700647154,1744178876875519578,1,1,3006.8,3039.2000000000003,2989.7000000000003,3039.2000000000003,tp,32.25,3225.0,L-Rev|M15|high@3005.90
1744172406043859636,1744179820379705645,1,1,3025.8,3045.6499999999996,3015.7250000000004,3045.6499999999996,tp,19.7,1970.0,L-Rev|M15|high@3025.30
1744182662854567966,1744196535428338353,1,1,3066.6,3054.4,3054.6250000000005,3084.8500000000004,sl,-12.35,-1235.0,L-Rev|H1|high@3064.50
1744311040428798080,1744331103114349990,1,1,3193.9,3220.75,3180.475,3220.75,tp,26.7,2670.0,L-Rev|M15|high@3193.80
1744359797317443192,1744360524490125813,1,1,3241.8,3233.5,3233.5499999999997,3258.2999999999997,sl,-8.45,-845.0,L-Rev|M15|high@3241.50
1744378343568776453,1744379481695326850,1,1,3256.4,3243.3,3243.350000000001,3281.5999999999995,sl,-13.25,-1325.0,L-Rev|M15|high@3255.90
1744387719514656957,1744390196072798549,1,1,3262.7,3244.4,3244.525,3298.750000000001,sl,-18.45,-1845.0,L-Rev|M15|high@3262.30
1744404991965256694,1744581600350241344,1,1,3256.9,3246.1,3251.025,3268.3500000000004,sl,-10.95,-1095.0,L-Rev|M15|high@3256.40
1744595022189853403,1744597514040460026,1,1,3257.5,3248.8,3248.8499999999995,3274.5000000000005,sl,-8.85,-885.0,L-Rev|M15|high@3257.10
1744626219843525105,1744628535488787355,-1,1,3225.6,3231.7,3231.65,3213.5,sl,-6.25,-625.0,L-Rev|H1|low@3225.60
1744626219843525105,1744628878051522252,-1,1,3225.6,3234.4,3234.3,3208.1999999999994,sl,-8.95,-895.0,L-Rev|M15|low@3225.60
1744634451761055051,1744642179399736775,-1,1,3221.1,3231.5,3231.225,3200.85,sl,-10.55,-1055.0,L-Rev|M15|low@3221.10
1744626028805693232,1744689523508127193,-1,1,3231.8,3244.6,3244.55,3206.3,sl,-12.95,-1295.0,L-Rev|M15|low@3231.80
1744679498644784214,1744692782676811090,1,1,3232.9,3247.499999999999,3225.45,3247.499999999999,tp,14.45,1445.0,L-Rev|M15|high@3232.60
1744679498644784214,1744692810433356041,1,1,3232.9,3247.9500000000007,3225.225,3247.9500000000007,tp,14.9,1490.0,L-Rev|M15|high@3232.50
1744717710553267606,1744719090831799611,-1,1,3232.7,3239.0,3238.9999999999995,3220.1000000000004,sl,-6.45,-645.0,L-Rev|M15|low@3232.70
1744747328958913394,1744748382017754290,1,1,3249.2,3245.0,3245.0499999999997,3257.5,sl,-4.35,-435.0,L-Rev|H1|high@3249.00
1744738637483458359,1744759293499049680,1,1,3243.3,3259.0499999999997,3235.4249999999997,3259.0499999999997,tp,15.6,1560.0,L-Rev|M15|high@3243.20
1744744473582475337,1744759298722329852,1,1,3247.8,3259.95,3241.725,3259.95,tp,12.0,1200.0,L-Rev|M15|high@3247.70
1744747329049585903,1744760224654664738,1,1,3249.3,3262.3999999999996,3242.6000000000004,3262.3999999999996,tp,12.95,1295.0,L-Rev|M15|high@3249.00
1744774132728437091,1744785316225485002,1,1,3292.0,3310.55,3282.4249999999993,3310.55,tp,18.4,1840.0,L-Rev|M15|high@3291.60
1744812037083033953,1744812826214900147,1,1,3335.4,3323.4,3323.4249999999997,3356.0499999999997,sl,-12.15,-1215.0,L-Rev|M15|high@3334.20
1744874066475294565,1744885613462483779,-1,1,3333.1,3345.2,3345.175,3308.9499999999994,sl,-12.25,-1225.0,L-Rev|M15|low@3333.10
1744898217932602605,1744900300423189959,-1,1,3325.5,3310.7999999999997,3332.8500000000004,3310.7999999999997,tp,14.55,1455.0,L-Rev|M15|low@3325.50
1744900315625701887,1744906942669943298,-1,1,3309.1,3321.3,3321.25,3284.7999999999993,sl,-12.35,-1235.0,L-Rev|M15|low@3309.10
1744920718801032155,1745186522653906408,1,1,3336.6,3349.6500000000005,3330.075,3349.6500000000005,tp,12.9,1290.0,L-Rev|M15|high@3336.40
1745215415637429041,1745235316071647077,1,1,3397.7,3410.3,3391.3999999999996,3410.3,tp,12.45,1245.0,L-Rev|M15|high@3397.60
1745280216685038857,1745281145367382442,-1,1,3428.2,3435.7,3435.625,3413.3499999999995,sl,-7.65,-765.0,L-Rev|M15|low@3428.20
1745301461822039815,1745302945744726778,1,1,3504.4,3493.8,3493.825,3525.5500000000006,sl,-10.75,-1075.0,L-Rev|M15|high@3504.20
1745325850114358960,1745329312196630305,-1,1,3454.1,3426.6499999999996,3467.825,3426.6499999999996,tp,27.3,2730.0,L-Rev|M15|low@3454.10
1745329462356155952,1745329898729217127,-1,1,3423.8,3442.3,3442.125,3387.4500000000007,sl,-18.65,-1865.0,L-Rev|M15|low@3423.90
1745337755677580214,1745337801257592531,-1,1,3417.1,3427.4,3427.375,3396.55,sl,-10.45,-1045.0,L-Rev|M15|low@3417.10
1745339300981714022,1745342169802280997,-1,1,3398.1,3411.4,3411.2999999999997,3371.7,sl,-13.45,-1345.0,L-Rev|M15|low@3398.10
1745337753776847011,1745359200083101816,-1,1,3418.7,3372.5,3442.25,3372.5,tp,46.05,4605.0,L-Rev|M15|low@3419.00
1745350331019588257,1745359212609011415,-1,1,3383.1,3347.0499999999993,3401.275,3347.0499999999993,tp,35.9,3590.0,L-Rev|M15|low@3383.20
1745386718253562090,1745391113161409732,-1,1,3338.9,3314.5999999999995,3351.5,3314.5999999999995,tp,24.15,2415.0,L-Rev|M15|low@3339.20
1745391111094396332,1745398968464242975,-1,1,3316.0,3335.9,3335.8750000000005,3276.249999999999,sl,-20.05,-2005.0,L-Rev|M15|low@3316.00
1745415508750871375,1745445841833238422,-1,1,3302.2,3319.7,3319.7,3268.4000000000005,sl,-17.65,-1765.0,L-Rev|M15|low@3302.60
1745445836031771564,1745454558953467374,1,1,3319.3,3344.6500000000005,3306.625,3344.6500000000005,tp,25.2,2520.0,L-Rev|M15|high@3319.00
1745457421587211677,1745464873307996551,1,1,3359.8,3340.6,3340.9500000000003,3397.2000000000003,sl,-19.35,-1935.0,L-Rev|M15|high@3359.50
1745456725543652375,1745465048487924043,1,1,3352.9,3337.3,3337.3500000000004,3382.7999999999997,sl,-15.75,-1575.0,L-Rev|M15|high@3352.40
1745494432378276442,1745499703571422516,1,1,3354.9,3343.4,3343.7249999999995,3377.25,sl,-11.65,-1165.0,L-Rev|M15|high@3354.70
1745502618352944171,1745505840923786864,-1,1,3325.3,3337.8,3337.75,3300.4000000000005,sl,-12.65,-1265.0,L-Rev|M15|low@3325.30
1745500830994416989,1745515046653395538,-1,1,3336.7,3348.5,3348.4,3313.2999999999993,sl,-11.95,-1195.0,L-Rev|M15|low@3336.70
1745559847545198882,1745560452600586189,-1,1,3316.9,3303.95,3323.375,3303.95,tp,12.8,1280.0,L-Rev|H1|low@3316.90
1745559847545198882,1745586119282593452,-1,1,3316.9,3290.05,3330.3250000000003,3290.05,tp,26.7,2670.0,L-Rev|M15|low@3316.90
1745586099620974458,1745609707951925912,-1,1,3295.9,3310.4,3310.3999999999996,3267.2000000000003,sl,-14.65,-1465.0,L-Rev|M15|low@3296.00
1745832496175644309,1745836527149668397,-1,1,3288.4,3297.0,3296.875,3271.45,sl,-8.75,-875.0,L-Rev|M15|low@3288.40
1745843124488324067,1745847927930800554,1,1,3311.9,3299.8,3299.875,3335.6500000000005,sl,-12.25,-1225.0,L-Rev|M15|high@3311.40
1745856815908398919,1745887952084758738,1,1,3348.5,3339.9,3339.9249999999993,3365.6499999999996,sl,-8.75,-875.0,L-Rev|H1|high@3348.20
1745856815879666854,1745888856311656033,1,1,3348.4,3334.8,3334.8999999999996,3375.4000000000005,sl,-13.75,-1375.0,L-Rev|M15|high@3348.20
1745929202565121552,1745932045092854598,-1,1,3314.8,3325.3,3325.2250000000004,3293.95,sl,-10.65,-1065.0,L-Rev|M15|low@3314.80
1745944740897038919,1745949497975872611,1,1,3335.1,3326.9,3327.2750000000005,3350.45,sl,-8.35,-835.0,L-Rev|M15|high@3334.80
1745944679243606312,1745975069455177637,1,1,3332.0,3318.7,3318.7,3358.3000000000006,sl,-13.45,-1345.0,L-Rev|M15|high@3331.80
1746000522030730214,1746000886186861919,-1,1,3310.7,3295.55,3318.2749999999996,3295.55,tp,15.0,1500.0,L-Rev|M15|low@3310.70
1746020198667753675,1746021661714908590,1,1,3324.7,3313.8,3314.25,3345.3000000000006,sl,-11.05,-1105.0,L-Rev|M15|high@3324.30
1746092613890812082,1746103579454359303,-1,1,3228.3,3238.2,3238.2,3208.5000000000005,sl,-10.05,-1005.0,L-Rev|M15|low@3228.30
1746137183494145142,1746138631840634808,1,1,3252.4,3242.2,3242.2000000000007,3271.9,sl,-10.35,-1035.0,L-Rev|M15|high@3251.80
1746152277799750802,1746157739490237780,1,1,3253.1,3266.8999999999996,3246.2,3266.8999999999996,tp,13.65,1365.0,L-Rev|M15|high@3252.90
1746166764040674179,1746167993376278351,1,1,3267.9,3261.4,3261.4750000000004,3280.1500000000005,sl,-6.65,-665.0,L-Rev|M15|high@3267.40
1746130253212996337,1746179625994706958,1,1,3241.9,3275.05,3225.3250000000003,3275.05,tp,33.0,3300.0,L-Rev|M15|high@3241.60
1746190831299489766,1746192270059858673,-1,1,3254.6,3263.3,3263.2250000000004,3237.3499999999995,sl,-8.85,-885.0,L-Rev|M15|low@3254.60
1746201669928383726,1746203277630924898,-1,1,3234.5,3243.5,3243.425,3216.6499999999996,sl,-9.15,-915.0,L-Rev|M15|low@3234.50
1746200175420960887,1746407438683961742,-1,1,3245.8,3263.5,3263.475,3212.85,sl,-17.85,-1785.0,L-Rev|M15|low@3246.60
1746433762824733837,1746435767799348923,1,1,3280.9,3294.9000000000005,3273.75,3294.9000000000005,tp,13.85,1385.0,L-Rev|M15|high@3280.60
1746472860878086156,1746482400103718113,1,1,3338.1,3359.6000000000004,3327.2,3359.6000000000004,tp,21.35,2135.0,L-Rev|M15|high@3337.90
1746493271579694412,1746493701003230468,1,1,3348.1,3362.8,3340.75,3362.8,tp,14.55,1455.0,L-Rev|M15|high@3347.80
1746578417604759260,1746579835667861414,-1,1,3380.5,3392.3,3392.075,3357.6499999999996,sl,-11.95,-1195.0,L-Rev|M15|low@3380.60
1746625741006526336,1746626830054812812,1,1,3406.0,3397.3,3397.375,3423.25,sl,-8.85,-885.0,L-Rev|M15|high@3405.80
1746643584742595875,1746643740020945756,-1,1,3383.3,3392.3,3392.3,3365.3,sl,-9.15,-915.0,L-Rev|M15|low@3383.30
1746645329364403028,1746663345514864499,-1,1,3376.9,3386.9,3386.6500000000005,3357.3999999999996,sl,-10.15,-1015.0,L-Rev|M15|low@3376.90
1746669110536664644,1746669706096812138,1,1,3406.7,3421.1499999999996,3399.475,3421.1499999999996,tp,14.3,1430.0,L-Rev|H1|high@3406.60
1746669110536664644,1746677486522151881,1,1,3406.7,3396.2,3396.3499999999995,3427.4,sl,-10.65,-1065.0,L-Rev|M15|high@3406.60
1746669110536664644,1746680327476058910,1,1,3406.7,3389.2,3389.2999999999997,3441.5,sl,-17.65,-1765.0,L-Rev|M15|high@3406.50
1746683605361590786,1746684001154787477,-1,1,3371.2,3358.1,3377.75,3358.1,tp,12.95,1295.0,L-Rev|H1|low@3371.20
1746683605361590786,1746684857764634335,-1,1,3371.2,3351.7,3380.95,3351.7,tp,19.35,1935.0,L-Rev|M15|low@3371.20
1746683646390651159,1746684866378377998,-1,1,3367.0,3349.0499999999997,3375.9750000000004,3349.0499999999997,tp,17.8,1780.0,L-Rev|H1|low@3367.00
1746719402744285016,1746720843749504183,-1,1,3334.7,3320.95,3342.325,3320.95,tp,13.6,1360.0,L-Rev|M15|low@3335.20
1746683646390651159,1746720854281584480,-1,1,3367.0,3318.3999999999996,3391.3,3318.3999999999996,tp,48.45,4845.0,L-Rev|M15|low@3367.00
1746754629512495042,1746758746328772334,-1,1,3293.3,3304.3,3304.0250000000005,3271.85,sl,-11.15,-1115.0,L-Rev|M15|low@3293.30
1746766581322623991,1746768756580162549,1,1,3329.7,3319.3,3319.3,3349.0,sl,-10.55,-1055.0,L-Rev|M15|high@3329.00
1746790018546062301,1746790426662572255,1,1,3337.2,3329.1,3329.1749999999997,3353.25,sl,-8.25,-825.0,L-Rev|M15|high@3337.00
1747033631002127359,1747034783737918947,-1,1,3251.5,3233.95,3260.275,3233.95,tp,17.4,1740.0,L-Rev|H1|low@3251.50
1747033631002127359,1747043761782150317,-1,1,3251.5,3216.5499999999997,3268.9750000000004,3216.5499999999997,tp,34.8,3480.0,L-Rev|M15|low@3251.50
1747100666271341175,1747101000760355649,-1,1,3223.8,3230.6,3230.575,3210.5500000000006,sl,-6.95,-695.0,L-Rev|M15|low@3223.90
1747099803378766300,1747104048036233258,-1,1,3233.1,3242.1,3242.0,3215.9000000000005,sl,-9.15,-915.0,L-Rev|M15|low@3233.30
1747111811147383268,1747143614721095710,1,1,3253.3,3239.6,3239.6249999999995,3280.3500000000004,sl,-13.85,-1385.0,L-Rev|M15|high@3253.00
1747111144865774466,1747144310136849284,1,1,3248.0,3235.7,3235.8250000000003,3272.05,sl,-12.45,-1245.0,L-Rev|M15|high@3247.70
1747182324481019272,1747182604966140107,-1,1,3246.5,3251.8,3251.75,3236.0,sl,-5.45,-545.0,L-Rev|M15|low@3246.50
1747223821409182861,1747226195601022839,-1,1,3225.2,3209.45,3233.075,3209.45,tp,15.6,1560.0,L-Rev|M15|low@3225.20
1747240926699521455,1747241694691653452,-1,1,3178.3,3193.1,3193.0750000000003,3148.75,sl,-14.95,-1495.0,L-Rev|M15|low@3178.30
1747248887733807410,1747252622875211239,-1,1,3177.5,3184.7,3184.7,3163.100000000001,sl,-7.35,-735.0,L-Rev|M15|low@3177.50
1747342464987796893,1747358395706268520,1,1,3243.5,3226.6,3226.675,3276.850000000001,sl,-17.05,-1705.0,L-Rev|M15|high@3243.30
1747380037889604898,1747392594298241517,-1,1,3209.2,3190.9,3218.3499999999995,3190.9,tp,18.15,1815.0,L-Rev|M15|low@3209.20
1747392239971349975,1747392686172311842,-1,1,3198.5,3182.75,3206.375,3182.75,tp,15.6,1560.0,L-Rev|M15|low@3198.50
1747655241076927890,1747656595425199309,1,1,3251.3,3243.3,3243.35,3267.2,sl,-8.15,-815.0,L-Rev|M15|high@3251.10
1747693114625020557,1747700717247286772,-1,1,3227.8,3219.550000000001,3231.9249999999997,3219.550000000001,tp,8.1,810.0,L-Rev|M15|low@3227.80
1747700413122410272,1747701965315590574,-1,1,3219.7,3223.4,3223.325,3212.45,sl,-3.85,-385.0,L-Rev|H1|low@3219.70
1747700413122410272,1747703110631173572,-1,1,3219.7,3231.1,3231.0249999999996,3197.0500000000006,sl,-11.55,-1155.0,L-Rev|M15|low@3219.70
1747710001256815587,1747711004671211518,-1,1,3209.1,3216.3,3216.3,3194.6999999999994,sl,-7.35,-735.0,L-Rev|M15|low@3209.10
1747726760221686583,1747731615217815158,1,1,3222.6,3239.75,3213.875,3239.75,tp,17.0,1700.0,L-Rev|M15|high@3222.30
1747731565492261679,1747731844797976391,1,1,3238.5,3234.2,3234.2249999999995,3247.0499999999993,sl,-4.45,-445.0,L-Rev|M15|high@3238.20
1747744542177036855,1747745172087336556,1,1,3252.3,3246.7,3246.75,3262.5,sl,-5.75,-575.0,L-Rev|H1|high@3251.80
1747744544505301229,1747745172087336556,1,1,3254.1,3246.7,3247.025,3264.95,sl,-7.55,-755.0,L-Rev|H1|high@3252.90
1747744544505301229,1747746009008986420,1,1,3254.1,3240.7,3240.7,3278.5000000000005,sl,-13.55,-1355.0,L-Rev|M15|high@3252.90
1747744542177036855,1747746010404148133,1,1,3252.3,3239.7,3239.8750000000005,3276.55,sl,-12.75,-1275.0,L-Rev|M15|high@3251.80
1747741179926669802,1747746415046217352,1,1,3243.5,3236.3,3236.4500000000003,3257.5999999999995,sl,-7.35,-735.0,L-Rev|M15|high@3243.30
1747731360498281229,1747749461624152753,1,1,3236.0,3256.25,3225.875,3256.25,tp,20.1,2010.0,L-Rev|M15|high@3235.80
1747762786580636229,1747779133933143442,1,1,3289.2,3307.25,3280.0250000000005,3307.25,tp,17.9,1790.0,L-Rev|M15|high@3288.90
1747789209132809261,1747790074269406843,1,1,3308.2,3300.0,3300.0750000000003,3324.1500000000005,sl,-8.35,-835.0,L-Rev|M15|high@3307.90
1747806372992675172,1747830479226127099,1,1,3317.1,3302.8,3303.2999999999997,3344.7,sl,-14.45,-1445.0,L-Rev|M15|high@3316.80
1747830502009409919,1747833333165097790,-1,1,3300.4,3308.7,3308.65,3283.9,sl,-8.45,-845.0,L-Rev|M15|low@3300.40
1747830110201252619,1747840069292814096,-1,1,3305.6,3313.5,3313.425,3290.2499999999995,sl,-8.05,-805.0,L-Rev|M15|low@3305.70
1747854394550813792,1747858505636409874,1,1,3322.8,3317.6,3317.7500000000005,3332.6000000000004,sl,-5.35,-535.0,L-Rev|H1|high@3322.50
1747854252928503487,1747877108641997308,1,1,3320.7,3339.5,3311.1500000000005,3339.5,tp,18.65,1865.0,L-Rev|M15|high@3320.50
1747872801999304277,1747877466385783654,1,1,3327.5,3341.0,3320.75,3341.0,tp,13.35,1335.0,L-Rev|M15|high@3327.20
1747854394536962430,1747877934665599710,1,1,3322.7,3341.45,3313.325,3341.45,tp,18.6,1860.0,L-Rev|M15|high@3322.50
1747909897264050485,1747910158336001454,-1,1,3291.5,3298.2,3297.975,3278.55,sl,-6.85,-685.0,L-Rev|H1|low@3291.50
1747909897264050485,1747914734388589756,-1,1,3291.5,3304.4,3304.4,3265.7,sl,-13.05,-1305.0,L-Rev|M15|low@3291.50
1747922456594944993,1747923626923062989,-1,1,3282.2,3296.4,3295.7749999999996,3255.05,sl,-14.35,-1435.0,L-Rev|M15|low@3282.20
1747961543597651796,1747961608682407654,-1,1,3287.7,3292.1,3292.05,3278.9999999999995,sl,-4.55,-455.0,L-Rev|M15|low@3287.70
1747973928438007743,1747986483245641724,1,1,3309.8,3333.5000000000005,3297.95,3333.5000000000005,tp,23.55,2355.0,L-Rev|M15|high@3309.50
1747975902381884818,1748000984634151911,1,1,3316.1,3346.1,3301.1,3346.1,tp,29.85,2985.0,L-Rev|M15|high@3316.00
1748000688431687977,1748001028688499544,1,1,3334.9,3349.6,3327.1,3349.6,tp,14.55,1455.0,L-Rev|M15|high@3334.40
1748000984634151911,1748001181973589989,1,1,3347.3,3342.1,3342.1,3356.5,sl,-5.35,-535.0,L-Rev|M15|high@3346.80
1748000984634151911,1748001194024719168,1,1,3347.3,3341.3,3341.375,3357.95,sl,-6.15,-615.0,L-Rev|H1|high@3346.80
1748021217307781521,1748210704277653927,1,1,3365.9,3348.4,3348.7999999999997,3400.0999999999995,sl,-17.65,-1765.0,L-Rev|M15|high@3365.70
1748251531934112782,1748260260116646579,-1,1,3329.2,3333.9,3333.8,3320.3,sl,-4.85,-485.0,L-Rev|H1|low@3329.30
1748251531934112782,1748268076080851960,-1,1,3329.2,3339.5,3339.5,3308.900000000001,sl,-10.45,-1045.0,L-Rev|M15|low@3329.30
1748277637055959215,1748309052889910214,1,1,3342.1,3337.6,3337.6500000000005,3350.7,sl,-4.65,-465.0,L-Rev|M15|high@3341.80
1748321976459331577,1748324771945674582,-1,1,3330.6,3319.2,3336.2999999999997,3319.2,tp,11.25,1125.0,L-Rev|M15|low@3330.60
1748323518057127089,1748328359894910783,-1,1,3326.0,3312.75,3332.775,3312.75,tp,13.1,1310.0,L-Rev|M15|low@3326.10
1748340977669875359,1748374599361976810,-1,1,3291.5,3304.9,3304.9,3265.2999999999993,sl,-13.55,-1355.0,L-Rev|M15|low@3291.70
1748388205766422889,1748394569630474401,1,1,3307.2,3302.8,3302.925,3315.7499999999995,sl,-4.55,-455.0,L-Rev|M15|high@3306.90
1748402402864874932,1748409060707527391,-1,1,3293.4,3301.3,3301.1,3283.1,sl,-8.05,-805.0,L-Rev|M15|low@3295.10
1748450267913945643,1748452568435988496,-1,1,3289.9,3296.1,3295.925,3277.8500000000004,sl,-6.35,-635.0,L-Rev|H1|low@3289.90
1748450267913945643,1748452800196280648,-1,1,3289.9,3296.8,3296.8,3276.1000000000004,sl,-7.05,-705.0,L-Rev|M15|low@3289.90
1748607003659224559,1748607121923912510,-1,1,3311.3,3318.2,3318.2,3297.5000000000005,sl,-7.05,-705.0,L-Rev|M15|low@3311.30
1748607244154863428,1748611815080555194,1,1,3329.0,3317.3,3317.45,3351.2000000000007,sl,-11.85,-1185.0,L-Rev|M15|high@3328.40
1748840213760513760,1748844396312230144,1,1,3340.1,3351.5,3334.4,3351.5,tp,11.25,1125.0,L-Rev|M15|high@3339.90
1748845146752971967,1748847960796252856,1,1,3356.7,3371.6000000000004,3348.9500000000003,3371.6000000000004,tp,14.75,1475.0,L-Rev|H4|high@3356.30
1748952420032907241,1748954401073148610,-1,1,3374.0,3383.4,3383.325,3360.1499999999996,sl,-9.55,-955.0,L-Rev|M15|low@3375.60
1748952420032907241,1748954574879418166,-1,1,3374.0,3386.7,3386.35,3350.8,sl,-12.85,-1285.0,L-Rev|M15|low@3374.50
1748958399382251632,1748965013891056648,-1,1,3368.8,3375.5,3375.4750000000004,3355.45,sl,-6.85,-685.0,L-Rev|M15|low@3368.80
1749001021676944592,1749009679514542067,1,1,3393.0,3381.0,3381.0,3417.0,sl,-12.15,-1215.0,L-Rev|M15|high@3392.80
1749000208707754089,1749034301801027347,1,1,3387.3,3370.9,3371.9999999999995,3417.8999999999996,sl,-16.55,-1655.0,L-Rev|M15|high@3387.20
1749036490834806696,1749037230433953381,-1,1,3367.3,3372.4,3372.4,3358.9,sl,-5.25,-525.0,L-Rev|M15|low@3367.90
1749034301801027347,1749040591380165676,-1,1,3370.9,3380.2,3380.025,3355.95,sl,-9.45,-945.0,L-Rev|M15|low@3372.00
1749046085386977188,1749047907206724299,1,1,3389.3,3403.249999999999,3382.325,3403.249999999999,tp,13.8,1380.0,L-Rev|M15|high@3389.10
1749047548677585058,1749048122166409865,1,1,3397.6,3406.95,3392.325,3406.95,tp,9.2,920.0,L-Rev|H1|high@3397.10
1749047548677585058,1749048231621270739,1,1,3397.6,3409.05,3391.2749999999996,3409.05,tp,11.3,1130.0,L-Rev|M15|high@3397.10
1749085468833151837,1749086046389610651,1,1,3407.0,3402.6,3402.625,3415.4500000000007,sl,-4.55,-455.0,L-Rev|M15|high@3406.80
1749088511635451075,1749089239004613221,-1,1,3394.4,3398.4,3398.375,3386.45,sl,-4.15,-415.0,L-Rev|M15|low@3394.40
1749115432228160339,1749120320627494356,1,1,3408.0,3423.45,3400.275,3423.45,tp,15.3,1530.0,L-Rev|M15|high@3407.70
1749136561253589985,1749137144744919624,-1,1,3384.0,3389.8,3389.775,3373.95,sl,-5.95,-595.0,L-Rev|H1|low@3384.50
1749136561253589985,1749138389090631944,-1,1,3384.0,3370.1000000000004,3391.7,3370.1000000000004,tp,13.75,1375.0,L-Rev|M15|low@3384.50
1749138477814384074,1749138570209427621,-1,1,3366.3,3371.5,3371.425,3357.8500000000004,sl,-5.35,-535.0,L-Rev|H1|low@3366.90
1749138477814384074,1749142131993188602,-1,1,3366.3,3376.5,3376.5,3347.7000000000007,sl,-10.35,-1035.0,L-Rev|M15|low@3366.90
1749181255653077129,1749189088618828573,1,1,3392.1,3385.9,3385.95,3404.4000000000005,sl,-6.35,-635.0,L-Rev|M15|high@3392.00
1749196129852861361,1749196811071004181,-1,1,3377.8,3384.1,3384.05,3365.5999999999995,sl,-6.45,-645.0,L-Rev|M15|low@3377.90
1749428134782254452,1749448119925203403,-1,1,3327.6,3336.8,3336.75,3312.9000000000005,sl,-9.35,-935.0,L-Rev|M15|low@3328.80
1749475330882207273,1749476789720647527,-1,1,3333.0,3339.9,3339.825,3319.3500000000004,sl,-7.05,-705.0,L-Rev|M15|low@3333.00
1749518011874915634,1749536004070898508,-1,1,3331.5,3341.8,3341.7000000000003,3311.0999999999995,sl,-10.45,-1045.0,L-Rev|M15|low@3331.50
1749566725151560993,1749604739357005913,-1,1,3348.2,3357.2,3357.1250000000005,3332.1499999999996,sl,-9.15,-915.0,L-Rev|M15|low@3348.80
1749602416045901313,1749606730474551990,1,1,3355.9,3350.5,3350.5750000000003,3366.55,sl,-5.55,-555.0,L-Rev|M15|high@3355.60
1749628213997248270,1749632820164608657,1,1,3364.9,3357.0,3358.975,3376.75,sl,-8.05,-805.0,L-Rev|M15|high@3364.80
1749635497653348203,1749644474141324584,-1,1,3353.2,3360.8,3360.6999999999994,3338.2000000000007,sl,-7.75,-775.0,L-Rev|M15|low@3353.20
1749645012555895187,1749645039734010560,1,1,3370.6,3366.8,3366.9249999999997,3377.95,sl,-3.95,-395.0,L-Rev|H1|high@3370.40
1749645012555895187,1749645358486937908,1,1,3370.6,3381.0499999999997,3364.1749999999997,3381.0499999999997,tp,10.3,1030.0,L-Rev|M15|high@3369.70
1749645012555895187,1749646393453867345,1,1,3370.6,3361.4,3361.4999999999995,3388.500000000001,sl,-9.35,-935.0,L-Rev|M15|high@3370.40
1749661673215637568,1749665101465911985,-1,1,3347.4,3356.9,3355.375,3331.75,sl,-9.65,-965.0,L-Rev|M15|low@3347.50
1749661911871263143,1749665152859796265,-1,1,3345.7,3357.6,3356.95,3323.2,sl,-12.05,-1205.0,L-Rev|M15|low@3345.70
1749679200082416908,1749679981647685606,1,1,3377.5,3380.9,3361.25,3380.9,tp,3.25,325.0,L-Rev|H1|high@3382.30
1749691343686365997,1749713569081984595,1,1,3394.3,3384.5,3384.55,3413.8,sl,-9.95,-995.0,L-Rev|M15|high@3394.00
1749724114644217859,1749726259727905098,1,1,3398.7,3408.75,3393.6749999999997,3408.75,tp,9.9,990.0,L-Rev|M15|high@3398.40
1749724066778398893,1749731905375568063,1,1,3396.9,3409.45,3390.3250000000007,3409.45,tp,12.4,1240.0,L-Rev|M15|high@3396.50
1749772091659103474,1749772806578115390,1,1,3410.0,3417.2,3406.4,3417.2,tp,7.05,705.0,L-Rev|M15|high@3409.70
1749772472425445819,1749773218040085330,1,1,3412.5,3424.9500000000003,3406.2749999999996,3424.9500000000003,tp,12.3,1230.0,L-Rev|M15|high@3412.40
1749772934873316545,1749773225393703323,1,1,3420.2,3428.9500000000007,3415.675,3428.9500000000007,tp,8.6,860.0,L-Rev|H1|high@3419.80
1749772934857426146,1749777213425563036,1,1,3420.0,3443.55,3408.225,3443.55,tp,23.4,2340.0,L-Rev|M15|high@3419.80
1749817801057934125,1749821243891528717,1,1,3448.6,3464.35,3440.725,3464.35,tp,15.6,1560.0,L-Rev|M15|high@3448.40
1749821748587581465,1749822367906393388,1,1,3467.2,3461.1,3461.1000000000004,3479.1000000000004,sl,-6.25,-625.0,L-Rev|H1|high@3467.00
1749821749301709255,1749822392156011499,1,1,3467.3,3458.7,3458.75,3484.4000000000005,sl,-8.75,-875.0,L-Rev|M15|high@3467.00
1750079803412796282,1750080855421144997,-1,1,3430.1,3437.0,3437.0,3416.3,sl,-7.05,-705.0,L-Rev|M15|low@3430.10
1750129893300080811,1750130588396148044,-1,1,3402.2,3395.1499999999996,3405.725,3395.1499999999996,tp,6.9,690.0,L-Rev|M15|low@3402.20
1750150470026484888,1750155263399264607,-1,1,3399.1,3409.4,3408.5,3380.5999999999995,sl,-10.45,-1045.0,L-Rev|M15|low@3399.20
1750170928814481724,1750171748504175814,-1,1,3391.0,3396.7,3396.65,3380.6000000000004,sl,-5.85,-585.0,L-Rev|H1|low@3391.30
1750170928814481724,1750171752089879027,-1,1,3391.0,3397.0,3396.925,3380.05,sl,-6.15,-615.0,L-Rev|M15|low@3391.30
1750170842842914823,1750172092644444127,-1,1,3393.7,3402.8,3402.7749999999996,3375.55,sl,-9.25,-925.0,L-Rev|M15|low@3393.70
1750197618952077867,1750203689819728606,1,1,3411.2,3406.1,3406.1499999999996,3421.0000000000005,sl,-5.25,-525.0,L-Rev|M15|high@3411.00
1750210944738276427,1750213870880981207,-1,1,3400.7,3390.4999999999995,3405.8,3390.4999999999995,tp,10.05,1005.0,L-Rev|M15|low@3400.70
1750221106690198236,1750224602626467633,1,1,3414.8,3410.0,3410.075,3424.249999999999,sl,-4.95,-495.0,L-Rev|M15|high@3414.60
1750221709820785877,1750224818236020410,1,1,3416.5,3404.4,3404.4249999999997,3440.6500000000005,sl,-12.25,-1225.0,L-Rev|M15|high@3416.40
1750240551082489720,1750242912994470806,-1,1,3395.0,3400.4,3400.1,3384.8,sl,-5.55,-555.0,L-Rev|M15|low@3395.00
1750256430193600056,1750256766271942299,-1,1,3393.4,3401.6,3401.45,3377.600000000001,sl,-8.35,-835.0,L-Rev|M15|low@3393.50
1750274040859137457,1750274190098862100,-1,1,3387.8,3393.9,3393.7000000000003,3379.0,sl,-6.25,-625.0,L-Rev|H1|low@3388.80
1750274040859137457,1750285289682682238,-1,1,3387.8,3394.9,3394.875,3376.650000000001,sl,-7.25,-725.0,L-Rev|M15|low@3388.80
1750273503683605409,1750293968577732819,-1,1,3391.6,3399.6,3399.575,3375.95,sl,-8.15,-815.0,L-Rev|M15|low@3391.70
1750311873899616614,1750312358166479032,-1,1,3386.2,3378.55,3390.0249999999996,3378.55,tp,7.5,750.0,L-Rev|M15|low@3386.20
1750381869270384874,1750388593804585549,-1,1,3378.2,3367.95,3383.4750000000004,3367.95,tp,10.1,1010.0,L-Rev|M15|low@3378.30
1750389018820306652,1750390200406598640,-1,1,3363.2,3369.1,3369.1,3352.6,sl,-6.05,-605.0,L-Rev|H1|low@3363.60
1750389018820306652,1750391891464046002,-1,1,3363.2,3372.0,3371.9249999999997,3346.95,sl,-8.95,-895.0,L-Rev|M15|low@3363.60
1750381918785969041,1750399224106336232,-1,1,3376.7,3358.7000000000007,3385.6999999999994,3358.7000000000007,tp,17.85,1785.0,L-Rev|M15|low@3376.70
1750398744824241283,1750403394436198894,-1,1,3361.1,3368.5,3367.625,3348.05,sl,-7.55,-755.0,L-Rev|M15|low@3361.10
1750426293658077087,1750427492955748581,1,1,3376.1,3384.3499999999995,3371.5249999999996,3384.3499999999995,tp,8.1,810.0,L-Rev|M15|high@3375.60
1750656831049973219,1750665666351638684,-1,1,3367.5,3375.3,3375.2999999999997,3351.9000000000005,sl,-7.95,-795.0,L-Rev|M15|low@3367.50
1750686242681878281,1750687596419409007,1,1,3398.4,3384.9,3386.5499999999993,3421.2000000000007,sl,-13.65,-1365.0,L-Rev|M15|high@3397.90
1750708396691977051,1750716210027046010,-1,1,3391.1,3373.6499999999996,3399.975,3373.6499999999996,tp,17.3,1730.0,L-Rev|M15|low@3391.20
1750721691965130198,1750722210961565567,-1,1,3361.4,3365.4,3365.2,3353.8,sl,-4.15,-415.0,L-Rev|H1|low@3361.40
1750721691965130198,1750726082269288873,-1,1,3361.4,3368.8,3368.6,3347.0,sl,-7.55,-755.0,L-Rev|M15|low@3361.40
1750717076517102977,1750744035275353823,-1,1,3371.1,3345.3,3384.0,3345.3,tp,25.65,2565.0,L-Rev|M15|low@3371.10
1750743742382747395,1750767222020082850,-1,1,3347.0,3329.5999999999995,3355.7000000000003,3329.5999999999995,tp,17.25,1725.0,L-Rev|M15|low@3347.00
1750767136573872158,1750768476045483453,-1,1,3331.7,3320.7499999999995,3337.175,3320.7499999999995,tp,10.8,1080.0,L-Rev|M15|low@3331.70
1750767158834970280,1750810907865451488,-1,1,3330.7,3341.8,3341.8,3308.4999999999995,sl,-11.25,-1125.0,L-Rev|M15|low@3330.70
1750837494302015916,1750838016954087775,1,1,3349.7,3345.0,3345.125,3358.8499999999995,sl,-4.85,-485.0,L-Rev|M15|high@3349.50
1750814321422312301,1750842307432299230,1,1,3347.1,3338.6,3338.7500000000005,3363.5000000000005,sl,-8.65,-865.0,L-Rev|M15|high@3346.80
1750842042201059869,1750856889960492510,-1,1,3339.3,3330.0000000000005,3343.95,3330.0000000000005,tp,9.15,915.0,L-Rev|M15|low@3339.30
1750855466431971564,1750857088118182412,-1,1,3334.6,3327.999999999999,3337.9000000000005,3327.999999999999,tp,6.45,645.0,L-Rev|M15|low@3334.60
1750855445685936901,1750867070204263452,-1,1,3335.0,3340.8,3340.7000000000003,3323.5999999999995,sl,-5.95,-595.0,L-Rev|M15|low@3335.00
1750893024467032577,1750896228719820047,1,1,3350.5,3346.3,3346.45,3358.6000000000004,sl,-4.35,-435.0,L-Rev|M15|high@3350.30
1750869022995183294,1750922166001003981,1,1,3343.8,3357.500000000001,3336.8,3357.500000000001,tp,13.55,1355.0,L-Rev|M15|high@3343.50
1750942138586217611,1750942996889360283,-1,1,3342.2,3332.5499999999993,3347.625,3332.5499999999993,tp,9.5,950.0,L-Rev|M15|low@3342.60
1750941416331634345,1750942996918351331,-1,1,3344.1,3332.0999999999995,3350.1000000000004,3332.0999999999995,tp,11.85,1185.0,L-Rev|M15|low@3344.10
1750944889423839025,1750945355267129717,-1,1,3325.2,3329.5,3329.425,3317.6499999999996,sl,-4.45,-445.0,L-Rev|H1|low@3325.50
1750944889423839025,1750945417628340889,-1,1,3325.2,3332.0,3331.95,3312.6000000000004,sl,-6.95,-695.0,L-Rev|M15|low@3325.50
1750992518507869566,1750994119403225376,-1,1,3322.5,3316.1499999999996,3325.675,3316.1499999999996,tp,6.2,620.0,L-Rev|H1|low@3322.50
1750992518507869566,1751006363829799332,-1,1,3322.5,3299.8500000000004,3333.825,3299.8500000000004,tp,22.5,2250.0,L-Rev|M15|low@3322.50
1751249374897189321,1751310662269758084,1,1,3294.2,3314.05,3284.125,3314.05,tp,19.7,1970.0,L-Rev|M15|high@3293.90
1751440232078462055,1751442418671074700,-1,1,3338.3,3344.4,3344.25,3326.7000000000007,sl,-6.25,-625.0,L-Rev|M15|low@3338.40
1751458805948006801,1751459453477613015,1,1,3360.2,3356.0,3356.1499999999996,3368.3,sl,-4.35,-435.0,L-Rev|H1|high@3370.50
1751450898929872779,1751464150483424307,1,1,3354.4,3347.4,3347.575,3368.0500000000006,sl,-7.15,-715.0,L-Rev|M15|high@3354.30
1751479929467169268,1751503616841595531,1,1,3362.1,3354.5,3354.5249999999996,3377.2500000000005,sl,-7.75,-775.0,L-Rev|M15|high@3361.90
1751545816159007885,1751546302790671347,-1,1,3342.7,3331.2999999999993,3350.65,3331.2999999999993,tp,11.25,1125.0,L-Rev|M15|low@3344.20
1751546104190700843,1751546329435974829,-1,1,3337.1,3327.3999999999996,3342.1,3327.3999999999996,tp,9.55,955.0,L-Rev|H1|low@3337.20
1751546104190700843,1751546331245053042,-1,1,3337.1,3326.9999999999995,3342.3,3326.9999999999995,tp,9.95,995.0,L-Rev|M15|low@3337.20
1751621476260425679,1751839200179885342,-1,1,3345.7,3337.1000000000004,3350.15,3337.1000000000004,tp,8.45,845.0,L-Rev|M15|low@3345.80
1751874360960087814,1751877074268733576,-1,1,3313.5,3320.4,3320.4,3299.7,sl,-7.05,-705.0,L-Rev|M15|low@3313.50
1751884860778748552,1751886539037393475,-1,1,3309.6,3315.1,3314.6249999999995,3299.550000000001,sl,-5.65,-565.0,L-Rev|M15|low@3309.60
1751896417873399317,1751907031377753158,1,1,3324.6,3337.8500000000004,3317.8250000000003,3337.8500000000004,tp,13.1,1310.0,L-Rev|M15|high@3324.30
1751945115304286050,1751952340635615841,-1,1,3339.6,3345.9,3345.825,3327.1500000000005,sl,-6.45,-645.0,L-Rev|M15|low@3339.60
1751962039211559118,1751982535022399611,-1,1,3337.1,3326.9000000000005,3342.2,3326.9000000000005,tp,10.05,1005.0,L-Rev|M15|low@3337.10
1751985782365485703,1751987501688505114,-1,1,3304.0,3295.8,3308.7,3295.8,tp,8.05,805.0,L-Rev|H1|low@3304.40
1751985782365485703,1751994475294925477,-1,1,3304.0,3314.6,3314.525,3284.15,sl,-10.75,-1075.0,L-Rev|M15|low@3304.40
1752029445263243650,1752029482132703316,-1,1,3293.8,3298.9,3298.675,3288.85,sl,-5.25,-525.0,L-Rev|H1|low@3295.40
1752029445263243650,1752029650001412152,-1,1,3293.8,3302.4,3302.375,3281.4500000000007,sl,-8.75,-875.0,L-Rev|M15|low@3295.40
1752028821436633571,1752050278786223248,-1,1,3305.2,3291.0999999999995,3312.25,3291.0999999999995,tp,13.95,1395.0,L-Rev|M15|low@3305.20
1752049229395584900,1752055373719916183,-1,1,3293.3,3299.3,3299.225,3281.4500000000007,sl,-6.15,-615.0,L-Rev|M15|low@3293.30
1752065514012537953,1752071683168369890,1,1,3304.5,3318.750000000001,3297.3749999999995,3318.750000000001,tp,14.1,1410.0,L-Rev|M15|high@3304.30
1752071727673842147,1752109982823941145,1,1,3319.8,3330.5999999999995,3314.3999999999996,3330.5999999999995,tp,10.65,1065.0,L-Rev|M15|high@3319.60
1752128421967096217,1752133501392631606,1,1,3335.0,3330.8,3330.875,3343.25,sl,-4.35,-435.0,L-Rev|M15|high@3334.70
1752155873603838786,1752156754594728661,-1,1,3323.5,3328.0,3327.9999999999995,3314.500000000001,sl,-4.65,-465.0,L-Rev|M15|low@3323.50
1752193853041670992,1752211353149074255,1,1,3339.6,3348.1,3335.35,3348.1,tp,8.35,835.0,L-Rev|H1|high@3339.40
1752193853041670992,1752211680857461669,1,1,3339.6,3354.6,3332.1,3354.6,tp,14.85,1485.0,L-Rev|M15|high@3339.40
1752211315349206181,1752217235128369135,1,1,3347.4,3341.7,3341.7749999999996,3358.6499999999996,sl,-5.85,-585.0,L-Rev|M15|high@3347.20
1752475588910827205,1752487811334639192,1,1,3376.2,3386.1500000000005,3371.0750000000003,3386.1500000000005,tp,9.8,980.0,L-Rev|M15|high@3376.00
1752487808340855140,1752488960690320131,1,1,3386.3,3381.6,3381.6499999999996,3395.5999999999995,sl,-4.85,-485.0,L-Rev|M15|high@3386.20
1752495878330230514,1752502989634003551,-1,1,3367.0,3354.3999999999996,3373.3,3354.3999999999996,tp,12.45,1245.0,L-Rev|M15|low@3367.00
1752579351483333456,1752585386099784119,-1,1,3365.4,3352.5,3371.85,3352.5,tp,12.75,1275.0,L-Rev|M15|low@3365.40
1752586006087838364,1752586528964765751,-1,1,3349.6,3343.0000000000005,3352.8999999999996,3343.0000000000005,tp,6.45,645.0,L-Rev|M15|low@3349.60
1752586015107157139,1752586529486044321,-1,1,3348.4,3342.8500000000004,3351.325,3342.8500000000004,tp,5.4,540.0,L-Rev|H1|low@3348.50
1752586015107157139,1752587706369070744,-1,1,3348.4,3354.1,3354.0499999999997,3337.4000000000005,sl,-5.85,-585.0,L-Rev|M15|low@3348.50
1752674034944772643,1752674324133527727,-1,1,3329.4,3332.5,3332.475,3323.25,sl,-3.25,-325.0,L-Rev|M15|low@3329.40
1752676395573257266,1752676543865255091,-1,1,3327.3,3330.3,3330.3,3321.3,sl,-3.15,-315.0,L-Rev|H1|low@3327.30
1752676395573257266,1752676606820849313,-1,1,3327.3,3332.4,3332.4,3317.1000000000004,sl,-5.25,-525.0,L-Rev|M15|low@3327.30
1752677824973749385,1752677845785605263,1,1,3349.9,3346.3,3346.375,3356.95,sl,-3.75,-375.0,L-Rev|M15|high@3349.80
1752677811640668241,1752678973515296385,1,1,3348.5,3364.3999999999996,3340.55,3364.3999999999996,tp,15.75,1575.0,L-Rev|M15|high@3348.40
1752679000352655413,1752679005931433942,1,1,3376.2,3370.8,3370.9,3385.3,sl,-5.55,-555.0,L-Rev|M15|high@3375.40
1752679000352655413,1752679006302330726,1,1,3376.2,3370.5,3370.5250000000005,3385.75,sl,-5.85,-585.0,L-Rev|H1|high@3375.40
1752749938054513870,1752755445576114081,-1,1,3330.3,3320.550000000001,3335.1749999999997,3320.550000000001,tp,9.6,960.0,L-Rev|M15|low@3330.30
1752822825595046969,1752829684486312167,1,1,3350.4,3357.0,3347.0999999999995,3357.0,tp,6.45,645.0,L-Rev|M15|high@3350.20
1752822832880778807,1752829690026899198,1,1,3350.6,3357.2500000000005,3347.1250000000005,3357.2500000000005,tp,6.5,650.0,L-Rev|M15|high@3350.30
1752829696717213469,1752833042640115220,1,1,3358.4,3355.2,3355.225,3364.45,sl,-3.35,-335.0,L-Rev|M15|high@3358.20
1752859391654455202,1753048800172404477,-1,1,3357.5,3347.5999999999995,3362.4500000000003,3347.5999999999995,tp,9.75,975.0,L-Rev|M15|low@3357.50
1753074225186846951,1753075605175431726,1,1,3365.3,3374.149999999999,3360.875,3374.149999999999,tp,8.7,870.0,L-Rev|M15|high@3365.20
1753146569037898535,1753164147572726635,-1,1,3405.3,3398.55,3408.675,3398.55,tp,6.6,660.0,L-Rev|M15|low@3405.30
1753163042066862074,1753186050150836891,-1,1,3399.6,3403.7,3403.65,3391.5,sl,-4.25,-425.0,L-Rev|M15|low@3399.60
1753185982757714748,1753186901749185811,1,1,3402.8,3410.149999999999,3399.125,3410.149999999999,tp,7.2,720.0,L-Rev|M15|high@3402.70
1753186810646071932,1753188174169901830,1,1,3406.8,3415.2000000000003,3402.5999999999995,3415.2000000000003,tp,8.25,825.0,L-Rev|M15|high@3406.60
1753188180451505028,1753188330134905515,1,1,3417.1,3414.7,3414.775,3421.75,sl,-2.55,-255.0,L-Rev|H1|high@3416.90
1753188180438361340,1753189883856012827,1,1,3417.0,3425.8500000000004,3412.575,3425.8500000000004,tp,8.7,870.0,L-Rev|M15|high@3416.90
1753188179050505181,1753190855833146585,1,1,3416.6,3427.05,3411.0750000000007,3427.05,tp,10.3,1030.0,L-Rev|M15|high@3416.30
1753255052534433840,1753256512614844028,1,1,3442.9,3438.6,3438.775,3451.15,sl,-4.45,-445.0,L-Rev|M15|high@3442.70
1753275563863993794,1753277245905186391,-1,1,3429.6,3417.5000000000005,3435.95,3417.5000000000005,tp,11.95,1195.0,L-Rev|M15|low@3429.80
1753286155766105721,1753286531790129595,-1,1,3414.6,3396.0,3423.9,3396.0,tp,18.45,1845.0,L-Rev|M15|low@3414.60
1753286536074686340,1753286552346677091,-1,1,3394.9,3397.9,3397.9,3388.9,sl,-3.15,-315.0,L-Rev|M15|low@3394.90
1753286536074686340,1753286563895952342,-1,1,3394.9,3399.1,3399.025,3386.65,sl,-4.35,-435.0,L-Rev|H1|low@3394.90
1753319220754211322,1753323090823122970,-1,1,3394.7,3387.5500000000006,3398.575,3387.5500000000006,tp,7.0,700.0,L-Rev|M15|low@3394.90
1753338584247818231,1753341281806522285,-1,1,3379.1,3382.9,3382.8500000000004,3371.5999999999995,sl,-3.95,-395.0,L-Rev|M15|low@3379.10
1753395350386521515,1753398513440614774,-1,1,3369.0,3373.4,3373.3500000000004,3360.2999999999997,sl,-4.55,-455.0,L-Rev|M15|low@3369.00
1753409474480063421,1753421857039312991,-1,1,3367.6,3359.499999999999,3371.6500000000005,3359.499999999999,tp,7.95,795.0,L-Rev|M15|low@3367.60
1753429206010951731,1753432118611324654,-1,1,3355.2,3349.0499999999997,3358.2749999999996,3349.0499999999997,tp,6.0,600.0,L-Rev|H1|low@3355.20
1753429206010951731,1753447283314222522,-1,1,3355.2,3338.7,3363.45,3338.7,tp,16.35,1635.0,L-Rev|M15|low@3355.20
1753705039206256638,1753710337606826547,-1,1,3331.2,3320.4,3336.5999999999995,3320.4,tp,10.65,1065.0,L-Rev|M15|low@3331.20
1753710903743257797,1753710924754559362,-1,1,3303.0,3307.3,3307.125,3294.75,sl,-4.45,-445.0,L-Rev|H1|low@3303.00
1753710903743257797,1753712173903810526,-1,1,3303.0,3309.6,3309.525,3289.95,sl,-6.75,-675.0,L-Rev|M15|low@3303.00
1753801488077101153,1753802947879047227,1,1,3328.3,3322.5,3322.525,3339.8500000000004,sl,-5.95,-595.0,L-Rev|M15|high@3328.00
1753836707420513646,1753836851487872640,1,1,3331.0,3327.4,3327.425,3336.6499999999996,sl,-3.75,-375.0,L-Rev|M15|high@3328.60
1753857383993768857,1753857717129664167,-1,1,3319.8,3325.1,3325.025,3309.95,sl,-5.45,-545.0,L-Rev|M15|low@3320.00
1753880111019028144,1753883736657342459,-1,1,3308.5,3296.85,3315.5250000000005,3296.85,tp,11.5,1150.0,L-Rev|M15|low@3309.30
1753972572755133786,1754045560820256573,-1,1,3345.5,3353.5,3353.2250000000004,3330.0499999999997,sl,-8.15,-815.0,L-Rev|M15|low@3345.50
1754045554443325030,1754051419620066104,1,1,3352.1,3363.05,3346.625,3363.05,tp,10.8,1080.0,L-Rev|M15|high@3352.00
1754051461458641707,1754051607461227899,1,1,3367.0,3377.65,3361.525,3377.65,tp,10.5,1050.0,L-Rev|H1|high@3366.70
1754051421550408296,1754051618571033976,1,1,3364.2,3379.0499999999993,3356.775,3379.0499999999993,tp,14.7,1470.0,L-Rev|M15|high@3364.10
1754051461456911257,1754051625145561159,1,1,3366.8,3379.7000000000003,3360.3499999999995,3379.7000000000003,tp,12.75,1275.0,L-Rev|M15|high@3366.70
1754076747162173207,1754258400218880004,1,1,3408.8,3424.6000000000004,3400.7500000000005,3424.6000000000004,tp,15.65,1565.0,L-Rev|M15|high@3408.60
1754289952223936807,1754292003705896737,1,1,3414.0,3410.1,3410.1,3421.8,sl,-4.05,-405.0,L-Rev|M15|high@3413.80
1754308307442013095,1754309547703718347,1,1,3424.2,3420.3,3420.4750000000004,3431.3500000000004,sl,-4.05,-405.0,L-Rev|H1|high@3423.90
1754308307442013095,1754310336696731161,1,1,3424.2,3419.2,3419.225,3433.85,sl,-5.15,-515.0,L-Rev|M15|high@3423.90
1754305581379824861,1754312633134122428,1,1,3415.5,3425.3999999999996,3410.55,3425.3999999999996,tp,9.75,975.0,L-Rev|M15|high@3415.30
1754370139728031113,1754378553341879135,-1,1,3424.3,3428.1,3427.9000000000005,3417.1,sl,-3.95,-395.0,L-Rev|M15|low@3424.30
1754384424758288516,1754388704904438775,-1,1,3419.4,3409.3500000000004,3424.425,3409.3500000000004,tp,9.9,990.0,L-Rev|M15|low@3419.40
1754391601630073703,1754396691775493468,-1,1,3405.3,3411.8,3411.7250000000004,3393.95,sl,-6.65,-665.0,L-Rev|M15|low@3405.80
1754400855328662611,1754403216549697699,1,1,3430.2,3425.3,3425.3000000000006,3439.7,sl,-5.05,-505.0,L-Rev|M15|high@3429.90
1754405479300610492,1754408069440472702,1,1,3439.8,3437.3,3437.375,3444.65,sl,-2.65,-265.0,L-Rev|H1|high@3439.50
1754405479293586480,1754411446119082514,1,1,3439.7,3432.5,3432.7249999999995,3453.65,sl,-7.35,-735.0,L-Rev|M15|high@3439.50
1754442867810962901,1754444141716757581,-1,1,3432.4,3435.1,3435.1,3427.0,sl,-2.85,-285.0,L-Rev|M15|low@3432.40
1754443220719479385,1754444274692519601,-1,1,3431.3,3436.0,3435.7250000000004,3422.45,sl,-4.85,-485.0,L-Rev|M15|low@3431.30
1754512428203444412,1754517600066707604,-1,1,3430.9,3424.8999999999996,3433.9000000000005,3424.8999999999996,tp,5.85,585.0,L-Rev|M15|low@3430.90
1754530307399657987,1754530825309623783,1,1,3445.1,3443.1,3443.125,3449.0499999999997,sl,-2.15,-215.0,L-Rev|H1|high@3444.90
1754530307399657987,1754535740515912635,1,1,3445.1,3439.4,3439.4,3456.5,sl,-5.85,-585.0,L-Rev|M15|high@3444.90
1754575712375497883,1754575753568000034,-1,1,3438.5,3446.2,3446.15,3423.2,sl,-7.85,-785.0,L-Rev|M15|low@3438.50
1754575709490702916,1754576098407285006,-1,1,3443.2,3453.1,3453.025,3423.5499999999993,sl,-10.05,-1005.0,L-Rev|M15|low@3443.20
1754595467499073523,1754604000099418241,1,1,3465.2,3489.1,3453.1,3489.1,tp,23.75,2375.0,L-Rev|M15|high@3465.00
1754648453235284440,1754652257868790500,-1,1,3480.4,3469.6000000000004,3485.8,3469.6000000000004,tp,10.65,1065.0,L-Rev|M15|low@3480.40
1754675998964879753,1754874472564196978,-1,1,3468.6,3438.9000000000005,3483.45,3438.9000000000005,tp,29.55,2955.0,L-Rev|M15|low@3468.60
1754944417100457571,1754949600088562554,-1,1,3399.3,3387.75,3405.0750000000003,3387.75,tp,11.4,1140.0,L-Rev|M15|low@3399.30
1754945126084776624,1754961059161580875,-1,1,3397.3,3407.8,3407.7250000000004,3376.45,sl,-10.65,-1065.0,L-Rev|M15|low@3397.30
1754979413234606027,1754980561037728682,-1,1,3393.0,3396.5,3396.325,3386.35,sl,-3.65,-365.0,L-Rev|H1|low@3393.00
1754979413234606027,1754980654722047097,-1,1,3393.0,3397.4,3397.35,3384.3,sl,-4.55,-455.0,L-Rev|M15|low@3393.00
1754997652583051340,1755001806766156506,-1,1,3390.4,3398.3,3398.0250000000005,3375.749999999999,sl,-8.05,-805.0,L-Rev|M15|low@3390.60
1755006315209996379,1755006352302874682,1,1,3407.3,3399.8,3399.8,3422.3,sl,-7.65,-765.0,L-Rev|M15|high@3407.10
1755008110569637008,1755012136472827924,-1,1,3384.4,3397.7,3397.225,3358.75,sl,-13.45,-1345.0,L-Rev|M15|low@3384.40
1755012534000507029,1755012750821023215,1,1,3409.0,3403.0,3403.125,3420.45,sl,-6.15,-615.0,L-Rev|M15|high@3408.70
1755044259072595553,1755047692448537414,-1,1,3395.6,3399.0,3399.0,3389.099999999999,sl,-3.55,-355.0,L-Rev|M15|low@3395.70
1755065806891845746,1755072213651893844,1,1,3405.2,3402.4,3402.4750000000004,3410.3500000000004,sl,-2.95,-295.0,L-Rev|M15|high@3404.90
1755065806819817168,1755072287232036257,1,1,3405.1,3401.5,3401.5,3412.3,sl,-3.75,-375.0,L-Rev|M15|high@3405.00
1755093814212527915,1755097414016766819,1,1,3417.8,3411.3,3411.3499999999995,3430.7000000000003,sl,-6.65,-665.0,L-Rev|M15|high@3417.70
1755107852318069287,1755128733162356556,-1,1,3403.9,3412.3,3412.3,3387.1000000000004,sl,-8.55,-855.0,L-Rev|M15|low@3403.90
1755126116316618963,1755129687957081795,1,1,3409.3,3414.1,3406.9000000000005,3414.1,tp,4.65,465.0,L-Rev|M15|high@3409.20
1755157501062418047,1755158247978685483,-1,1,3400.1,3394.5,3403.0499999999997,3394.5,tp,5.45,545.0,L-Rev|H1|low@3400.20
1755157501062418047,1755158290107946953,-1,1,3400.1,3393.45,3403.575,3393.45,tp,6.5,650.0,L-Rev|M15|low@3400.20
1755158290110108729,1755162547734228113,-1,1,3392.7,3401.4,3400.425,3377.2499999999995,sl,-8.85,-885.0,L-Rev|M15|low@3392.70
1755158247728905834,1755162709579779059,-1,1,3394.8,3401.6,3401.55,3381.3,sl,-6.95,-695.0,L-Rev|M15|low@3394.80
1755228650557420158,1755234370260185027,1,1,3388.3,3394.6000000000004,3385.15,3394.6000000000004,tp,6.15,615.0,L-Rev|M15|high@3388.00
1755476428843058086,1755481261120207441,1,1,3384.8,3389.9000000000005,3382.25,3389.9000000000005,tp,4.95,495.0,L-Rev|M15|high@3384.60
1755544179758660645,1755554422134050130,-1,1,3376.3,3379.3,3379.3,3370.3,sl,-3.15,-315.0,L-Rev|M15|low@3376.30
1755573292546462907,1755578429578306428,1,1,3384.1,3378.5,3378.5499999999997,3395.2,sl,-5.75,-575.0,L-Rev|M15|high@3383.90
1755598009750855740,1755605240339010027,1,1,3386.5,3382.5,3382.5249999999996,3394.4500000000003,sl,-4.15,-415.0,L-Rev|M15|high@3386.20
1755608406629579894,1755609054578634560,-1,1,3378.2,3370.2499999999995,3382.175,3370.2499999999995,tp,7.8,780.0,L-Rev|M15|low@3378.20
1755609054526819393,1755609266297870908,-1,1,3370.6,3373.4,3373.35,3365.1,sl,-2.95,-295.0,L-Rev|H1|low@3370.60
1755609054526819393,1755609374952534492,-1,1,3370.6,3376.5,3376.375,3359.0499999999993,sl,-6.05,-605.0,L-Rev|M15|low@3370.60
1755634715347395629,1755663310235388799,-1,1,3358.1,3361.5,3361.4749999999995,3351.3500000000004,sl,-3.55,-355.0,L-Rev|M15|low@3358.10
1755697456771733725,1755697597493309381,1,1,3390.0,3386.7,3386.7000000000003,3396.0,sl,-3.45,-345.0,L-Rev|H1|high@3389.70
1755697456771733725,1755697602401866312,1,1,3390.0,3386.2,3386.25,3397.5,sl,-3.95,-395.0,L-Rev|M15|high@3389.70
1755743273281216726,1755744613876071661,-1,1,3382.7,3385.9,3385.85,3376.3999999999996,sl,-3.35,-335.0,L-Rev|M15|low@3382.70
1755821102142844602,1755824406871150549,-1,1,3381.1,3383.4,3383.35,3376.6,sl,-2.45,-245.0,L-Rev|M15|low@3381.10
1755864708624926571,1755869467863983423,-1,1,3367.2,3373.5,3373.425,3354.7499999999995,sl,-6.45,-645.0,L-Rev|M15|low@3367.20
1755870041453758598,1755871213641251126,1,1,3377.9,3388.25,3372.725,3388.25,tp,10.2,1020.0,L-Rev|M15|high@3377.80
1755871272682998545,1755871310516859451,1,1,3394.5,3392.2,3392.375,3398.75,sl,-2.45,-245.0,L-Rev|H1|high@3394.40
1755871264449535539,1755871358153423183,1,1,3392.1,3396.3500000000004,3389.975,3396.3500000000004,tp,4.1,410.0,L-Rev|H1|high@3391.90
1755871272682998545,1755871814416055665,1,1,3394.5,3401.9,3390.8,3401.9,tp,7.25,725.0,L-Rev|H4|high@3394.40
1755871264450029682,1755871833868927563,1,1,3392.3,3404.8500000000004,3385.7250000000004,3404.8500000000004,tp,12.4,1240.0,L-Rev|M15|high@3391.90
1756103238814190599,1756103989398039064,1,1,3413.3,3410.8,3410.875,3417.850000000001,sl,-2.65,-265.0,L-Rev|M15|high@3413.10
1756113306782678421,1756115114185847513,-1,1,3407.1,3410.8,3410.775,3399.75,sl,-3.85,-385.0,L-Rev|M15|low@3407.10
1756121578590076608,1756125135339031107,1,1,3414.4,3411.0,3411.025,3421.15,sl,-3.55,-355.0,L-Rev|M15|high@3414.30
1756127280851588664,1756128673645288302,-1,1,3406.3,3410.1,3410.0499999999997,3398.800000000001,sl,-3.95,-395.0,L-Rev|M15|low@3406.30
1756130413715361169,1756150953043906612,1,1,3416.7,3412.1,3412.1750000000006,3425.45,sl,-4.75,-475.0,L-Rev|M15|high@3416.50
1756167379133917944,1756167399384307764,1,1,3421.9,3418.4,3418.4500000000003,3427.8999999999987,sl,-3.65,-365.0,L-Rev|M15|high@3421.50
1756192451240981374,1756194046388109104,-1,1,3418.0,3421.6,3421.525,3410.95,sl,-3.75,-375.0,L-Rev|M15|low@3418.00
1756204647660415265,1756205828803744783,-1,1,3413.1,3417.9,3417.9,3403.5,sl,-4.95,-495.0,L-Rev|M15|low@3413.10
1756208009559639859,1756212971931637985,1,1,3426.9,3421.8,3421.825,3436.45,sl,-5.25,-525.0,L-Rev|M15|high@3426.60
1756208009559639859,1756212973212616262,1,1,3426.9,3421.3,3421.6500000000005,3436.5,sl,-5.75,-575.0,L-Rev|M15|high@3426.40
1756223764672258647,1756225206501173383,1,1,3434.9,3431.4,3431.425,3441.8500000000004,sl,-3.65,-365.0,L-Rev|H1|high@3434.70
1756220645899297608,1756239346667120239,1,1,3428.8,3440.250000000001,3422.925,3440.250000000001,tp,11.3,1130.0,L-Rev|M15|high@3428.30
1756223764672258647,1756245600072948185,1,1,3434.9,3447.6499999999996,3428.5249999999996,3447.6499999999996,tp,12.6,1260.0,L-Rev|M15|high@3434.70
1756268671869586353,1756275524448374556,-1,1,3428.5,3431.5,3431.5,3422.5,sl,-3.15,-315.0,L-Rev|M15|low@3428.50
1756294034966700655,1756297256850423522,-1,1,3423.0,3427.7,3427.6499999999996,3413.7000000000003,sl,-4.85,-485.0,L-Rev|M15|low@3423.00
1756300566563647200,1756301402013984604,1,1,3434.0,3430.3,3430.4,3441.2,sl,-3.85,-385.0,L-Rev|M15|high@3433.90
1756312406243046086,1756328154166380261,1,1,3443.5,3452.0499999999993,3439.2250000000004,3452.0499999999993,tp,8.4,840.0,L-Rev|M15|high@3443.40
1756370224256961262,1756380752026053772,1,1,3454.0,3463.6500000000015,3449.025,3463.6500000000015,tp,9.5,950.0,L-Rev|M15|high@3453.80
1756380290748787071,1756380769382782794,1,1,3457.7,3464.5999999999995,3454.25,3464.5999999999995,tp,6.75,675.0,L-Rev|M15|high@3457.60
1756456619162290325,1756460100709622888,1,1,3472.4,3467.9,3467.975,3481.249999999999,sl,-4.65,-465.0,L-Rev|M15|high@3472.20
1756462140382026333,1756468388270076808,-1,1,3466.1,3470.2,3470.1499999999996,3458.0000000000005,sl,-4.25,-425.0,L-Rev|M15|low@3466.10
1756470912750718039,1756473519312279885,1,1,3472.7,3479.75,3469.1749999999997,3479.75,tp,6.9,690.0,L-Rev|M15|high@3472.60
1756473519302980063,1756473565939968458,1,1,3479.7,3477.7,3477.825,3483.45,sl,-2.15,-215.0,L-Rev|H1|high@3479.60
1756691297409296797,1756691911905352878,1,1,3518.1,3526.2,3514.0499999999997,3526.2,tp,7.95,795.0,L-Rev|M15|high@3518.00
1756704952798839008,1756705222287455152,1,1,3552.6,3545.7,3545.8999999999996,3565.7000000000003,sl,-7.05,-705.0,L-Rev|M15|high@3552.40
1756799621521483174,1756800307358022150,-1,1,3542.6,3538.3499999999995,3544.875,3538.3499999999995,tp,4.1,410.0,L-Rev|M15|low@3542.70
1756800345287037680,1756800853966398605,-1,1,3537.9,3544.7,3544.6499999999996,3524.4000000000005,sl,-6.95,-695.0,L-Rev|M15|low@3537.90
1756799480595446018,1756807819488079632,-1,1,3545.6,3551.9,3551.825,3533.1499999999996,sl,-6.45,-645.0,L-Rev|M15|low@3545.60
1756824438034052592,1756824610447860277,1,1,3578.7,3573.5,3573.625,3588.25,sl,-5.35,-535.0,L-Rev|H1|high@3578.40
1756824438034052592,1756831106512432776,1,1,3578.7,3592.25,3571.775,3592.25,tp,13.4,1340.0,L-Rev|M15|high@3578.40
1756823071705244410,1756840711106322312,1,1,3564.5,3599.2500000000005,3546.825,3599.2500000000005,tp,34.6,3460.0,L-Rev|M15|high@3564.10
1756878719695594168,1756881182613092527,-1,1,3595.1,3599.9,3599.825,3585.6499999999996,sl,-4.95,-495.0,L-Rev|M15|low@3595.10
1756878933790754344,1756886774676937895,-1,1,3593.4,3604.7,3604.65,3570.9,sl,-11.45,-1145.0,L-Rev|M15|low@3593.40
1756886770593150086,1756897995596661008,1,1,3604.2,3614.7,3598.95,3614.7,tp,10.35,1035.0,L-Rev|M15|high@3604.10
1756899754274258855,1756901734029329215,1,1,3617.0,3612.1,3612.175,3626.65,sl,-5.05,-505.0,L-Rev|H1|high@3616.90
1756952005767467792,1756954450103074330,-1,1,3600.2,3584.749999999999,3607.925,3584.749999999999,tp,15.3,1530.0,L-Rev|M15|low@3600.20
1756953936407575863,1756955526364476643,-1,1,3592.4,3583.05,3597.075,3583.05,tp,9.2,920.0,L-Rev|H1|low@3592.40
1756953936407575863,1756955546275026564,-1,1,3592.4,3579.05,3599.0750000000003,3579.05,tp,13.2,1320.0,L-Rev|M15|low@3592.40
1757023221529477018,1757028955228141046,-1,1,3600.0,3604.6,3604.575,3590.8500000000004,sl,-4.75,-475.0,L-Rev|M15|low@3600.00
1757044484543471209,1757052449807730022,1,1,3618.0,3613.1,3613.125,3627.75,sl,-5.05,-505.0,L-Rev|H1|high@3617.80
1757044484543471209,1757059307826912456,1,1,3618.0,3605.4,3605.4,3643.2,sl,-12.75,-1275.0,L-Rev|M15|high@3617.80
1757059878650418786,1757065758814786742,-1,1,3605.0,3610.0,3609.95,3595.1000000000004,sl,-5.15,-515.0,L-Rev|M15|low@3605.00
1757075401803551207,1757075443735168058,1,1,3619.5,3630.2,3614.0,3630.2,tp,10.55,1055.0,L-Rev|M15|high@3619.20
1757075588093310145,1757075753006437008,1,1,3640.3,3633.0,3633.0,3654.6,sl,-7.45,-745.0,L-Rev|H1|high@3640.10
1757075588093310145,1757076428715321179,1,1,3640.3,3631.4,3631.55,3657.8,sl,-9.05,-905.0,L-Rev|H4|high@3640.10
1757304179639216070,1757310914568658203,-1,1,3622.4,3630.6,3630.575,3607.850000000001,sl,-8.35,-835.0,L-Rev|M15|low@3623.00
1757313928167634021,1757319776508788648,1,1,3638.0,3656.0,3629.0,3656.0,tp,17.85,1785.0,L-Rev|M15|high@3637.90
1757336093118197979,1757342723662508950,1,1,3662.7,3677.9999999999995,3655.05,3677.9999999999995,tp,15.15,1515.0,L-Rev|M15|high@3662.50
1757377101034577893,1757382530639813975,1,1,3679.0,3688.0,3674.5,3688.0,tp,8.85,885.0,L-Rev|M15|high@3678.80
1757424318253049740,1757426852186811969,1,1,3699.1,3688.8,3688.8999999999996,3719.5000000000005,sl,-10.45,-1045.0,L-Rev|M15|high@3698.90
1757428666016758834,1757428976199965755,-1,1,3676.8,3685.9,3685.875,3658.6500000000005,sl,-9.25,-925.0,L-Rev|M15|low@3676.80
1757430944507010777,1757431265615526085,-1,1,3669.8,3675.2,3675.125,3659.150000000001,sl,-5.55,-555.0,L-Rev|M15|low@3669.80
1757450756465497107,1757458853589543092,-1,1,3665.3,3672.5,3672.5,3650.9000000000005,sl,-7.35,-735.0,L-Rev|M15|low@3665.30
1757517867493477263,1757528420430154812,-1,1,3678.8,3688.2,3688.1000000000004,3660.2,sl,-9.55,-955.0,L-Rev|M15|low@3678.80
1757532775714060545,1757548118985744661,-1,1,3677.5,3683.9,3683.875,3664.75,sl,-6.55,-655.0,L-Rev|M15|low@3677.50
1757554216774182223,1757554604814356692,1,1,3687.5,3682.0,3682.025,3698.45,sl,-5.65,-565.0,L-Rev|H1|high@3697.50
1757557820115401393,1757568737333926794,-1,1,3674.6,3664.8500000000004,3679.4749999999995,3664.8500000000004,tp,9.6,960.0,L-Rev|M15|low@3674.60
1757582072811523509,1757593449945995346,-1,1,3656.5,3664.2,3664.1499999999996,3641.2000000000003,sl,-7.85,-785.0,L-Rev|M15|low@3656.50
1757581449169684186,1757593829292509569,-1,1,3660.6,3669.7,3669.525,3642.75,sl,-9.25,-925.0,L-Rev|M15|low@3660.60
1757593915397169202,1757594800211366424,1,1,3675.7,3667.5,3667.8,3691.2000000000007,sl,-8.35,-835.0,L-Rev|M15|high@3675.50
1757638924704373211,1757640703332887112,1,1,3677.3,3682.9999999999995,3673.9999999999995,3682.9999999999995,tp,5.55,555.0,L-Rev|M15|high@3676.70
1757639462970795101,1757651450202743335,1,1,3680.9,3693.25,3674.575,3693.25,tp,12.2,1220.0,L-Rev|M15|high@3680.60
1757645626550912598,1757664673401500966,1,1,3689.7,3684.3,3684.375,3700.3499999999995,sl,-5.55,-555.0,L-Rev|M15|high@3689.60
1757684554448124836,1757684862412771533,1,1,3690.5,3685.2,3685.2500000000005,3700.999999999999,sl,-5.45,-545.0,L-Rev|M15|high@3690.40
1757640696042626154,1757898063072228059,1,1,3682.3,3666.1,3666.1499999999996,3714.3000000000006,sl,-16.35,-1635.0,L-Rev|M15|high@3682.00
1757982489465383134,1757984948687636740,1,1,3722.2,3718.5,3718.5750000000007,3729.15,sl,-3.85,-385.0,L-Rev|M15|high@3721.90
1757985628763205163,1757985955138179963,-1,1,3715.5,3718.6,3718.575,3709.3500000000004,sl,-3.25,-325.0,L-Rev|M15|low@3715.50
1757990205249182114,1757998398642259125,-1,1,3715.5,3721.5,3721.425,3703.649999999999,sl,-6.15,-615.0,L-Rev|M15|low@3715.50
1758032233528046417,1758032919896727225,1,1,3737.8,3730.7,3730.7499999999995,3751.8999999999996,sl,-7.25,-725.0,L-Rev|M15|high@3737.60
1758005171735872093,1758035056149477667,1,1,3728.7,3721.7,3721.8999999999996,3741.7000000000003,sl,-7.15,-715.0,L-Rev|M15|high@3728.40
1758053341574742274,1758072419278296992,1,1,3728.5,3724.6,3724.6,3736.3,sl,-4.05,-405.0,L-Rev|M15|high@3728.40
1758073020304610250,1758073202386428335,-1,1,3715.2,3717.5,3717.5,3710.5999999999995,sl,-2.45,-245.0,L-Rev|H1|low@3715.20
1758073020304610250,1758077614908890472,-1,1,3715.2,3720.9,3720.825,3703.95,sl,-5.85,-585.0,L-Rev|M15|low@3715.20
1758091209284498668,1758092408102627694,-1,1,3710.7,3714.2,3714.1499999999996,3703.8,sl,-3.65,-365.0,L-Rev|M15|low@3710.70
1758126128786697278,1758129628695944685,1,1,3722.9,3715.0,3715.0249999999996,3738.6499999999996,sl,-8.05,-805.0,L-Rev|M15|high@3722.70
1758132010764673782,1758132017789540763,1,1,3732.9,3728.7,3728.775,3741.15,sl,-4.35,-435.0,L-Rev|M15|high@3732.80
1758132010764673782,1758132018225020377,1,1,3732.9,3727.4,3728.05,3742.6000000000004,sl,-5.65,-565.0,L-Rev|H1|high@3732.80
1758132072262968132,1758132074494859070,-1,1,3695.4,3705.4,3703.65,3678.9,sl,-10.15,-1015.0,L-Rev|M15|low@3695.40
1758132542026651873,1758132558492698163,1,1,3741.0,3737.3,3737.4,3745.2,sl,-3.85,-385.0,L-Rev|H1|high@3739.90
1758132542026651873,1758132784097227154,1,1,3741.0,3729.2,3729.225,3761.85,sl,-11.95,-1195.0,L-Rev|M15|high@3739.90
1758173955070225191,1758175830671627325,-1,1,3686.6,3672.6500000000005,3693.575,3672.6500000000005,tp,13.8,1380.0,L-Rev|M15|low@3686.60
1758175433677172522,1758175843151927920,-1,1,3679.4,3668.2,3685.15,3668.2,tp,11.05,1105.0,L-Rev|H1|low@3679.50
1758175433677172522,1758181368141116299,-1,1,3679.4,3691.7,3691.65,3655.2,sl,-12.45,-1245.0,L-Rev|M15|low@3679.50
1758187347098416209,1758199884991401146,1,1,3705.7,3697.9,3697.9749999999995,3721.15,sl,-7.95,-795.0,L-Rev|M15|high@3705.60
1758202987672774254,1758204047578118332,-1,1,3667.3,3676.9,3676.825,3648.2500000000005,sl,-9.75,-975.0,L-Rev|M15|low@3667.30
1758244064834404479,1758246401424190929,1,1,3680.7,3677.3,3677.4500000000007,3686.9,sl,-3.55,-355.0,L-Rev|M15|high@3680.40
1758252136928205702,1758263725919525901,1,1,3684.7,3676.9,3677.1000000000004,3699.6000000000004,sl,-7.95,-795.0,L-Rev|M15|high@3684.30
1758289805640653660,1758293832587736212,1,1,3692.0,3702.500000000001,3686.7499999999995,3702.500000000001,tp,10.35,1035.0,L-Rev|M15|high@3691.90
1758290211337116986,1758295324175241388,1,1,3694.3,3708.25,3687.325,3708.25,tp,13.8,1380.0,L-Rev|M15|high@3694.10
1758295211666172240,1758295841094475336,1,1,3707.4,3703.5,3703.5,3715.2,sl,-4.05,-405.0,L-Rev|H1|high@3707.30
1758295211666172240,1758295890448403967,1,1,3707.4,3701.4,3701.4,3719.4,sl,-6.15,-615.0,L-Rev|M15|high@3707.30
1758303938077375496,1758492000214757853,1,1,3710.0,3720.0999999999995,3704.3500000000004,3720.0999999999995,tp,9.95,995.0,L-Rev|M15|high@3709.50
1758502806657046236,1758503151227750300,1,1,3727.5,3722.2,3722.3999999999996,3737.7000000000003,sl,-5.45,-545.0,L-Rev|M15|high@3727.40
1758512898945061232,1758515837209954808,1,1,3732.6,3726.1,3726.1499999999996,3745.5000000000005,sl,-6.65,-665.0,L-Rev|M15|high@3732.50
1758554684569947907,1758562121069365159,1,1,3763.3,3776.1000000000004,3756.7499999999995,3776.1000000000004,tp,12.65,1265.0,L-Rev|M15|high@3763.10
1758596167786285391,1758596458353128100,-1,1,3773.5,3778.4,3778.225,3764.05,sl,-5.05,-505.0,L-Rev|M15|low@3773.50
1758616157211308942,1758617290926802651,1,1,3793.4,3807.3,3786.15,3807.3,tp,13.75,1375.0,L-Rev|M15|high@3793.00
1758645382585075184,1758645684401164215,-1,1,3799.0,3806.5,3806.425,3784.1499999999996,sl,-7.65,-765.0,L-Rev|M15|low@3799.00
1758653797707887455,1758691420814704080,-1,1,3796.6,3805.0,3804.9249999999997,3779.95,sl,-8.55,-855.0,L-Rev|M15|low@3796.60
1758721560873855842,1758721907807456726,-1,1,3792.4,3798.7,3798.625,3779.95,sl,-6.45,-645.0,L-Rev|M15|low@3792.40
1758725627987379851,1758726093415567752,-1,1,3783.0,3787.6,3787.55,3773.8999999999996,sl,-4.75,-475.0,L-Rev|H1|low@3783.00
1758725627987379851,1758732580188061975,-1,1,3783.0,3767.55,3790.725,3767.55,tp,15.3,1530.0,L-Rev|M15|low@3783.00
1758785953217316555,1758798730114015540,1,1,3782.5,3772.3,3772.375,3802.75,sl,-10.35,-1035.0,L-Rev|M15|high@3782.20
1758804662130893813,1758804983175508413,-1,1,3762.2,3768.6,3768.5749999999994,3749.4500000000007,sl,-6.55,-655.0,L-Rev|M15|low@3762.20
1758807604622832768,1758813356753006381,-1,1,3760.5,3768.3,3768.3,3744.8999999999996,sl,-7.95,-795.0,L-Rev|M15|low@3760.50
1758837600076228136,1758842211820496755,1,1,3781.6,3771.8,3771.925,3794.6499999999996,sl,-9.95,-995.0,L-Rev|M15|high@3789.50
1758867540448334944,1758868958101186612,1,1,3783.8,3776.8,3776.875,3797.350000000001,sl,-7.15,-715.0,L-Rev|M15|high@3783.50
1758889881853559874,1758890620933431893,1,1,3785.4,3779.3,3779.3250000000003,3797.55,sl,-6.25,-625.0,L-Rev|M15|high@3785.20
1758892134432941860,1758893057514198374,1,1,3792.5,3786.1,3786.15,3804.9,sl,-6.55,-655.0,L-Rev|H1|high@3792.30
1758892133997785212,1758893091336436708,1,1,3792.0,3784.7,3784.7000000000003,3806.3,sl,-7.45,-745.0,L-Rev|M15|high@3791.70
1758892134432941860,1758893494638154734,1,1,3792.5,3783.5,3783.575,3810.3500000000004,sl,-9.15,-915.0,L-Rev|M15|high@3792.30
1758915035066389467,1759096800154888000,-1,1,3801.0,3785.4000000000005,3808.7999999999997,3785.4000000000005,tp,15.45,1545.0,L-Rev|M15|low@3801.00
1759106793363842120,1759107992614473182,1,1,3815.7,3809.6,3809.6000000000004,3824.6000000000004,sl,-6.25,-625.0,L-Rev|H1|high@3814.40
1759144529495996587,1759149080838837943,1,1,3849.5,3843.3,3843.8,3860.8999999999996,sl,-6.35,-635.0,L-Rev|M15|high@3849.40
1759179292275494135,1759184509336698905,1,1,3863.2,3856.4,3856.45,3873.999999999999,sl,-6.95,-695.0,L-Rev|M15|high@3862.20
1759158263399012457,1759202530560208474,1,1,3861.0,3884.0499999999993,3849.1750000000006,3884.0499999999993,tp,22.9,2290.0,L-Rev|M15|high@3860.60
1759220558256416381,1759220665988483582,-1,1,3850.9,3856.3,3856.3,3840.1000000000004,sl,-5.55,-555.0,L-Rev|M15|low@3850.90
1759221427274580246,1759239532823793167,-1,1,3838.6,3851.3,3851.275,3813.25,sl,-12.85,-1285.0,L-Rev|M15|low@3838.60
1759284300159970408,1759287269814621892,1,1,3899.8,3890.4,3890.45,3917.0,sl,-9.55,-955.0,L-Rev|H1|high@3899.20
1759284300159970408,1759287281199525228,1,1,3899.8,3887.4,3887.5499999999993,3923.1,sl,-12.55,-1255.0,L-Rev|M15|high@3899.20
1759299530524921525,1759300924488471285,-1,1,3883.5,3891.9,3891.45,3867.6000000000004,sl,-8.55,-855.0,L-Rev|M15|low@3883.50
1759260199186582213,1759305075525342945,1,1,3882.5,3904.1500000000015,3871.525,3904.1500000000015,tp,21.5,2150.0,L-Rev|M15|high@3882.30
1759303322970362499,1759306343539066189,1,1,3897.1,3915.55,3887.875,3915.55,tp,18.3,1830.0,L-Rev|M15|high@3897.00
1759305075535198943,1759323343622307913,1,1,3904.4,3894.0,3894.0499999999993,3925.1,sl,-10.55,-1055.0,L-Rev|M15|high@3904.10
1759341902401423547,1759347850893094764,-1,1,3882.8,3895.7,3895.625,3857.1500000000005,sl,-13.05,-1305.0,L-Rev|M15|low@3882.80
1759366800182758389,1759368228592011757,-1,1,3881.4,3888.9,3888.9,3866.4,sl,-7.65,-765.0,L-Rev|M15|low@3881.40
1759385728528639617,1759387973895399618,1,1,3897.9,3891.5,3891.5249999999996,3910.6499999999996,sl,-6.55,-655.0,L-Rev|M15|high@3897.60
1759382814025836626,1759388158549962515,1,1,3895.4,3890.5,3890.675,3904.8499999999995,sl,-5.05,-505.0,L-Rev|M15|high@3895.20
1759385832027607267,1759388158549962515,1,1,3898.7,3890.5,3890.675,3914.7499999999995,sl,-8.35,-835.0,L-Rev|M15|high@3898.50
1759411448680877499,1759412873400631328,1,1,3919.0,3905.6,3905.625000000001,3945.4500000000003,sl,-13.55,-1355.0,L-Rev|M15|high@3918.80
1759414810814897377,1759415826361256591,-1,1,3886.3,3875.5,3892.15,3875.5,tp,10.65,1065.0,L-Rev|M15|low@3886.60
1759415826241108478,1759416005974787816,-1,1,3876.5,3866.4,3882.3,3866.4,tp,9.95,995.0,L-Rev|H1|low@3877.00
1759415826241108478,1759416280964854711,-1,1,3876.5,3861.3999999999996,3884.8,3861.3999999999996,tp,14.95,1495.0,L-Rev|M15|low@3877.00
1759454558893139322,1759455906084948448,-1,1,3876.0,3880.6,3880.5,3867.0,sl,-4.75,-475.0,L-Rev|M15|low@3876.00
1759486523666845787,1759490222510775208,1,1,3889.3,3882.6,3882.6749999999997,3902.25,sl,-6.85,-685.0,L-Rev|M15|high@3889.00
1759716040540802566,1759725906591273749,1,1,3945.7,3963.9999999999995,3936.1000000000004,3963.9999999999995,tp,18.15,1815.0,L-Rev|M15|high@3945.20
1759737720030319965,1759745288832172141,1,1,3969.2,3958.1,3958.2999999999997,3990.7,sl,-11.25,-1125.0,L-Rev|M15|high@3969.00
1759759389219191535,1759788700736120629,1,1,3973.9,3995.9500000000007,3962.875,3995.9500000000007,tp,21.9,2190.0,L-Rev|M15|high@3973.70
1759788700526089842,1759790437111857010,1,1,3994.9,3986.5,3986.5249999999996,4011.050000000001,sl,-8.55,-855.0,L-Rev|M15|high@3994.50
1759819370806753248,1759824373368647701,-1,1,3978.7,3964.2999999999993,3985.9,3964.2999999999993,tp,14.25,1425.0,L-Rev|M15|low@3978.70
1759837167204383309,1759841727407315597,1,1,3986.7,4002.15,3978.9749999999995,4002.15,tp,15.3,1530.0,L-Rev|M15|high@3986.60
1759841565925140505,1759844483679508167,1,1,4001.0,3993.8,3993.875,4013.1499999999996,sl,-7.35,-735.0,L-Rev|H1|high@4000.10
1759841565925140505,1759846526660286448,1,1,4001.0,3991.4,3992.05,4016.8,sl,-9.75,-975.0,L-Rev|M15|high@4000.10
1759841543004760119,1759852012307229113,1,1,3999.4,3990.8,3990.85,4016.499999999999,sl,-8.75,-875.0,L-Rev|M15|high@3999.20
1759927207508290053,1759928345566007955,-1,1,4052.5,4062.3,4062.25,4033.0,sl,-9.95,-995.0,L-Rev|M15|low@4052.50
1759935941969127034,1759936446369987066,1,1,4071.7,4062.6,4062.625,4089.8499999999995,sl,-9.25,-925.0,L-Rev|M15|high@4071.50
1760017576628649691,1760017605404778589,-1,1,4041.1,4048.6,4048.6,4026.1,sl,-7.65,-765.0,L-Rev|M15|low@4041.10
1760017372568209189,1760018399757144311,-1,1,4052.5,4034.2000000000007,4062.1,4034.2000000000007,tp,18.15,1815.0,L-Rev|M15|low@4052.80
1760020204792935279,1760020692248446870,-1,1,4018.9,4028.7,4028.625,4000.35,sl,-9.95,-995.0,L-Rev|H1|low@4019.20
1760020204792935279,1760021371409444669,-1,1,4018.9,4035.7,4035.6249999999995,3986.3500000000004,sl,-16.95,-1695.0,L-Rev|M15|low@4019.20
1760087334560804062,1760100509697546143,1,1,4009.8,3995.8,3995.85,4037.7,sl,-14.15,-1415.0,L-Rev|M15|high@4009.70
1760345398037201575,1760366338990940766,1,1,4096.7,4119.2,4085.45,4119.2,tp,22.35,2235.0,L-Rev|M15|high@4096.50
1760423017429845089,1760423072544504419,-1,1,4110.3,4117.0,4116.900000000001,4097.1,sl,-6.85,-685.0,L-Rev|M15|low@4110.30
1760460441145088794,1760487165498332903,1,1,4162.2,4186.500000000002,4149.6,4186.500000000002,tp,24.15,2415.0,L-Rev|M15|high@4161.80
1760479993416103464,1760490278849355293,1,1,4172.6,4191.050000000001,4162.925000000001,4191.050000000001,tp,18.3,1830.0,L-Rev|M15|high@4172.10
1760490278849355293,1760511123590724949,1,1,4192.4,4215.85,4178.875,4215.85,tp,23.3,2330.0,L-Rev|H1|high@4190.90
1760490278849355293,1760618181782181618,1,1,4192.4,4265.25,4153.875,4265.25,tp,72.7,7270.0,L-Rev|M15|high@4190.90
1760555991536839068,1760620933527591474,1,1,4227.8,4266.949999999999,4208.225,4266.949999999999,tp,39.0,3900.0,L-Rev|M15|high@4227.70
1760644414338146302,1760648060783533394,1,1,4315.0,4345.949999999999,4299.375,4345.949999999999,tp,30.8,3080.0,L-Rev|M15|high@4314.70
1760709954053484211,1760709960036785681,-1,1,4237.3,4247.1,4246.75,4218.4000000000015,sl,-9.95,-995.0,L-Rev|M15|low@4237.30
1760709919620321440,1760710265493402348,-1,1,4241.9,4261.4,4261.324999999999,4203.05,sl,-19.65,-1965.0,L-Rev|M15|low@4241.90
1760718569479671439,1760725596624930562,-1,1,4226.0,4256.3,4256.225,4165.549999999999,sl,-30.45,-3045.0,L-Rev|M15|low@4226.00
1760960264181879712,1760962748992004544,1,1,4281.0,4303.65,4269.675,4303.65,tp,22.5,2250.0,L-Rev|M15|high@4280.70
1760984952980702271,1760990147179367114,1,1,4372.6,4393.199999999999,4362.150000000001,4393.199999999999,tp,20.45,2045.0,L-Rev|M15|high@4372.30
1761023527752143035,1761032135196115875,-1,1,4348.4,4313.449999999998,4365.875,4313.449999999998,tp,34.8,3480.0,L-Rev|M15|low@4348.40
1761034497652067381,1761034539093701713,-1,1,4259.5,4271.6,4271.575,4235.35,sl,-12.25,-1225.0,L-Rev|M15|low@4259.50
1761048641759311251,1761050782637037283,-1,1,4257.6,4219.9,4276.599999999999,4219.9,tp,37.55,3755.0,L-Rev|M15|low@4257.70
1761048858342467616,1761054499256138827,-1,1,4229.4,4187.4,4250.849999999999,4187.4,tp,41.85,4185.0,L-Rev|M15|low@4229.70
1761091120421289226,1761091570381254059,-1,1,4105.0,4063.300000000001,4125.849999999999,4063.300000000001,tp,41.55,4155.0,L-Rev|M15|low@4105.00
1761198817168416348,1761199470842400006,1,1,4116.7,4135.950000000001,4106.924999999999,4135.950000000001,tp,19.1,1910.0,L-Rev|M15|high@4116.40
1761199467076832255,1761204943783450999,1,1,4134.0,4115.4,4115.775,4170.450000000001,sl,-18.75,-1875.0,L-Rev|M15|high@4133.60
1761225488092001473,1761249351075533812,1,1,4153.6,4132.8,4132.85,4194.499999999999,sl,-20.95,-2095.0,L-Rev|M15|high@4152.90
1761223227121329818,1761262369218251747,1,1,4141.0,4121.2,4121.424999999999,4180.150000000001,sl,-19.95,-1995.0,L-Rev|M15|high@4140.70
1761262368937658077,1761263554167217111,-1,1,4123.3,4139.0,4138.875,4092.75,sl,-15.85,-1585.0,L-Rev|M15|low@4123.50
1761248058768374068,1761267808488157403,-1,1,4141.0,4151.8,4151.650000000001,4119.699999999999,sl,-10.95,-1095.0,L-Rev|M15|low@4141.00
1761279855854631035,1761292313782874763,-1,1,4121.2,4090.599999999999,4136.5,4090.599999999999,tp,30.45,3045.0,L-Rev|M15|low@4121.20
1761285779364746236,1761293449854297018,-1,1,4113.6,4070.4999999999995,4135.3,4070.4999999999995,tp,42.95,4295.0,L-Rev|M15|low@4113.70
1761159812665886154,1761293752399664367,1,1,4101.4,4065.0,4065.0249999999996,4174.15,sl,-36.55,-3655.0,L-Rev|M15|high@4101.00
1761563478819741302,1761567893860535217,-1,1,4032.0,4053.8,4053.7749999999996,3995.05,sl,-21.95,-2195.0,L-Rev|M15|low@4034.20
1761572864686826760,1761577634347111237,-1,1,4027.0,3989.75,4047.125,3989.75,tp,37.1,3710.0,L-Rev|M15|low@4028.00
1761610856635557056,1761611588368324535,-1,1,3992.2,4008.1,4008.0499999999997,3966.2,sl,-16.05,-1605.0,L-Rev|M15|low@3994.10
1761613252525614428,1761618114671647800,1,1,4026.1,4013.0,4013.0499999999993,4052.2000000000007,sl,-13.25,-1325.0,L-Rev|M15|high@4025.80
1761657536478357636,1761658889626878885,1,1,3947.2,3931.4,3931.5999999999995,3978.4,sl,-15.95,-1595.0,L-Rev|M15|high@3947.00
1761689252168494765,1761689263017119854,-1,1,3958.5,3933.1499999999996,3972.075,3933.1499999999996,tp,25.2,2520.0,L-Rev|M15|low@3959.10
1761697780833365758,1761705095671890030,1,1,3986.0,3972.5,3972.6999999999994,4012.3,sl,-13.65,-1365.0,L-Rev|M15|high@3985.70
1761720406262785949,1761726641670655477,1,1,3996.1,4025.5499999999993,3981.2249999999995,4025.5499999999993,tp,29.3,2930.0,L-Rev|M15|high@3995.70
1761731120449196043,1761745114236673233,1,1,4034.6,4020.2,4020.275,4063.25,sl,-14.55,-1455.0,L-Rev|H1|high@4034.20
1761763316474232622,1761763521028932224,-1,1,3957.2,3973.0,3972.4249999999997,3926.75,sl,-15.95,-1595.0,L-Rev|M15|low@3957.20
1761798850579220871,1761802281323117669,1,1,3978.7,3959.7,3959.7249999999995,4016.65,sl,-19.15,-1915.0,L-Rev|M15|high@3978.20
1761815850067888550,1761816284506152167,1,1,4023.6,4013.1,4013.175,4044.1499999999996,sl,-10.65,-1065.0,L-Rev|H1|high@4046.20
1761815755614875856,1761823191876708706,1,1,4022.2,3983.0,3983.0499999999997,4100.5,sl,-39.35,-3935.0,L-Rev|M15|high@4021.70
1761814872619366499,1761829106250320385,1,1,3996.6,3973.4,3973.425,4042.9499999999994,sl,-23.35,-2335.0,L-Rev|M15|high@3996.00
1761864641510529578,1761875641794033879,1,1,4046.9,4031.1,4031.1749999999997,4076.8499999999995,sl,-15.95,-1595.0,L-Rev|M15|high@4046.20
1761846413399169077,1761880402519470878,1,1,4028.7,4007.4,4007.4500000000007,4070.9,sl,-21.45,-2145.0,L-Rev|M15|high@4028.30
1761914350757251632,1761918142094379778,1,1,4038.9,4026.6,4026.65,4063.1000000000004,sl,-12.45,-1245.0,L-Rev|M15|high@4038.50
1761926983184166047,1761927307052713376,-1,1,4010.0,3987.8,4021.1,3987.8,tp,22.05,2205.0,L-Rev|M15|low@4010.00
1762136477445732136,1762137000580076230,1,1,4015.4,4005.0,4005.075,4035.45,sl,-10.55,-1055.0,L-Rev|H1|high@4049.20
1762163112264412954,1762169166705737548,-1,1,4007.0,4016.9,4016.8999999999996,3987.2000000000003,sl,-10.05,-1005.0,L-Rev|M15|low@4007.00
1762182001099896535,1762183679051961318,1,1,4039.1,4022.3,4022.4999999999995,4071.9999999999995,sl,-16.95,-1695.0,L-Rev|M15|high@4038.70
1762211243447203533,1762211632397216529,-1,1,4007.0,3990.2999999999993,4015.5,3990.2999999999993,tp,16.55,1655.0,L-Rev|M15|low@4007.10
1762211579403192908,1762221780853051703,-1,1,4005.5,3987.0999999999995,4015.4500000000003,3987.0999999999995,tp,18.25,1825.0,L-Rev|M15|low@4006.00
1762211602395156823,1762236114583269887,-1,1,4003.0,3979.75,4015.0750000000003,3979.75,tp,23.1,2310.0,L-Rev|M15|low@4003.30
1762235100511122264,1762240227654217053,-1,1,3984.2,3997.6,3997.5499999999997,3957.5,sl,-13.55,-1355.0,L-Rev|M15|low@3984.20
1762243721583658370,1762244123496135598,1,1,4009.7,4001.0,4001.0499999999997,4026.7,sl,-8.85,-885.0,L-Rev|M15|high@4009.20
1762259614654265541,1762261893196942121,-1,1,3995.4,4003.9,4003.875,3978.45,sl,-8.65,-865.0,L-Rev|M15|low@3995.40
1762265143981975327,1762266842320058983,-1,1,3974.8,3949.05,3987.975,3949.05,tp,25.6,2560.0,L-Rev|M15|low@3975.00
1762361215565773665,1762383600368740477,1,1,3995.9,3981.9,3982.9249999999997,4021.8499999999995,sl,-14.15,-1415.0,L-Rev|M15|high@3995.60
1762429094743815862,1762432510898038667,1,1,4026.3,4019.8,4019.8250000000003,4038.9500000000003,sl,-6.65,-665.0,L-Rev|M15|high@4026.00
1762450025670378704,1762450360055055262,-1,1,3973.2,3979.1,3979.025,3961.5499999999993,sl,-6.05,-605.0,L-Rev|H1|low@3973.20
1762450025670378704,1762450598893712409,-1,1,3973.2,3982.6,3982.575,3954.45,sl,-9.55,-955.0,L-Rev|M15|low@3973.20
1762477806490678374,1762484925740371085,1,1,4003.9,3997.1,3997.15,4017.4,sl,-6.95,-695.0,L-Rev|M15|high@4003.70
1762498138214931414,1762515211541132271,1,1,4011.6,4003.4,4003.5500000000006,4027.4000000000005,sl,-8.35,-835.0,L-Rev|M15|high@4011.30
1762526248081792633,1762526565686315789,-1,1,3992.6,3998.9,3998.6749999999997,3980.45,sl,-6.45,-645.0,L-Rev|M15|low@3992.60
1762533334896049731,1762534445845219004,1,1,4028.9,4021.5,4021.5,4043.6999999999994,sl,-7.55,-755.0,L-Rev|H1|high@4028.70
1762533334903167097,1762534517786185041,1,1,4029.0,4019.2,4019.2499999999995,4048.500000000001,sl,-9.95,-995.0,L-Rev|M15|high@4028.70
1762533101685321095,1762534693101872803,1,1,4022.9,4015.3,4015.4,4037.9,sl,-7.75,-775.0,L-Rev|M15|high@4022.60
1762747422863252321,1762756715632691115,1,1,4062.1,4086.55,4049.875,4086.55,tp,24.3,2430.0,L-Rev|M15|high@4062.00
1762776079865562853,1762779787531038888,1,1,4095.4,4113.700000000001,4086.25,4113.700000000001,tp,18.15,1815.0,L-Rev|M15|high@4095.10
1762847506284359518,1762848291877950937,-1,1,4131.4,4140.9,4140.85,4112.499999999999,sl,-9.65,-965.0,L-Rev|M15|low@4131.40
1762868187839344182,1762869908753279757,1,1,4153.1,4145.4,4145.4,4167.0,sl,-7.85,-785.0,L-Rev|M15|high@4152.40
1762871610455445914,1762874606171928766,-1,1,4131.0,4111.549999999999,4141.025,4111.549999999999,tp,19.3,1930.0,L-Rev|M15|low@4131.20
1762902990457442310,1762909221198995946,1,1,4141.1,4135.0,4135.0,4153.299999999999,sl,-6.25,-625.0,L-Rev|H1|high@4153.40
1762950092115990507,1762953001873849311,1,1,4139.8,4129.7,4129.75,4159.9000000000015,sl,-10.25,-1025.0,L-Rev|M15|high@4139.60
1762960215130731332,1762960304655076991,1,1,4156.1,4164.049999999999,4150.775,4164.049999999999,tp,7.8,780.0,L-Rev|H1|high@4155.00
1762960205535241901,1762960306998565137,1,1,4152.0,4164.85,4145.125,4164.85,tp,12.7,1270.0,L-Rev|H1|high@4151.50
1762959089097661787,1762960469135234909,1,1,4146.2,4168.999999999998,4134.799999999999,4168.999999999998,tp,22.65,2265.0,L-Rev|M15|high@4145.90
1762960205535241901,1762960562687291922,1,1,4152.0,4170.6,4142.250000000001,4170.6,tp,18.45,1845.0,L-Rev|M15|high@4151.50
1762960215130731332,1762960636636049758,1,1,4156.1,4175.9,4144.849999999999,4175.9,tp,19.65,1965.0,L-Rev|M15|high@4155.00
1762960210270726758,1762961620849615590,1,1,4153.7,4181.9,4139.5999999999985,4181.9,tp,28.05,2805.0,L-Rev|M15|high@4153.40
1763042905667387923,1763044979212059046,-1,1,4223.3,4199.699999999999,4236.150000000001,4199.699999999999,tp,23.45,2345.0,L-Rev|M15|low@4224.00
1763044934037758748,1763058683470261531,-1,1,4206.9,4183.200000000001,4218.749999999999,4183.200000000001,tp,23.55,2355.0,L-Rev|M15|low@4206.90
1763058683441376716,1763058796463471450,-1,1,4183.2,4168.65,4190.474999999999,4168.65,tp,14.4,1440.0,L-Rev|H1|low@4183.20
1763058683441376716,1763059125688685312,-1,1,4183.2,4151.1,4199.25,4151.1,tp,31.95,3195.0,L-Rev|M15|low@4183.20
1763058671370220296,1763088650894660458,-1,1,4188.6,4210.9,4210.800000000001,4144.2,sl,-22.45,-2245.0,L-Rev|M15|low@4188.60
1763101714744670071,1763108359585463425,-1,1,4175.9,4187.7,4187.375,4153.8499999999985,sl,-11.95,-1195.0,L-Rev|M15|low@4176.20
1763119030825722333,1763120172180994180,-1,1,4148.0,4158.7,4158.6,4128.299999999999,sl,-10.85,-1085.0,L-Rev|H1|low@4148.50
1763119030825722333,1763123313982989642,-1,1,4148.0,4114.75,4165.375,4114.75,tp,33.1,3310.0,L-Rev|M15|low@4148.50
1763356680795844858,1763357763791602220,-1,1,4070.5,4052.5,4079.5,4052.5,tp,17.85,1785.0,L-Rev|M15|low@4070.50
1763357170169220827,1763364567795246377,-1,1,4062.6,4079.6,4079.325,4029.1499999999996,sl,-17.15,-1715.0,L-Rev|M15|low@4062.60
1763395451417104721,1763400044957024818,-1,1,4059.3,4080.0,4079.975,4019.4500000000007,sl,-20.85,-2085.0,L-Rev|M15|low@4059.80
1763407929869242431,1763408124121462524,-1,1,4052.8,4031.9500000000007,4063.6749999999993,4031.9500000000007,tp,20.7,2070.0,L-Rev|M15|low@4053.10
1763407935031517831,1763408418995334737,-1,1,4050.5,4028.3999999999996,4062.45,4028.3999999999996,tp,21.95,2195.0,L-Rev|H1|low@4051.10
1763407935031517831,1763408527824795676,-1,1,4050.5,4024.7,4064.2999999999997,4024.7,tp,25.65,2565.0,L-Rev|M15|low@4051.10
1763439422863081127,1763440069878499143,-1,1,4005.3,4017.0,4016.8500000000004,3986.7,sl,-11.85,-1185.0,L-Rev|M15|low@4006.80
1763449941781338407,1763452106093815116,-1,1,4001.7,4016.3,4016.3,3974.8999999999996,sl,-14.75,-1475.0,L-Rev|M15|low@4002.50
1763453638802229341,1763472222912002833,1,1,4025.2,4050.1000000000004,4012.7499999999995,4050.1000000000004,tp,24.75,2475.0,L-Rev|M15|high@4024.80
1763472222912002833,1763474677583509429,1,1,4050.5,4073.8999999999996,4038.8,4073.8999999999996,tp,23.25,2325.0,L-Rev|M15|high@4050.20
1763472911246548234,1763481785039595494,1,1,4055.8,4040.2,4040.3500000000004,4086.7,sl,-15.75,-1575.0,L-Rev|M15|high@4055.40
1763495880346129698,1763497544820259571,1,1,4082.9,4071.2,4071.275,4106.15,sl,-11.85,-1185.0,L-Rev|M15|high@4082.50
1763495880331279929,1763515108250262222,1,1,4082.7,4060.8,4060.8499999999995,4126.1,sl,-22.05,-2205.0,L-Rev|M15|high@4082.30
1763520249355745358,1763524846852688506,1,1,4078.3,4065.2,4065.2499999999995,4104.4,sl,-13.25,-1325.0,L-Rev|M15|high@4078.20
1763529393545277162,1763532046727248128,1,1,4084.4,4099.05,4076.7749999999996,4099.05,tp,14.5,1450.0,L-Rev|M15|high@4083.70
1763529389089801441,1763545570932107930,1,1,4081.6,4100.8,4072.0,4100.8,tp,19.05,1905.0,L-Rev|M15|high@4081.30
1763545570909757195,1763564129530917346,1,1,4100.4,4122.050000000001,4089.4249999999997,4122.050000000001,tp,21.5,2150.0,L-Rev|M15|high@4100.00
1763564117532538308,1763567121977533973,1,1,4121.2,4109.0,4109.05,4145.5,sl,-12.35,-1235.0,L-Rev|M15|high@4121.00
1763567606339896325,1763571814132838983,-1,1,4100.0,4067.8499999999995,4117.575000000001,4067.8499999999995,tp,32.0,3200.0,L-Rev|M15|low@4101.00
1763572095791093873,1763572166547319002,-1,1,4056.0,4062.6,4062.55,4043.2,sl,-6.75,-675.0,L-Rev|H1|low@4056.10
1763572095791093873,1763572275454985205,-1,1,4056.0,4065.8,4065.7,4036.8999999999996,sl,-9.95,-995.0,L-Rev|M15|low@4056.10
1763569571625822855,1763578377146497270,-1,1,4078.2,4091.5,4091.475,4051.6499999999996,sl,-13.45,-1345.0,L-Rev|M15|low@4078.20
1763595471645886575,1763603971002421260,1,1,4092.9,4081.9,4081.9249999999997,4114.549999999999,sl,-11.15,-1115.0,L-Rev|M15|high@4092.40
1763604427624527165,1763605144658601250,-1,1,4065.0,4034.5499999999997,4080.2250000000004,4034.5499999999997,tp,30.3,3030.0,L-Rev|M15|low@4065.00
1763657878888818223,1763661342790707959,-1,1,4049.6,4064.3,4064.2999999999997,4020.2,sl,-14.85,-1485.0,L-Rev|M15|low@4049.60
1763704269068170845,1763704586708750318,-1,1,4042.6,4050.2,4050.05,4027.7,sl,-7.75,-775.0,L-Rev|H1|low@4042.60
1763704269068170845,1763704809162281169,-1,1,4042.6,4058.9,4058.725,4010.35,sl,-16.45,-1645.0,L-Rev|M15|low@4042.60
1763706496420290270,1763716455337919214,-1,1,4037.0,4055.1,4055.1,4002.0,sl,-18.25,-1825.0,L-Rev|M15|low@4037.40
1763729131381316063,1763743851955409943,1,1,4063.6,4088.5000000000005,4051.1499999999996,4088.5000000000005,tp,24.75,2475.0,L-Rev|M15|high@4063.40
1763728332324749655,1763743857740950315,1,1,4061.3,4092.0499999999997,4045.0250000000005,4092.0499999999997,tp,30.6,3060.0,L-Rev|M15|high@4060.50
1763743851989936225,1763749800582635318,1,1,4089.8,4077.6,4077.6250000000005,4113.85,sl,-12.35,-1235.0,L-Rev|M15|high@4089.40
1763743801573308620,1763757001406806448,1,1,4083.3,4065.4,4065.875,4117.85,sl,-18.05,-1805.0,L-Rev|M15|high@4082.90
1763758253820133839,1763939274100338126,-1,1,4053.4,4070.1,4070.05,4020.1000000000004,sl,-16.85,-1685.0,L-Rev|M15|low@4053.40
1763961735400706708,1763964346805077084,-1,1,4037.2,4049.4,4049.2749999999996,4013.05,sl,-12.35,-1235.0,L-Rev|M15|low@4037.20
1763946690312434970,1763970250110003297,-1,1,4052.1,4064.5,4062.775,4031.0499999999993,sl,-12.55,-1255.0,L-Rev|M15|low@4052.20
1763988172121920644,1763995260400894919,1,1,4074.8,4066.0,4066.075,4091.0500000000006,sl,-8.95,-895.0,L-Rev|M15|high@4074.00
1764037869828156667,1764055787100949940,1,1,4144.0,4129.0,4132.650000000001,4166.400000000001,sl,-15.15,-1515.0,L-Rev|M15|high@4142.80
1764092037019407117,1764093093334226328,1,1,4152.6,4145.0,4145.175,4167.450000000001,sl,-7.75,-775.0,L-Rev|H1|high@4152.00
1764284950154576519,1764289701169116215,1,1,4194.0,4203.899999999998,4189.049999999999,4203.899999999998,tp,9.75,975.0,L-Rev|M15|high@4193.90
1764288440280345927,1764290084084026935,1,1,4199.9,4208.25,4195.575000000001,4208.25,tp,8.2,820.0,L-Rev|H1|high@4199.70
1764285126266425673,1764290087548452705,1,1,4195.4,4208.749999999999,4188.725,4208.749999999999,tp,13.2,1320.0,L-Rev|M15|high@4195.00
1764288440280345927,1764290093636573761,1,1,4199.9,4214.9,4192.4,4214.9,tp,14.85,1485.0,L-Rev|M15|high@4199.70
1764290087566329803,1764294128941842415,1,1,4209.5,4226.15,4200.724999999999,4226.15,tp,16.5,1650.0,L-Rev|H4|high@4209.00
1764552446453254827,1764566228476298723,1,1,4270.2,4258.1,4258.8,4293.0,sl,-12.25,-1225.0,L-Rev|M15|high@4269.80
1764583475052076826,1764593711852976567,1,1,4292.1,4281.2,4281.275000000001,4313.449999999999,sl,-11.05,-1105.0,L-Rev|M15|high@4291.80
1764596459151584552,1764597061869401527,1,1,4298.2,4288.0,4288.250000000002,4317.5,sl,-10.35,-1035.0,L-Rev|M15|high@4297.80
1764576189370940948,1764599752538209798,1,1,4282.1,4270.0,4270.099999999999,4306.099999999999,sl,-12.25,-1225.0,L-Rev|M15|high@4281.90
1764637350833771464,1764637778398937091,-1,1,4252.3,4237.85,4259.525000000001,4237.85,tp,14.3,1430.0,L-Rev|H1|low@4252.30
1764637436470305639,1764637778639356550,-1,1,4248.0,4227.299999999999,4258.35,4227.299999999999,tp,20.55,2055.0,L-Rev|M15|low@4248.00
1764637350833771464,1764637788825538923,-1,1,4252.3,4215.25,4270.825,4215.25,tp,36.9,3690.0,L-Rev|M15|low@4252.30
1764637778216813935,1764637788825538923,-1,1,4241.1,4218.300000000001,4252.5,4218.300000000001,tp,22.65,2265.0,L-Rev|M15|low@4241.10
1764655405575470030,1764656476713306486,1,1,4257.5,4250.2,4250.299999999999,4271.900000000001,sl,-7.45,-745.0,L-Rev|M15|high@4257.40
1764667043576795049,1764668182755390108,-1,1,4234.4,4213.699999999999,4244.75,4213.699999999999,tp,20.55,2055.0,L-Rev|M15|low@4234.40
1764685520270836330,1764686523274859360,1,1,4258.5,4248.1,4248.15,4279.200000000001,sl,-10.55,-1055.0,L-Rev|M15|high@4258.10
1764690881928509203,1764693728899798207,-1,1,4208.5,4220.7,4220.7,4189.2,sl,-12.35,-1235.0,L-Rev|M15|low@4210.20
1764769946260697987,1764770100871350250,1,1,4260.6,4269.15,4255.875,4269.15,tp,8.4,840.0,L-Rev|H1|high@4260.10
1764769961587788164,1764770883330045345,1,1,4262.5,4254.4,4254.449999999999,4278.599999999999,sl,-8.25,-825.0,L-Rev|H1|high@4262.20
1764769946260697987,1764770887248757491,1,1,4260.6,4253.3,4253.325,4274.25,sl,-7.45,-745.0,L-Rev|M15|high@4260.10
1764769961587606757,1764773627352757073,1,1,4262.4,4241.9,4241.924999999999,4303.35,sl,-20.65,-2065.0,L-Rev|M15|high@4262.20
1764813757240552646,1764817374141966939,-1,1,4232.3,4217.9,4239.5,4217.9,tp,14.25,1425.0,L-Rev|M15|low@4232.30
1764826685781412775,1764832553318930323,-1,1,4216.0,4223.0,4223.0,4202.300000000001,sl,-7.15,-715.0,L-Rev|M15|low@4216.10
1764857751357508628,1764859322666878091,1,1,4236.6,4226.6,4226.775,4256.249999999998,sl,-10.15,-1015.0,L-Rev|M15|high@4236.40
1764865037891848700,1764875228819613568,1,1,4247.6,4236.6,4236.674999999999,4267.949999999999,sl,-11.15,-1115.0,L-Rev|M15|high@4246.90
1764896875701182015,1764902707614138456,-1,1,4229.9,4235.5,4235.449999999999,4218.8,sl,-5.75,-575.0,L-Rev|M15|low@4229.90
1764907568529857643,1764912603772229012,1,1,4241.0,4251.200000000001,4235.9,4251.200000000001,tp,10.05,1005.0,L-Rev|M15|high@4240.90
1764912603772229012,1764918667367555515,1,1,4252.0,4260.55,4246.525,4260.55,tp,8.4,840.0,L-Rev|H1|high@4251.10
1764912603772229012,1764946052220215807,1,1,4252.0,4273.050000000001,4240.424999999999,4273.050000000001,tp,20.9,2090.0,L-Rev|M15|high@4251.10
1764946052220215807,1764950990810007844,1,1,4273.9,4260.1,4260.175,4300.450000000001,sl,-13.95,-1395.0,L-Rev|H4|high@4273.30
1764951113837347740,1764951290733812782,-1,1,4245.8,4235.6,4250.900000000001,4235.6,tp,10.05,1005.0,L-Rev|M15|low@4245.80
1764969592621542859,1765148400783699002,-1,1,4224.6,4229.9,4229.35,4215.1,sl,-5.45,-545.0,L-Rev|H1|low@4224.60
1764969592621542859,1765148400791452030,-1,1,4224.6,4235.5,4233.6,4206.6,sl,-11.05,-1105.0,L-Rev|M15|low@4224.60
1764969381855347142,1765155420757559596,-1,1,4227.8,4241.2,4241.150000000001,4201.1,sl,-13.55,-1355.0,L-Rev|M15|low@4227.80
1765163862108522974,1765180850178482137,1,1,4241.6,4232.8,4232.825000000001,4259.15,sl,-8.95,-895.0,L-Rev|M15|high@4241.30
1765180849968383975,1765181156133283160,-1,1,4233.2,4241.0,4241.0,4217.6,sl,-7.95,-795.0,L-Rev|M15|low@4233.20
1765189871193627274,1765193800260278881,-1,1,4231.8,4241.2,4241.025000000001,4213.35,sl,-9.55,-955.0,L-Rev|M15|low@4231.80
1765201896463789900,1765202821094262913,-1,1,4229.0,4236.6,4236.425,4214.15,sl,-7.75,-775.0,L-Rev|M15|low@4229.00
1765206002212117138,1765206425374437026,-1,1,4221.4,4209.0,4227.599999999999,4209.0,tp,12.25,1225.0,L-Rev|H1|low@4221.40
1765206002212117138,1765206588759381656,-1,1,4221.4,4206.4,4228.9,4206.4,tp,14.85,1485.0,L-Rev|M15|low@4221.40
1765242188375263351,1765246465434061181,1,1,4225.2,4220.2,4220.45,4234.4,sl,-5.15,-515.0,L-Rev|M15|high@4224.80
1765250994971663441,1765255098581606778,1,1,4226.6,4220.9,4220.900000000001,4238.0,sl,-5.85,-585.0,L-Rev|M15|high@4226.50
1765256100448305131,1765260573095309477,-1,1,4214.4,4204.05,4219.574999999999,4204.05,tp,10.2,1020.0,L-Rev|M15|low@4214.40
1765271100370753527,1765271928283552567,1,1,4227.7,4239.25,4221.925,4239.25,tp,11.4,1140.0,L-Rev|M15|high@4227.60
1765296666660437851,1765297092838118572,1,1,4248.3,4243.0,4243.074999999999,4258.749999999999,sl,-5.45,-545.0,L-Rev|H1|high@4247.90
1765296666659207403,1765297155716353412,1,1,4248.2,4241.1,4241.45,4261.7,sl,-7.25,-725.0,L-Rev|M15|high@4247.90
1765295943230438200,1765300995311631201,1,1,4244.2,4235.3,4235.374999999999,4256.750000000002,sl,-9.05,-905.0,L-Rev|M15|high@4242.30
1765295947809039403,1765303066381693004,1,1,4245.5,4232.0,4232.0,4272.5,sl,-13.65,-1365.0,L-Rev|M15|high@4245.10
1765343952270724954,1765344891932378039,-1,1,4230.1,4236.9,4236.85,4216.6,sl,-6.95,-695.0,L-Rev|M15|low@4230.10
1765338745436569271,1765345670185685968,-1,1,4235.2,4242.1,4242.099999999999,4221.4,sl,-7.05,-705.0,L-Rev|M15|low@4235.20
1765393200614683174,1765393204222882447,-1,1,4216.0,4225.2,4225.075000000001,4199.65,sl,-9.35,-935.0,L-Rev|M15|low@4216.60
1765362689321707091,1765393234780643876,-1,1,4218.0,4238.1,4238.025,4177.950000000001,sl,-20.25,-2025.0,L-Rev|M15|low@4218.00
1765393758204847484,1765393804077711570,1,1,4248.0,4243.8,4243.8,4256.4,sl,-4.35,-435.0,L-Rev|H1|high@4247.90
1765393758228124636,1765393819350734165,1,1,4248.1,4242.5,4242.624999999999,4259.049999999999,sl,-5.75,-575.0,L-Rev|M15|high@4247.90
1765393705665747376,1765394059212697974,1,1,4242.8,4236.8,4236.8,4254.8,sl,-6.15,-615.0,L-Rev|M15|high@4242.60
1765397054773130928,1765397497128520029,1,1,4252.0,4259.15,4248.275,4259.15,tp,7.0,700.0,L-Rev|H1|high@4251.70
1765397054773130928,1765411951164516682,1,1,4252.0,4270.050000000001,4242.825000000001,4270.050000000001,tp,17.9,1790.0,L-Rev|M15|high@4251.70
1765462234095646199,1765463875464562845,1,1,4254.2,4269.799999999998,4246.4,4269.799999999998,tp,15.45,1545.0,L-Rev|M15|high@4253.90
1765467653912628425,1765468276363462167,1,1,4278.0,4288.75,4272.474999999999,4288.75,tp,10.6,1060.0,L-Rev|H1|high@4277.70
1765467653912628425,1765471661048790571,1,1,4278.0,4297.1,4268.299999999999,4297.1,tp,18.95,1895.0,L-Rev|M15|high@4277.70
1765552794107333725,1765553408044675043,-1,1,4356.4,4326.35,4371.575,4326.35,tp,29.9,2990.0,L-Rev|M15|low@4356.50
1765557605092451633,1765557858473989698,-1,1,4292.6,4301.4,4301.300000000001,4275.2,sl,-8.95,-895.0,L-Rev|M15|low@4292.60
1765557549156875044,1765557862941348707,-1,1,4295.5,4303.6,4303.375,4279.75,sl,-8.25,-825.0,L-Rev|M15|low@4295.50
1765557528963039080,1765557863307597930,-1,1,4296.8,4303.8,4303.75,4283.5,sl,-7.15,-715.0,L-Rev|M15|low@4297.00
1765816592526802804,1765817071230146255,-1,1,4319.2,4327.1,4326.849999999999,4303.9,sl,-8.05,-805.0,L-Rev|M15|low@4319.20
1765847192589302571,1765847778388428416,-1,1,4327.9,4334.3,4334.2,4315.299999999999,sl,-6.55,-655.0,L-Rev|M15|low@4327.90
1765853870618008496,1765863009950191329,-1,1,4315.6,4303.85,4321.924999999999,4303.85,tp,11.6,1160.0,L-Rev|H1|low@4315.90
1765862990679520470,1765866166573482094,-1,1,4307.2,4316.0,4315.975,4289.649999999999,sl,-8.95,-895.0,L-Rev|M15|low@4307.20
1765853870618008496,1765891227653518367,-1,1,4315.6,4327.0,4326.924999999999,4293.85,sl,-11.55,-1155.0,L-Rev|M15|low@4315.90
1765893780948760720,1765895637309214748,1,1,4347.2,4362.65,4339.474999999999,4362.65,tp,15.3,1530.0,L-Rev|M15|high@4347.00
1765893771727356675,1765897699888592862,1,1,4345.6,4367.5,4334.650000000001,4367.5,tp,21.75,2175.0,L-Rev|M15|high@4345.30
1765933916069774683,1765940009283170933,1,1,4347.6,4341.1,4341.15,4360.5,sl,-6.65,-665.0,L-Rev|M15|high@4346.20
1765948988919587157,1765952555987487483,1,1,4368.4,4361.1,4361.1,4382.4,sl,-7.45,-745.0,L-Rev|H1|high@4367.90
1765948988919587157,1765956289578074388,1,1,4368.4,4350.6,4350.675,4402.65,sl,-17.95,-1795.0,L-Rev|M15|high@4367.90
1765946369833348903,1765957400251556629,1,1,4356.8,4347.4,4347.9,4373.999999999998,sl,-9.55,-955.0,L-Rev|M15|high@4356.40
1765967896245741597,1765969027703681114,-1,1,4337.9,4346.6,4346.525,4320.65,sl,-8.85,-885.0,L-Rev|M15|low@4337.90
1765979170750135874,1765980773627824284,1,1,4374.0,4364.2,4364.225,4393.250000000002,sl,-9.95,-995.0,L-Rev|M15|high@4373.60
1766060924206478690,1766062855966524580,-1,1,4351.0,4356.0,4355.950000000001,4341.099999999999,sl,-5.15,-515.0,L-Rev|M15|low@4351.00
1766048145350213225,1766064601272239158,-1,1,4355.2,4363.5,4362.924999999999,4339.750000000001,sl,-8.45,-845.0,L-Rev|M15|low@4355.20
1766045085813254633,1766064601364004983,-1,1,4358.5,4365.0,4364.65,4346.200000000001,sl,-6.65,-665.0,L-Rev|M15|low@4358.50
1766074199976571452,1766074295789062058,1,1,4379.7,4392.0,4373.55,4392.0,tp,12.15,1215.0,L-Rev|M15|high@4379.40
1766074223306672448,1766074369583824764,1,1,4384.5,4396.350000000001,4377.5250000000015,4396.350000000001,tp,11.7,1170.0,L-Rev|H1|high@4383.60
1766074223306672448,1766077744061096643,1,1,4384.5,4367.0,4367.075,4417.25,sl,-17.65,-1765.0,L-Rev|M15|high@4383.60
1766106020826440229,1766107726683403441,-1,1,4354.6,4338.7,4362.550000000001,4338.7,tp,15.75,1575.0,L-Rev|M15|low@4354.60
1766149816892628292,1766153469343493561,1,1,4362.6,4356.5,4356.674999999999,4374.449999999999,sl,-6.25,-625.0,L-Rev|M15|high@4362.40
1766106034009005192,1766155121093750524,-1,1,4352.4,4367.7,4367.525000000001,4322.75,sl,-15.45,-1545.0,L-Rev|M15|low@4352.60
1766155140482411721,1766155563115340359,1,1,4368.6,4359.2,4359.299999999999,4387.200000000001,sl,-9.55,-955.0,L-Rev|M15|high@4368.40
1766408401793575390,1766409067703924949,1,1,4450.0,4460.250000000002,4444.725,4460.250000000002,tp,10.1,1010.0,L-Rev|M15|high@4449.60
1766408440922994389,1766418935362734251,1,1,4453.2,4468.699999999999,4445.299999999999,4468.699999999999,tp,15.35,1535.0,L-Rev|M15|high@4453.00
1766437491522113473,1766447304587259215,1,1,4477.8,4494.0,4469.699999999999,4494.0,tp,16.05,1605.0,L-Rev|M15|high@4477.70
1766490888770835408,1766492163511676516,1,1,4524.7,4516.9,4516.9,4540.299999999999,sl,-7.95,-795.0,L-Rev|M15|high@4524.50
1766497908820718791,1766498719404420849,-1,1,4510.0,4498.0,4516.0,4498.0,tp,11.85,1185.0,L-Rev|M15|low@4510.00
1766498637999882910,1766498720209302723,-1,1,4502.5,4487.000000000001,4510.4,4487.000000000001,tp,15.35,1535.0,L-Rev|M15|low@4502.60
1766545158996082774,1766551344507833531,-1,1,4512.2,4528.3,4528.175,4480.25,sl,-16.25,-1625.0,L-Rev|M15|low@4512.20
1766582421431893773,1766584446108799750,-1,1,4505.1,4516.0,4515.900000000001,4483.5,sl,-11.05,-1105.0,L-Rev|M15|low@4505.10
1766587824162876576,1766589392393400311,-1,1,4496.5,4503.6,4503.575,4482.35,sl,-7.25,-725.0,L-Rev|H1|low@4496.50
1766587824162876576,1766590983623512357,-1,1,4496.5,4478.950000000001,4505.275,4478.950000000001,tp,17.4,1740.0,L-Rev|M15|low@4496.50
1766747444681563483,1766752257034184428,-1,1,4536.3,4544.1,4543.65,4521.600000000001,sl,-7.95,-795.0,L-Rev|M15|low@4536.30
1766756489403824437,1766756666815950219,1,1,4562.1,4555.5,4555.525000000001,4574.650000000001,sl,-6.75,-675.0,L-Rev|H1|high@4561.60
1766756236789159192,1766760720443921770,1,1,4554.3,4544.0,4544.1,4574.700000000001,sl,-10.45,-1045.0,L-Rev|M15|high@4554.00
1766991606371284154,1767016044176992316,-1,1,4489.4,4439.449999999999,4515.725,4439.449999999999,tp,49.8,4980.0,L-Rev|M15|low@4490.30
1767080969903476780,1767081721090910307,1,1,4395.1,4383.2,4383.4,4418.5,sl,-12.05,-1205.0,L-Rev|M15|high@4394.70
1767137715782788338,1767137822097538681,-1,1,4338.0,4352.6,4352.6,4311.200000000001,sl,-14.75,-1475.0,L-Rev|M15|low@4338.80
1767124052919127498,1767159631289407220,-1,1,4370.5,4332.400000000001,4389.549999999999,4332.400000000001,tp,37.95,3795.0,L-Rev|M15|low@4370.50
1767188762285308013,1767199533325346919,1,1,4349.3,4332.3,4332.35,4383.200000000001,sl,-17.15,-1715.0,L-Rev|M15|high@4349.00
1767315417499920995,1767316102858290967,1,1,4368.4,4359.0,4359.1,4386.700000000001,sl,-9.55,-955.0,L-Rev|H1|high@4367.80
1767315417498202110,1767343574149013903,1,1,4368.2,4403.65,4350.325000000001,4403.65,tp,35.3,3530.0,L-Rev|M15|high@4367.80
1767624900089421812,1767661381280496318,1,1,4452.3,4440.2,4440.299999999999,4475.4000000000015,sl,-12.25,-1225.0,L-Rev|M15|high@4451.70
1767660027460848480,1767662114185842359,-1,1,4443.1,4453.2,4453.099999999999,4423.4,sl,-10.25,-1025.0,L-Rev|M15|low@4443.20
1767666601246001578,1767667204927557767,1,1,4472.0,4461.6,4461.875,4492.25,sl,-10.55,-1055.0,L-Rev|M15|high@4471.60
1767688039117974846,1767688879109393050,1,1,4485.4,4475.3,4475.499999999999,4505.200000000001,sl,-10.25,-1025.0,L-Rev|M15|high@4485.20
1767692830746293165,1767699231848706741,-1,1,4459.9,4469.9,4469.725,4441.149999999999,sl,-10.15,-1015.0,L-Rev|M15|low@4460.20
1767722137828859830,1767727061452164327,1,1,4502.4,4488.3,4488.3,4529.700000000001,sl,-14.25,-1425.0,L-Rev|M15|high@4501.80
1767733050997045439,1767747214986997012,1,1,4504.8,4494.8,4494.950000000002,4524.199999999999,sl,-10.15,-1015.0,L-Rev|M15|high@4504.60
1767709983395906052,1767751030598771498,1,1,4486.3,4472.6,4472.6500000000015,4513.5999999999985,sl,-13.85,-1385.0,L-Rev|M15|high@4486.00
1767748009906174195,1767763980114038735,-1,1,4488.0,4468.800000000001,4497.599999999999,4468.800000000001,tp,19.05,1905.0,L-Rev|M15|low@4488.00
1767763980081561917,1767764892084717270,-1,1,4469.4,4453.75,4478.275000000001,4453.75,tp,15.5,1550.0,L-Rev|M15|low@4470.10
1767768366670595682,1767768750793629072,-1,1,4452.5,4461.0,4460.95,4435.6,sl,-8.65,-865.0,L-Rev|H1|low@4452.50
1767768366670595682,1767770370809244273,-1,1,4452.5,4462.0,4461.875,4433.75,sl,-9.65,-965.0,L-Rev|M15|low@4452.50
1767764049190681193,1767775142426787125,-1,1,4464.1,4481.7,4481.650000000001,4429.0,sl,-17.75,-1775.0,L-Rev|M15|low@4464.10
1767788333520056699,1767789049936275816,-1,1,4451.5,4461.8,4461.775,4430.950000000001,sl,-10.45,-1045.0,L-Rev|M15|low@4451.50
1767791393837566202,1767791467737825037,-1,1,4437.7,4445.2,4445.2,4423.299999999999,sl,-7.65,-765.0,L-Rev|H1|low@4437.90
1767791393837566202,1767792448230478305,-1,1,4437.7,4455.3,4455.299999999999,4403.100000000001,sl,-17.75,-1775.0,L-Rev|M15|low@4437.90
1767834033293391357,1767834340217979776,-1,1,4455.0,4463.9,4463.85,4437.299999999999,sl,-9.05,-905.0,L-Rev|M15|low@4455.00
1767873648026507249,1767875973701382395,-1,1,4427.3,4435.7,4435.575,4411.049999999999,sl,-8.55,-855.0,L-Rev|M15|low@4427.40
1767873890949985194,1767878562116643855,-1,1,4423.3,4439.5,4439.5,4391.800000000001,sl,-16.35,-1635.0,L-Rev|M15|low@4423.60
1767891726054619580,1767896020922277032,1,1,4475.7,4461.3,4461.3,4503.6,sl,-14.55,-1455.0,L-Rev|M15|high@4475.20
1767904303095965422,1767918333213128026,1,1,4485.3,4476.5,4476.525,4502.850000000001,sl,-8.95,-895.0,L-Rev|M15|high@4485.00
1767903940224993575,1767920732570521537,1,1,4476.0,4467.0,4467.075000000001,4493.849999999999,sl,-9.15,-915.0,L-Rev|M15|high@4475.80
1767950423327561168,1767952457728999781,1,1,4486.3,4479.3,4479.300000000001,4500.0,sl,-7.15,-715.0,L-Rev|M15|high@4486.00
1767965557910277896,1767965800663635072,1,1,4494.0,4488.1,4488.125,4505.45,sl,-6.05,-605.0,L-Rev|H1|high@4493.70
1767965557910277896,1767972065731640129,1,1,4494.0,4510.049999999999,4485.975,4510.049999999999,tp,15.9,1590.0,L-Rev|M15|high@4493.70
1767972086550970393,1767981244382588324,1,1,4512.6,4497.3,4497.4749999999985,4542.549999999999,sl,-15.45,-1545.0,L-Rev|H4|high@4512.40
1768223269294584665,1768225856445311177,1,1,4610.0,4626.100000000002,4601.799999999999,4626.100000000002,tp,15.95,1595.0,L-Rev|M15|high@4609.60
1768223295274302581,1768226068664207755,1,1,4613.0,4629.450000000001,4604.625,4629.450000000001,tp,16.3,1630.0,L-Rev|H1|high@4612.70
1768223295274302581,1768259530365104392,1,1,4613.0,4593.0,4593.275,4652.450000000001,sl,-20.15,-2015.0,L-Rev|M15|high@4612.70
1768267912289478684,1768270052269214219,-1,1,4586.4,4597.9,4597.874999999999,4563.450000000001,sl,-11.65,-1165.0,L-Rev|M15|low@4586.40
1768286505309740902,1768291577796645589,-1,1,4584.2,4595.9,4595.85,4561.200000000001,sl,-11.85,-1185.0,L-Rev|M15|low@4584.30
1768309970653034626,1768315475510555887,1,1,4611.5,4633.550000000001,4600.474999999999,4633.550000000001,tp,21.9,2190.0,L-Rev|M15|high@4611.20
1768315636237353090,1768316080845774688,1,1,4640.9,4632.4,4632.45,4657.799999999999,sl,-8.65,-865.0,L-Rev|H1|high@4640.50
1768315636225357702,1768316522693590185,1,1,4640.8,4629.4,4629.575000000001,4662.65,sl,-11.55,-1155.0,L-Rev|M15|high@4640.50
1768336451568898589,1768336819550945182,-1,1,4582.5,4590.0,4589.7,4569.0,sl,-7.65,-765.0,L-Rev|H1|low@4582.80
1768336451568898589,1768337000205854952,-1,1,4582.5,4594.3,4594.200000000001,4559.999999999999,sl,-11.95,-1195.0,L-Rev|M15|low@4582.80
1768336429472375891,1768345667759492973,-1,1,4586.1,4601.7,4601.349999999999,4555.9,sl,-15.75,-1575.0,L-Rev|M15|low@4586.20
1768336335315655946,1768346124282044184,-1,1,4589.5,4603.9,4603.825,4560.85,sl,-14.55,-1455.0,L-Rev|M15|low@4589.50
1768366918435593774,1768370250765388984,1,1,4644.6,4630.5,4630.599999999999,4672.0,sl,-14.25,-1425.0,L-Rev|H1|high@4644.00
1768366918435593774,1768401777581372777,1,1,4644.6,4624.0,4624.025,4684.550000000001,sl,-20.75,-2075.0,L-Rev|M15|high@4644.00
1768401596444813100,1768414743655748813,-1,1,4624.7,4635.4,4635.35,4603.399999999999,sl,-10.85,-1085.0,L-Rev|M15|low@4624.70
1768440255491592747,1768440726908942443,-1,1,4605.6,4588.449999999999,4614.625,4588.449999999999,tp,17.0,1700.0,L-Rev|H1|low@4605.90
1768440255491592747,1768472675399504685,-1,1,4605.6,4620.0,4619.849999999999,4578.0,sl,-14.55,-1455.0,L-Rev|M15|low@4605.90
1768471953972603942,1768483151112074851,1,1,4618.1,4609.4,4609.4,4635.5,sl,-8.85,-885.0,L-Rev|M15|high@4618.00
1768484859090989632,1768484896523771659,-1,1,4584.4,4591.4,4591.275,4570.950000000001,sl,-7.15,-715.0,L-Rev|H1|low@4584.50
1768484859090989632,1768485024577962315,-1,1,4584.4,4595.5,4595.45,4562.6,sl,-11.25,-1125.0,L-Rev|M15|low@4584.50
1768493514949627056,1768494313183716509,1,1,4627.5,4618.7,4618.75,4644.4,sl,-8.95,-895.0,L-Rev|M15|high@4627.00
1768563969597616854,1768566950618127940,1,1,4620.4,4606.3,4606.375,4648.449999999999,sl,-14.25,-1425.0,L-Rev|M15|high@4620.20
1768569405460985871,1768570468029842319,-1,1,4594.6,4600.7,4600.275000000001,4583.25,sl,-6.25,-625.0,L-Rev|H1|low@4594.60
1768569405460985871,1768570540983989467,-1,1,4594.6,4602.0,4601.875,4580.050000000001,sl,-7.55,-755.0,L-Rev|M15|low@4594.60
1768569402902190760,1768572002855567406,-1,1,4597.1,4607.1,4607.075000000001,4577.15,sl,-10.15,-1015.0,L-Rev|M15|low@4597.10
1768577222042442935,1768577391747777088,-1,1,4583.5,4568.7,4591.65,4568.7,tp,14.65,1465.0,L-Rev|H1|low@4584.00
1768577222042442935,1768577617306453277,-1,1,4583.5,4552.049999999999,4599.975,4552.049999999999,tp,31.3,3130.0,L-Rev|M15|low@4584.00
1768845257561722756,1768850454226949690,1,1,4684.5,4675.8,4675.8,4701.9,sl,-8.85,-885.0,L-Rev|M15|high@4684.30
1768881641267951103,1768885153321318670,1,1,4686.5,4701.650000000001,4678.924999999999,4701.650000000001,tp,15.0,1500.0,L-Rev|M15|high@4686.20
1768917595334887668,1768919765592668710,1,1,4743.7,4734.6,4734.799999999999,4759.999999999998,sl,-9.25,-925.0,L-Rev|M15|high@4742.90
1768928115773358988,1768957140732629609,1,1,4756.8,4792.55,4738.7750000000015,4792.55,tp,35.6,3560.0,L-Rev|M15|high@4756.60
1769002675017287429,1769004284886894485,1,1,4880.0,4870.0,4870.5,4898.4,sl,-10.15,-1015.0,L-Rev|M15|high@4879.40
1769008750905979695,1769010831624431375,-1,1,4835.2,4852.0,4851.475,4802.649999999999,sl,-16.95,-1695.0,L-Rev|M15|low@4835.20
1769089369211065515,1769089945269271445,-1,1,4809.6,4824.0,4823.925,4798.05,sl,-14.55,-1455.0,L-Rev|M15|low@4815.30
1769092359776033569,1769094004535794950,1,1,4841.5,4826.8,4831.900000000001,4860.699999999999,sl,-14.85,-1485.0,L-Rev|M15|high@4841.10
1769092321885544067,1769096062800054265,1,1,4838.8,4865.8,4825.3,4865.8,tp,26.85,2685.0,L-Rev|M15|high@4838.50
1769092388662443742,1769102573987247640,1,1,4843.7,4891.700000000001,4818.8,4891.700000000001,tp,47.85,4785.0,L-Rev|M15|high@4842.80
1769102573987247640,1769104993228395003,1,1,4892.9,4912.300000000001,4882.150000000001,4912.300000000001,tp,19.25,1925.0,L-Rev|H1|high@4891.10
1769095739872246954,1769107837755032897,1,1,4857.7,4920.1,4826.049999999999,4920.1,tp,62.25,6225.0,L-Rev|M15|high@4857.20
1769102573987247640,1769118066355796576,1,1,4892.9,4940.35,4866.775000000001,4940.35,tp,47.3,4730.0,L-Rev|M15|high@4891.10
1769102573987247640,1769118160890228609,1,1,4892.9,4942.550000000001,4865.825000000001,4942.550000000001,tp,49.5,4950.0,L-Rev|H4|high@4891.10
1769099913945445504,1769123040166898014,1,1,4884.9,4951.549999999999,4851.425000000001,4951.549999999999,tp,66.5,6650.0,L-Rev|M15|high@4884.50
1769156302703696418,1769156613723627551,-1,1,4939.5,4924.950000000001,4946.775,4924.950000000001,tp,14.4,1440.0,L-Rev|M15|low@4939.50
1769184584688083550,1769185642683341991,1,1,4970.9,4987.35,4961.475,4987.35,tp,16.3,1630.0,L-Rev|H1|high@4970.00
1769198048379510158,1769198827625442663,1,1,4990.4,4977.3,4977.325000000001,5016.249999999999,sl,-13.25,-1325.0,L-Rev|M15|high@4989.90
1769184577307270417,1769382000573549629,1,1,4969.2,4991.4,4958.099999999999,4991.4,tp,22.05,2205.0,L-Rev|M15|high@4969.00
1769184584688083550,1769382000573549629,1,1,4970.9,5000.5,4955.05,5000.5,tp,29.45,2945.0,L-Rev|M15|high@4970.00
1769409902949531823,1769410705289116809,1,1,5091.7,5076.1,5076.25,5122.6,sl,-15.75,-1575.0,L-Rev|M15|high@5091.50
1769432409581479160,1769438274703993032,-1,1,5073.1,5086.9,5086.9,5045.500000000001,sl,-13.95,-1395.0,L-Rev|M15|low@5073.10
1769443410517633208,1769444875569093814,1,1,5097.6,5082.4,5082.6,5127.6,sl,-15.35,-1535.0,L-Rev|M15|high@5097.40
1769443395221968563,1769444930766379224,1,1,5095.9,5075.4,5075.499999999999,5135.799999999999,sl,-20.65,-2065.0,L-Rev|M15|high@5095.40
1769454128420568006,1769456908714501493,-1,1,5051.7,5005.049999999998,5075.475,5005.049999999998,tp,46.5,4650.0,L-Rev|M15|low@5052.00
1769454130606067411,1769463143123647110,-1,1,5048.5,5000.35,5074.375,5000.35,tp,48.0,4800.0,L-Rev|M15|low@5049.70
1769514684697863287,1769517137507886216,-1,1,5068.5,5081.0,5080.950000000001,5043.599999999999,sl,-12.65,-1265.0,L-Rev|M15|low@5068.50
1769492856157121813,1769522743134224954,1,1,5075.6,5057.5,5057.675,5110.55,sl,-18.25,-1825.0,L-Rev|M15|high@5074.80
1769523202913040808,1769524400480188540,-1,1,5051.9,5068.1,5068.025,5019.65,sl,-16.35,-1635.0,L-Rev|M15|low@5051.90
1769530719331263786,1769531732733028359,1,1,5097.7,5087.1,5087.1,5118.9,sl,-10.75,-1075.0,L-Rev|H1|high@5097.30
1769530719112500185,1769532200536112042,1,1,5096.7,5085.9,5086.1,5117.6,sl,-10.95,-1095.0,L-Rev|M15|high@5096.30
1769530719331263786,1769532222237126602,1,1,5097.7,5082.8,5082.974999999999,5126.849999999999,sl,-15.05,-1505.0,L-Rev|M15|high@5097.30
1769544180983372455,1769544648758653166,1,1,5101.8,5134.799999999998,5083.5,5134.799999999998,tp,32.85,3285.0,L-Rev|M15|high@5100.30
1769544182460710470,1769545241877834216,1,1,5103.6,5147.550000000001,5081.625,5147.550000000001,tp,43.8,4380.0,L-Rev|H1|high@5103.00
1769544181537588963,1769546796985963495,1,1,5103.2,5154.35,5077.625,5154.35,tp,51.0,5100.0,L-Rev|M15|high@5103.00
1769986972193788234,1769987484132954631,1,1,4854.3,4783.7,4783.725,4988.249999999999,sl,-70.75,-7075.0,L-Rev|M15|high@4971.90
1770011058556018485,1770024378471956237,-1,1,4601.6,4696.8,4695.95,4421.0,sl,-95.35,-9535.0,L-Rev|M15|low@4604.30
1770078273371159876,1770080484509018578,1,1,4839.2,4789.6,4789.924999999999,4937.75,sl,-49.75,-4975.0,L-Rev|H1|high@4837.60
1770126380390753663,1770127234465033983,1,1,4976.3,4945.3,4945.800000000001,5036.7,sl,-31.15,-3115.0,L-Rev|M15|high@4975.50
1770099602479583946,1770135383069288545,1,1,4883.9,4982.099999999999,4833.599999999999,4982.099999999999,tp,98.05,9805.0,L-Rev|M15|high@4882.00
1770145582919986852,1770146106136183827,-1,1,4905.1,4941.6,4941.575,4832.45,sl,-36.65,-3665.0,L-Rev|M15|low@4905.20
1770143551909185794,1770147480350346523,-1,1,4917.6,4961.3,4960.575000000001,4831.65,sl,-43.85,-4385.0,L-Rev|M15|low@4917.60
1770197559070798127,1770215863814292869,-1,1,5071.0,5017.75,5097.625,5017.75,tp,53.1,5310.0,L-Rev|M15|low@5071.00
1770215568192989677,1770218569850744125,-1,1,5035.5,4977.199999999999,5065.400000000001,4977.199999999999,tp,58.15,5815.0,L-Rev|M15|low@5036.00
1770164268931694067,1770219072899768036,1,1,5019.0,4963.0,4963.5,5129.100000000001,sl,-56.15,-5615.0,L-Rev|M15|high@5018.10
1770259668150451039,1770259961064520173,-1,1,4867.7,4824.65,4889.224999999999,4824.65,tp,42.9,4290.0,L-Rev|H1|low@4867.70
1770259668150451039,1770270343380191788,-1,1,4867.7,4920.3,4920.2,4762.7,sl,-52.75,-5275.0,L-Rev|M15|low@4867.70
1770293980717666245,1770294912871819520,-1,1,4842.0,4888.0,4887.825,4750.35,sl,-46.15,-4615.0,L-Rev|M15|low@4842.00
1770306477223409409,1770309514628959126,-1,1,4822.0,4883.2,4882.749999999999,4700.500000000002,sl,-61.35,-6135.0,L-Rev|M15|low@4822.00
1770324901534495194,1770335349581759071,-1,1,4820.7,4739.200000000001,4861.6,4739.200000000001,tp,81.35,8135.0,L-Rev|M15|low@4820.80
1770355526242962412,1770382896715169928,1,1,4865.0,4939.6,4827.55,4939.6,tp,74.45,7445.0,L-Rev|M15|high@4863.50
1770375642668779474,1770388649069107831,1,1,4904.8,4968.25,4873.075,4968.25,tp,63.3,6330.0,L-Rev|M15|high@4904.50
1770379630135585114,1770390395030325025,1,1,4922.4,4987.05,4889.175,4987.05,tp,64.5,6450.0,L-Rev|M15|high@4921.60
1770382820543195159,1770401555012869729,1,1,4931.3,4995.5,4898.75,4995.5,tp,64.05,6405.0,L-Rev|M15|high@4930.00
1770388642982277721,1770593150961249993,1,1,4963.6,5030.85,4929.825,5030.85,tp,67.1,6710.0,L-Rev|M15|high@4962.00
1770399035851634266,1770593580032137507,1,1,4989.7,5059.549999999999,4954.475,5059.549999999999,tp,69.7,6970.0,L-Rev|M15|high@4988.80
1770632824507897123,1770637375405850787,-1,1,5015.2,5034.2,5033.425,4978.75,sl,-19.15,-1915.0,L-Rev|M15|low@5015.20
1770669176783356319,1770671695358093079,1,1,5107.0,5086.7,5087.325000000001,5146.050000000001,sl,-20.45,-2045.0,L-Rev|M15|high@5106.80
1770648302924193386,1770678600760476024,1,1,5062.9,5033.7,5036.975000000001,5114.15,sl,-29.35,-2935.0,L-Rev|M15|high@5062.60
1770678589911406810,1770678610867096039,-1,1,5062.7,5028.55,5082.324999999999,5028.55,tp,34.0,3400.0,L-Rev|M15|low@5064.40
1770712906269595138,1770727487478562947,1,1,5069.6,5050.7,5050.750000000001,5106.999999999998,sl,-19.05,-1905.0,L-Rev|M15|high@5068.40
1770732974008347623,1770734721724164231,1,1,5086.0,5067.2,5067.4,5123.200000000001,sl,-18.95,-1895.0,L-Rev|M15|high@5085.30
1770737877565106309,1770743844829714738,-1,1,5032.6,5054.4,5054.174999999999,4990.050000000001,sl,-21.95,-2195.0,L-Rev|M15|low@5032.80
1770737833544029547,1770756503840787258,-1,1,5042.0,5066.6,5066.224999999999,4993.550000000001,sl,-24.75,-2475.0,L-Rev|M15|low@5042.00
1770775266169522951,1770775599924832745,1,1,5078.0,5060.5,5060.7249999999985,5112.250000000002,sl,-17.65,-1765.0,L-Rev|M15|high@5077.40
1770803189160244477,1770806658647434922,1,1,5093.8,5120.05,5080.675,5120.05,tp,26.1,2610.0,L-Rev|M15|high@5093.30
1770877936417394663,1770880103686513672,-1,1,5072.2,5084.7,5084.574999999999,5047.450000000001,sl,-12.65,-1265.0,L-Rev|M15|low@5072.20
1770904050836778726,1770905047696566325,1,1,5103.3,5093.7,5093.775000000001,5122.35,sl,-9.75,-975.0,L-Rev|M15|high@5102.50
1770980755772840267,1770985054668043607,-1,1,4962.6,4989.0,4988.775,4912.050000000001,sl,-26.55,-2655.0,L-Rev|M15|low@4963.20
1771008860143962379,1771196534079271254,1,1,5057.8,5035.3,5035.674999999999,5100.250000000001,sl,-22.65,-2265.0,L-Rev|M15|high@5056.80
1771209911570277030,1771213763586509453,-1,1,5018.2,4983.25,5035.675,4983.25,tp,34.8,3480.0,L-Rev|M15|low@5018.20
1771288956973687111,1771289551984814083,-1,1,4988.5,4970.65,4998.325000000001,4970.65,tp,17.7,1770.0,L-Rev|M15|low@4989.10
1771336583899074335,1771336709268487509,-1,1,4924.0,4891.35,4943.775000000001,4891.35,tp,32.5,3250.0,L-Rev|M15|low@4926.30
1771419531236631418,1771421795589497566,1,1,4962.8,4983.6500000000015,4952.375,4983.6500000000015,tp,20.7,2070.0,L-Rev|M15|high@4962.20
1771419531129577976,1771421798896483461,1,1,4962.6,4986.25,4950.474999999999,4986.25,tp,23.5,2350.0,L-Rev|M15|high@4961.80
1771419558253403039,1771425526536141799,1,1,4965.0,5005.400000000001,4944.650000000001,5005.400000000001,tp,40.25,4025.0,L-Rev|M15|high@4964.00
1771483505718092002,1771493317281089048,1,1,5032.6,5023.3,5023.324999999999,5050.8499999999985,sl,-9.45,-945.0,L-Rev|H1|high@5031.90
1771483505718092002,1771493318246682963,1,1,5032.6,5022.4,5022.674999999999,5052.15,sl,-10.35,-1035.0,L-Rev|M15|high@5031.90
1771515050212969511,1771517147237490693,1,1,5041.5,5023.1,5024.4,5075.700000000001,sl,-18.55,-1855.0,L-Rev|M15|high@5040.90
1771558920109372437,1771562454621670143,-1,1,5003.5,5019.7,5019.625,4971.25,sl,-16.35,-1635.0,L-Rev|M15|low@5003.50
1771568731554008138,1771571041836764328,1,1,5043.5,5034.4,5034.674999999999,5060.85,sl,-9.25,-925.0,L-Rev|H1|high@5042.80
1771568731554008138,1771574194409149290,1,1,5043.5,5027.0,5027.075,5076.35,sl,-16.65,-1665.0,L-Rev|M15|high@5042.80
1771567262315022967,1771578413139257247,1,1,5034.4,5057.500000000001,5022.4,5057.500000000001,tp,22.95,2295.0,L-Rev|M15|high@5033.40
1771599979286837626,1771600100737059533,-1,1,5025.5,5039.0,5038.75,4999.5999999999985,sl,-13.65,-1365.0,L-Rev|M15|low@5025.70
1771814498051989139,1771829731625241515,1,1,5195.3,5167.0,5167.199999999999,5250.0,sl,-28.45,-2845.0,L-Rev|M15|high@5194.20
1771857409378370191,1771857934063909952,1,1,5199.1,5217.65,5189.825000000001,5217.65,tp,18.4,1840.0,L-Rev|H1|high@5198.80
1771857409418106203,1771863552120409883,1,1,5199.5,5235.1,5181.55,5235.1,tp,35.45,3545.0,L-Rev|M15|high@5198.80
1771877005648532888,1771894807643105762,1,1,5241.2,5224.1,5224.174999999998,5275.25,sl,-17.25,-1725.0,L-Rev|M15|high@5240.90
1771914906038789892,1771917473543351634,-1,1,5181.0,5195.7,5195.7,5151.6,sl,-14.85,-1485.0,L-Rev|M15|low@5181.00
1771937689316916707,1771938030841137392,-1,1,5164.1,5175.2,5174.950000000001,5142.4,sl,-11.25,-1125.0,L-Rev|H1|low@5164.10
1771935499261481541,1771940999084781895,-1,1,5173.4,5144.049999999999,5188.375000000001,5144.049999999999,tp,29.2,2920.0,L-Rev|M15|low@5173.60
1771940999084781895,1771942416019262337,-1,1,5142.0,5122.5,5152.95,5122.5,tp,19.35,1935.0,L-Rev|H1|low@5142.80
1771940999084781895,1771942416126669351,-1,1,5142.0,5121.5,5153.45,5121.5,tp,20.35,2035.0,L-Rev|M15|low@5142.80
1771937689316916707,1771942416332960051,-1,1,5164.1,5118.95,5186.675000000001,5118.95,tp,45.0,4500.0,L-Rev|M15|low@5164.10
1771940382076598376,1771942416460993368,-1,1,5161.0,5114.400000000001,5185.049999999999,5114.400000000001,tp,46.45,4645.0,L-Rev|M15|low@5161.50
1771965229517511272,1771966548169205343,1,1,5189.0,5176.1,5176.675,5213.35,sl,-13.05,-1305.0,L-Rev|M15|high@5188.50
1771969063819376894,1771981440574691563,-1,1,5163.8,5178.6,5178.45,5135.7,sl,-14.95,-1495.0,L-Rev|M15|low@5164.20
1771982963373741464,1771987862671069744,1,1,5206.0,5187.4,5188.599999999999,5240.800000000001,sl,-18.75,-1875.0,L-Rev|M15|high@5205.60
1771996700792762160,1772010225212910671,1,1,5213.0,5198.6,5198.675,5240.75,sl,-14.55,-1455.0,L-Rev|M15|high@5212.00
1772031851884452154,1772033048834081722,1,1,5217.6,5204.6,5204.675,5242.250000000002,sl,-13.15,-1315.0,L-Rev|M15|high@5216.60
1772037975123118919,1772048710415637376,1,1,5230.5,5220.3,5220.775,5249.95,sl,-10.35,-1035.0,L-Rev|H1|high@5230.00
1772037975108173880,1772048710430979275,1,1,5230.2,5218.4,5219.475,5251.649999999999,sl,-11.95,-1195.0,L-Rev|M15|high@5230.00
1772079139166045522,1772093240280267106,1,1,5214.0,5195.8,5195.849999999999,5250.299999999999,sl,-18.35,-1835.0,L-Rev|M15|high@5213.40
1772116241339595013,1772116459301075811,-1,1,5163.0,5175.0,5174.675,5140.550000000001,sl,-12.15,-1215.0,L-Rev|H1|low@5163.30
1772116241339595013,1772116535124882733,-1,1,5163.0,5184.4,5184.0,5121.9000000000015,sl,-21.55,-2155.0,L-Rev|M15|low@5163.30
1772116234551182879,1772116590925851775,-1,1,5172.9,5190.1,5189.975,5139.35,sl,-17.35,-1735.0,L-Rev|M15|low@5173.10
1772171914384045920,1772175279391171803,1,1,5216.3,5204.5,5204.675,5239.549999999997,sl,-11.95,-1195.0,L-Rev|M15|high@5216.20
1772197646654457171,1772198126454139269,1,1,5219.0,5235.0,5210.4,5235.0,tp,15.85,1585.0,L-Rev|H1|high@5218.20
1772197646649808698,1772198447603809650,1,1,5217.8,5240.1500000000015,5206.625,5240.1500000000015,tp,22.2,2220.0,L-Rev|M15|high@5217.50
1772197646654457171,1772198451595999605,1,1,5219.0,5242.250000000002,5207.374999999999,5242.250000000002,tp,23.1,2310.0,L-Rev|M15|high@5218.20
1772197659618784037,1772198462145242875,1,1,5222.5,5244.299999999999,5211.45,5244.299999999999,tp,21.65,2165.0,L-Rev|M15|high@5221.90
1772198131478546207,1772198859674060631,1,1,5238.0,5258.75,5227.475,5258.75,tp,20.6,2060.0,L-Rev|H1|high@5237.30
1772198131478546207,1772208826068976671,1,1,5238.0,5271.150000000001,5221.275000000001,5271.150000000001,tp,33.0,3300.0,L-Rev|H4|high@5237.30
1772207546208506487,1772406000583907951,1,1,5259.9,5312.999999999997,5232.900000000001,5312.999999999997,tp,52.95,5295.0,L-Rev|M15|high@5259.30
1772223717792450623,1772406000583907951,1,1,5276.7,5305.35,5262.375,5305.35,tp,28.5,2850.0,L-Rev|M15|high@5276.60
1772460598952871194,1772461571694770487,-1,1,5386.0,5329.299999999999,5414.35,5329.299999999999,tp,56.55,5655.0,L-Rev|M15|low@5386.00
1772461551154720615,1772467224638781741,-1,1,5353.1,5311.25,5374.474999999999,5311.25,tp,41.7,4170.0,L-Rev|M15|low@5353.40
1772529935907834018,1772530064063097719,-1,1,5267.0,5246.5,5286.099999999999,5246.5,tp,20.35,2035.0,L-Rev|H1|low@5272.90
1772529914293145858,1772536069993325285,-1,1,5292.1,5233.1500000000015,5321.575,5233.1500000000015,tp,58.8,5880.0,L-Rev|M15|low@5292.10
1772529935907834018,1772536080031569279,-1,1,5267.0,5203.449999999999,5307.625,5203.449999999999,tp,63.4,6340.0,L-Rev|M15|low@5272.90
1772647862616537467,1772656674553844061,-1,1,5130.0,5154.0,5153.700000000001,5082.599999999999,sl,-24.15,-2415.0,L-Rev|M15|low@5130.00
1772635682425266671,1772673010200537271,-1,1,5167.6,5194.0,5193.925,5115.8499999999985,sl,-26.55,-2655.0,L-Rev|M15|low@5167.90
1772716930776550565,1772716996331876856,-1,1,5111.0,5086.1,5136.049999999999,5086.1,tp,24.75,2475.0,L-Rev|M15|low@5119.40
1772716930776550565,1772716996331876856,-1,1,5111.0,5098.4,5129.9,5098.4,tp,12.45,1245.0,L-Rev|H1|low@5119.40
1772761213500609947,1772789779847633014,1,1,5120.0,5094.0,5096.450000000001,5167.099999999999,sl,-26.15,-2615.0,L-Rev|M15|high@5119.20
1772809317180343691,1772809383975884618,1,1,5152.0,5168.049999999999,5143.975,5168.049999999999,tp,15.9,1590.0,L-Rev|H1|high@5151.30
1772809317180343691,1772815208106562231,1,1,5152.0,5135.5,5136.175,5183.65,sl,-16.65,-1665.0,L-Rev|M15|high@5151.30
1772824621237072334,1772827852683723237,1,1,5183.8,5163.1,5163.175,5224.15,sl,-20.85,-2085.0,L-Rev|M15|high@5182.70
1772834253745412392,1773007508520109090,1,1,5185.1,5161.7,5169.375000000001,5213.250000000001,sl,-23.55,-2355.0,L-Rev|M15|high@5183.80
1772824618545956012,1773007509490871706,1,1,5182.9,5155.1,5155.65,5237.0999999999985,sl,-27.95,-2795.0,L-Rev|M15|high@5182.00
1773053471517504632,1773059311398750134,-1,1,5094.8,5115.5,5115.299999999999,5054.100000000001,sl,-20.85,-2085.0,L-Rev|M15|low@5094.90
1773055228079382253,1773059328516297024,-1,1,5087.0,5116.3,5116.275000000001,5028.75,sl,-29.45,-2945.0,L-Rev|M15|low@5087.10
1773081417668211816,1773097178729921835,1,1,5125.5,5160.95,5107.175000000001,5160.95,tp,35.3,3530.0,L-Rev|M15|high@5124.70
1773083970907685513,1773105970591301285,1,1,5141.2,5176.399999999998,5123.300000000001,5176.399999999998,tp,35.05,3505.0,L-Rev|M15|high@5140.50
1773084038577323538,1773107966260214336,1,1,5148.2,5192.950000000001,5125.675,5192.950000000001,tp,44.6,4460.0,L-Rev|M15|high@5147.60
1773131454369040383,1773137933637326524,1,1,5196.3,5183.2,5183.400000000001,5222.1,sl,-13.25,-1325.0,L-Rev|M15|high@5195.80
1773147651511902995,1773148929395274003,1,1,5204.7,5230.799999999999,5191.2,5230.799999999999,tp,25.95,2595.0,L-Rev|M15|high@5204.00
1773236975930852048,1773237525820526608,-1,1,5165.6,5185.0,5184.950000000001,5126.9,sl,-19.55,-1955.0,L-Rev|M15|low@5165.60
1773234066761577792,1773237691476805343,-1,1,5169.0,5191.3,5191.2,5124.6,sl,-22.45,-2245.0,L-Rev|M15|low@5169.00
1773302460884906897,1773317158215940843,1,1,5192.0,5176.3,5178.099999999999,5219.5,sl,-15.85,-1585.0,L-Rev|M15|high@5191.50
1773301333316329677,1773318117570181066,1,1,5181.3,5168.4,5170.250000000001,5203.1,sl,-13.05,-1305.0,L-Rev|M15|high@5180.60
1773327653925987181,1773328273080034693,-1,1,5141.9,5117.4,5154.3,5117.4,tp,24.35,2435.0,L-Rev|M15|low@5142.00
1773328262822041371,1773330787345855151,-1,1,5130.0,5140.8,5140.7,5108.6,sl,-10.95,-1095.0,L-Rev|H1|low@5130.00
1773328262822041371,1773342175406528483,-1,1,5130.0,5091.450000000001,5149.275,5091.450000000001,tp,38.4,3840.0,L-Rev|M15|low@5130.00
1773337315692420528,1773347426145291947,-1,1,5114.3,5073.050000000001,5135.375,5073.050000000001,tp,41.1,4110.0,L-Rev|M15|low@5114.60
1773413723580266082,1773413823363187096,-1,1,5056.9,5040.799999999999,5066.9,5040.799999999999,tp,15.95,1595.0,L-Rev|H1|low@5058.20
1773413723580266082,1773414769174886923,-1,1,5056.9,5072.0,5072.0,5030.6,sl,-15.25,-1525.0,L-Rev|M15|low@5058.20
1773413572336542509,1773417301802459296,-1,1,5065.9,5035.099999999999,5081.450000000001,5035.099999999999,tp,30.65,3065.0,L-Rev|M15|low@5066.00
1773641760880864008,1773643719353721813,1,1,5036.4,5013.0,5013.4,5081.799999999998,sl,-23.55,-2355.0,L-Rev|M15|high@5035.40
1773712243079894456,1773724629646755688,1,1,5028.4,5047.8,5018.55,5047.8,tp,19.25,1925.0,L-Rev|M15|high@5028.00
1773722686351181762,1773726345173069633,1,1,5045.1,5034.3,5034.475,5066.35,sl,-10.95,-1095.0,L-Rev|H1|high@5044.50
1773722686342121947,1773727285022318186,1,1,5044.8,5021.4,5021.475,5091.449999999999,sl,-23.55,-2355.0,L-Rev|M15|high@5044.50
1773742007379789771,1773750073305891813,-1,1,5009.0,5021.2,5021.15,4984.700000000001,sl,-12.35,-1235.0,L-Rev|M15|low@5009.00
1773754808881492872,1773755470559416523,1,1,5034.2,5022.4,5022.649999999999,5056.4000000000015,sl,-11.95,-1195.0,L-Rev|M15|high@5033.50
1773762106175888222,1773762407673925355,-1,1,4978.0,4995.2,4995.175000000001,4945.45,sl,-17.35,-1735.0,L-Rev|M15|low@4978.60
1773761758896824627,1773764987850566567,-1,1,4994.1,5009.9,5009.650000000001,4965.1,sl,-15.95,-1595.0,L-Rev|M15|low@4994.80
1773798732516207813,1773799232769924429,-1,1,4996.8,5004.2,5004.1,4982.499999999999,sl,-7.55,-755.0,L-Rev|M15|low@4996.90
1773823536682676459,1773825642441575693,-1,1,4984.5,4996.9,4996.75,4961.199999999999,sl,-12.55,-1255.0,L-Rev|M15|low@4984.90
1773830134363933629,1773830138303321853,-1,1,4976.3,4965.85,4982.575,4965.85,tp,10.3,1030.0,L-Rev|H1|low@4977.00
1773830134363933629,1773833250070813736,-1,1,4976.3,4953.6,4988.7,4953.6,tp,22.55,2255.0,L-Rev|M15|low@4977.00
1773902110927696403,1773902862425805791,-1,1,4806.0,4767.299999999999,4825.35,4767.299999999999,tp,38.55,3855.0,L-Rev|M15|low@4806.00
1773968868860085445,1773969123259441723,1,1,4680.0,4658.0,4658.450000000001,4722.799999999999,sl,-22.15,-2215.0,L-Rev|M15|high@4679.50
1774000702092439192,1774008113939294735,-1,1,4661.4,4683.7,4683.650000000001,4617.5,sl,-22.45,-2245.0,L-Rev|M15|low@4661.60
1774030972962903426,1774216800552028339,-1,1,4541.8,4467.1,4579.6,4467.1,tp,74.55,7455.0,L-Rev|M15|low@4542.10
1774216800583174679,1774217244385151222,-1,1,4450.0,4510.7,4509.75,4415.699999999998,sl,-60.85,-6085.0,L-Rev|M15|low@4478.40
1774244834167237942,1774248207175426929,-1,1,4322.0,4206.799999999999,4379.6,4206.799999999999,tp,115.05,11505.0,L-Rev|M15|low@4322.00
1774312441849214147,1774333623732394384,-1,1,4363.5,4399.7,4399.049999999999,4292.400000000001,sl,-36.35,-3635.0,L-Rev|M15|low@4363.50
1774312760128834622,1774335399833320553,-1,1,4350.6,4404.0,4403.975,4244.450000000001,sl,-53.55,-5355.0,L-Rev|M15|low@4350.80
1774349846678296438,1774350095466963559,1,1,4438.3,4409.0,4409.175,4496.250000000002,sl,-29.45,-2945.0,L-Rev|M15|high@4437.60
1774383823310024103,1774394180223188854,1,1,4435.9,4490.4,4408.05,4490.4,tp,54.35,5435.0,L-Rev|M15|high@4435.00
1774383848259280801,1774394180522741266,1,1,4443.8,4491.549999999999,4419.924999999999,4491.549999999999,tp,47.6,4760.0,L-Rev|H1|high@4443.20
1774383848178048526,1774395401838050599,1,1,4443.6,4523.200000000001,4403.499999999999,4523.200000000001,tp,79.45,7945.0,L-Rev|M15|high@4443.20
1774383896109799834,1774395423767681476,1,1,4467.1,4531.599999999999,4434.849999999999,4531.599999999999,tp,64.35,6435.0,L-Rev|M15|high@4469.50
1774383859439542614,1774396807403910997,1,1,4451.4,4556.199999999999,4398.700000000002,4556.199999999999,tp,104.65,10465.0,L-Rev|M15|high@4450.50
1774395370272578609,1774402308790048412,1,1,4517.0,4579.65,4485.675,4579.65,tp,62.5,6250.0,L-Rev|H1|high@4516.50
1774432094696111745,1774432752704419724,-1,1,4532.5,4552.8,4552.75,4492.0,sl,-20.45,-2045.0,L-Rev|M15|low@4532.50
1774437738904160147,1774441675862453265,1,1,4569.6,4550.6,4550.825,4605.95,sl,-19.15,-1915.0,L-Rev|M15|high@4568.70
1774441903220746929,1774442126366326153,-1,1,4523.3,4541.6,4541.224999999999,4494.65,sl,-18.45,-1845.0,L-Rev|M15|low@4525.70
1774465728327755656,1774465915528930321,-1,1,4522.0,4485.849999999999,4540.075000000001,4485.849999999999,tp,36.0,3600.0,L-Rev|M15|low@4522.00
1774395370286715656,1774504480074028635,1,1,4517.2,4456.3,4457.175000000001,4636.95,sl,-61.05,-6105.0,L-Rev|M15|high@4516.50
1774503006122946556,1774504581087327902,-1,1,4484.3,4454.3,4499.3,4454.3,tp,29.85,2985.0,L-Rev|H1|low@4484.30
1774503006122946556,1774504905773884342,-1,1,4484.3,4425.200000000001,4513.85,4425.200000000001,tp,58.95,5895.0,L-Rev|M15|low@4484.30
1774514636998070279,1774520525063451753,-1,1,4412.0,4437.5,4437.225,4361.85,sl,-25.65,-2565.0,L-Rev|M15|low@4412.10
1774554883334726028,1774555922863994948,-1,1,4359.6,4388.3,4387.85,4312.700000000001,sl,-28.85,-2885.0,L-Rev|M15|low@4362.80
1774849771629322938,1774871090778004565,1,1,4549.1,4583.699999999999,4531.049999999999,4583.699999999999,tp,34.45,3445.0,L-Rev|M15|high@4548.00
1774870956907978439,1774878545574307452,1,1,4580.1,4563.1,4563.674999999999,4612.049999999999,sl,-17.15,-1715.0,L-Rev|M15|high@4579.20
1774893430581357977,1774917880622168401,-1,1,4542.0,4564.6,4564.500000000001,4496.999999999998,sl,-22.75,-2275.0,L-Rev|M15|low@4542.00
1774919933327565867,1774921208953036265,1,1,4587.8,4624.450000000001,4568.875000000001,4624.450000000001,tp,36.5,3650.0,L-Rev|M15|high@4587.10
1774920296158971510,1774921434377063196,1,1,4611.9,4643.75,4595.974999999999,4643.75,tp,31.7,3170.0,L-Rev|H1|high@4611.40
1774920296161167375,1774927483160464707,1,1,4612.0,4589.0,4589.05,4657.9,sl,-23.15,-2315.0,L-Rev|M15|high@4611.40
1774941568854202463,1774943954828108035,-1,1,4575.7,4595.9,4595.8,4535.5,sl,-20.35,-2035.0,L-Rev|M15|low@4575.70
1774956080049131254,1774965236619010260,1,1,4606.2,4631.1,4593.75,4631.1,tp,24.75,2475.0,L-Rev|M15|high@4605.50
1774956354965687241,1774965694888044248,1,1,4610.5,4647.250000000002,4592.124999999999,4647.250000000002,tp,36.6,3660.0,L-Rev|M15|high@4610.20
1774965770944436729,1774966046519480191,1,1,4650.5,4636.7,4636.75,4676.5,sl,-13.95,-1395.0,L-Rev|H1|high@4649.50
1774965770944436729,1774983617767873004,1,1,4650.5,4704.1500000000015,4623.375,4704.1500000000015,tp,53.5,5350.0,L-Rev|M15|high@4649.50
1775043024269151529,1775048193571577201,1,1,4774.8,4751.8,4751.950000000001,4819.9,sl,-23.15,-2315.0,L-Rev|M15|high@4774.20
1775026109648660422,1775055273297838540,1,1,4752.3,4794.45,4731.2249999999985,4794.45,tp,42.0,4200.0,L-Rev|M15|high@4751.90
1775085312299012441,1775087152791721676,1,1,4821.7,4806.0,4806.374999999999,4852.049999999999,sl,-15.85,-1585.0,L-Rev|M15|high@4821.00
1775055218973386609,1775091861207735900,1,1,4792.5,4762.0,4764.900000000001,4847.699999999999,sl,-30.65,-3065.0,L-Rev|M15|high@4791.50
1775092824011451390,1775093536615707399,-1,1,4742.8,4689.0,4770.45,4689.0,tp,53.65,5365.0,L-Rev|M15|low@4743.30
1775093536615707399,1775093786814271168,-1,1,4687.1,4715.7,4715.35,4639.299999999999,sl,-28.75,-2875.0,L-Rev|M15|low@4690.00
1775108031937177924,1775109724202897555,-1,1,4675.7,4612.7,4707.2,4612.7,tp,62.85,6285.0,L-Rev|M15|low@4675.70
1775138312190460441,1775140633943785622,1,1,4679.2,4720.7,4655.45,4720.7,tp,41.35,4135.0,L-Rev|M15|high@4677.00
1775452253921733729,1775455153017895623,1,1,4698.0,4680.9,4680.975,4732.049999999999,sl,-17.25,-1725.0,L-Rev|M15|high@4697.50
1775461879880336599,1775481715069590200,1,1,4704.8,4684.6,4684.699999999999,4745.0,sl,-20.35,-2035.0,L-Rev|M15|high@4704.40
1775550044203706077,1775550195939126071,1,1,4695.5,4713.949999999999,4686.274999999999,4713.949999999999,tp,18.3,1830.0,L-Rev|M15|high@4694.90
1775549673708002945,1775560240778256156,1,1,4690.8,4670.8,4670.85,4730.700000000001,sl,-20.15,-2015.0,L-Rev|M15|high@4690.30
1775550031529054980,1775560253093104833,1,1,4692.3,4666.4,4666.55,4743.5,sl,-26.05,-2605.0,L-Rev|M15|high@4692.00
1775570688158281341,1775571856439289262,-1,1,4648.2,4666.5,4666.474999999999,4612.25,sl,-18.45,-1845.0,L-Rev|M15|low@4648.40
1775570588204745049,1775572431213672596,-1,1,4653.9,4678.4,4678.049999999999,4605.600000000001,sl,-24.65,-2465.0,L-Rev|M15|low@4653.90
1775589614275430220,1775599209557112222,1,1,4721.7,4754.950000000001,4704.925,4754.950000000001,tp,33.1,3310.0,L-Rev|H1|high@4721.20
1775589615720106679,1775599239030758790,1,1,4724.7,4767.199999999999,4703.299999999999,4767.199999999999,tp,42.35,4235.0,L-Rev|M15|high@4724.00
1775637769290551870,1775658674406031776,-1,1,4819.8,4786.799999999999,4836.300000000001,4786.799999999999,tp,32.85,3285.0,L-Rev|M15|low@4819.80
1775641397167873626,1775658779408755486,-1,1,4817.2,4780.6,4835.5,4780.6,tp,36.45,3645.0,L-Rev|M15|low@4817.20
1775724273422158124,1775736077336575331,1,1,4757.1,4782.9,4744.200000000001,4782.9,tp,25.65,2565.0,L-Rev|M15|high@4756.60
1775724536165235451,1775741930674408953,1,1,4758.7,4792.449999999999,4740.924999999999,4792.449999999999,tp,33.6,3360.0,L-Rev|M15|high@4757.70
1775823536217667401,1775823795352956676,1,1,4794.9,4786.0,4786.275,4812.15,sl,-9.05,-905.0,L-Rev|M15|high@4794.60
1775830542433566236,1775832179157239297,1,1,4810.6,4799.0,4800.825,4829.85,sl,-11.75,-1175.0,L-Rev|M15|high@4810.00
1775852731531050527,1776031200572157655,-1,1,4768.4,4742.299999999999,4781.45,4742.299999999999,tp,25.95,2595.0,L-Rev|M15|low@4768.40
1776059827019171041,1776072907515830431,1,1,4750.0,4736.1,4736.175,4777.3499999999985,sl,-14.05,-1405.0,L-Rev|M15|high@4749.50
1776088193193431073,1776088390335490434,1,1,4762.9,4748.0,4748.0999999999985,4792.2,sl,-15.05,-1505.0,L-Rev|M15|high@4762.50
1776092755419668182,1776096812154511661,-1,1,4724.8,4743.3,4743.2,4689.2,sl,-18.65,-1865.0,L-Rev|M15|low@4725.20
1776150533719668673,1776151152730959857,1,1,4820.3,4809.0,4809.075000000001,4842.75,sl,-11.45,-1145.0,L-Rev|H1|high@4820.00
1776149612976795607,1776163121868631275,1,1,4803.5,4787.6,4789.749999999999,4830.700000000001,sl,-16.05,-1605.0,L-Rev|M15|high@4802.80
1776163141983420583,1776163984613253180,-1,1,4778.2,4794.8,4794.775,4750.450000000001,sl,-16.75,-1675.0,L-Rev|M15|low@4780.00
1776173862122613142,1776186347586046659,1,1,4821.0,4847.75,4807.025,4847.75,tp,26.6,2660.0,L-Rev|M15|high@4820.40
1776231423128303473,1776244265397128883,-1,1,4841.0,4824.049999999999,4849.475,4824.049999999999,tp,16.8,1680.0,L-Rev|M15|low@4841.00
1776315968286260391,1776317931797199689,1,1,4860.3,4848.2,4848.2,4884.2,sl,-12.25,-1225.0,L-Rev|M15|high@4859.70
1776326702311376382,1776340598359467086,-1,1,4832.6,4844.2,4844.149999999999,4810.4000000000015,sl,-11.75,-1175.0,L-Rev|M15|low@4832.90
1776347538377361252,1776347723743168283,-1,1,4825.4,4806.700000000001,4835.05,4806.700000000001,tp,18.55,1855.0,L-Rev|M15|low@4825.60
1776388174367430926,1776388339987603038,-1,1,4805.8,4791.299999999999,4813.35,4791.299999999999,tp,14.35,1435.0,L-Rev|M15|low@4806.00
1776388228071186166,1776390942079668257,-1,1,4802.0,4811.5,4811.45,4783.1,sl,-9.65,-965.0,L-Rev|M15|low@4802.00
1776400967806706353,1776406291499051460,1,1,4822.5,4809.3,4809.375,4848.75,sl,-13.35,-1335.0,L-Rev|M15|high@4822.20
1776426324480465625,1776428745245369443,1,1,4823.0,4840.6,4814.049999999999,4840.6,tp,17.45,1745.0,L-Rev|M15|high@4822.70
1776429602317907017,1776431455091020412,1,1,4846.5,4897.950000000001,4820.775,4897.950000000001,tp,51.3,5130.0,L-Rev|M15|high@4846.20
1776431453602213034,1776432034824839470,1,1,4896.4,4879.9,4879.924999999999,4927.85,sl,-16.65,-1665.0,L-Rev|H4|high@4895.40
1776455704174672157,1776458986749529315,-1,1,4875.0,4854.150000000001,4885.424999999999,4854.150000000001,tp,20.7,2070.0,L-Rev|M15|low@4875.00
1776687527172906862,1776688513674477243,1,1,4834.9,4823.1,4823.499999999999,4857.700000000001,sl,-11.95,-1195.0,L-Rev|M15|high@4834.50
1776750763069627558,1776771707797093386,-1,1,4803.1,4813.4,4813.375000000001,4782.549999999999,sl,-10.45,-1045.0,L-Rev|M15|low@4803.10
1776742920050698106,1776774633371250430,-1,1,4811.8,4782.950000000001,4826.374999999999,4782.950000000001,tp,28.7,2870.0,L-Rev|M15|low@4811.90
1776782800195316918,1776784219153494046,-1,1,4751.3,4761.0,4760.725,4734.549999999999,sl,-9.85,-985.0,L-Rev|H1|low@4752.00
1776782800195316918,1776784428074176451,-1,1,4751.3,4768.4,4768.4,4719.2,sl,-17.25,-1725.0,L-Rev|H4|low@4752.00
1776852170684423929,1776855593543104593,-1,1,4769.7,4779.3,4779.275,4751.15,sl,-9.75,-975.0,L-Rev|M15|low@4769.90
1776861708829089895,1776865451591253044,-1,1,4764.3,4773.2,4773.075,4746.75,sl,-9.05,-905.0,L-Rev|M15|low@4764.30
1776904219748061606,1776906660997427604,1,1,4768.6,4759.0,4759.324999999999,4786.55,sl,-9.75,-975.0,L-Rev|M15|high@4770.20
1776922225014604979,1776922445671216443,-1,1,4713.3,4722.7,4722.6,4696.499999999999,sl,-9.55,-955.0,L-Rev|M15|low@4713.90
1776922246590325266,1776923508133211137,-1,1,4710.4,4730.5,4730.424999999999,4670.35,sl,-20.25,-2025.0,L-Rev|M15|low@4710.40
1776939124153848451,1776944237646234870,-1,1,4705.7,4720.2,4720.175,4676.75,sl,-14.65,-1465.0,L-Rev|M15|low@4705.70
1776945645491985238,1776964158062236121,1,1,4742.5,4731.4,4731.4,4764.700000000001,sl,-11.25,-1125.0,L-Rev|M15|high@4742.10
1776997481294390118,1777004713955251222,-1,1,4702.0,4676.799999999998,4714.6,4676.799999999998,tp,25.05,2505.0,L-Rev|M15|low@4702.00
1777028846542117966,1777030103147216801,1,1,4713.0,4732.35,4703.325,4732.35,tp,19.2,1920.0,L-Rev|M15|high@4712.70
1777029870515614126,1777034959036703246,1,1,4727.2,4709.0,4709.500000000001,4761.700000000001,sl,-18.35,-1835.0,L-Rev|M15|high@4726.70
1777038520996496507,1777240800741776812,1,1,4734.3,4711.4,4718.400000000001,4766.1,sl,-23.05,-2305.0,L-Rev|M15|high@4733.90
1777278410981052342,1777296925121347194,-1,1,4724.0,4707.200000000001,4732.4,4707.200000000001,tp,16.65,1665.0,L-Rev|M15|low@4724.00
1777302149326851585,1777303775646712667,-1,1,4686.3,4694.8,4694.700000000001,4670.400000000001,sl,-8.65,-865.0,L-Rev|H1|low@4686.60
1777302149326851585,1777311225947641878,-1,1,4686.3,4699.3,4699.200000000001,4661.4,sl,-13.15,-1315.0,L-Rev|M15|low@4686.60
1777341378679481331,1777341730227922217,-1,1,4691.7,4680.299999999999,4697.4,4680.299999999999,tp,11.25,1125.0,L-Rev|M15|low@4691.70
1777350193594217564,1777352779561853534,-1,1,4679.9,4663.699999999998,4688.0,4663.699999999998,tp,16.05,1605.0,L-Rev|M15|low@4679.90
1777456222861680103,1777457117927049007,-1,1,4567.6,4576.9,4576.875,4549.05,sl,-9.45,-945.0,L-Rev|H1|low@4567.60
1777447479412187692,1777467296055482144,-1,1,4589.1,4558.200000000001,4604.55,4558.200000000001,tp,30.75,3075.0,L-Rev|M15|low@4589.10
1777506329914753483,1777509974436425708,1,1,4567.6,4582.75,4560.025000000001,4582.75,tp,15.0,1500.0,L-Rev|M15|high@4567.30
1777507221765816783,1777521659506085903,1,1,4579.0,4566.1,4566.225,4604.25,sl,-13.05,-1305.0,L-Rev|M15|high@4578.30
1777456222861680103,1777532110935863175,-1,1,4567.6,4597.5,4597.375000000001,4508.049999999999,sl,-30.05,-3005.0,L-Rev|M15|low@4567.60
1777531977303206697,1777535823690355038,1,1,4594.6,4616.1500000000015,4583.525,4616.1500000000015,tp,21.4,2140.0,L-Rev|M15|high@4594.10
1777536247096675667,1777541441942010671,1,1,4624.8,4641.800000000001,4616.0,4641.800000000001,tp,16.85,1685.0,L-Rev|H1|high@4624.30
1777536245918337169,1777544519105067991,1,1,4621.8,4644.0,4610.7,4644.0,tp,22.05,2205.0,L-Rev|M15|high@4621.30
1777536247096675667,1777545000091680582,1,1,4624.8,4656.199999999999,4608.950000000001,4656.199999999999,tp,31.25,3125.0,L-Rev|M15|high@4624.30
1777597905612452390,1777601006364590691,-1,1,4627.6,4635.4,4635.349999999999,4612.4,sl,-7.95,-795.0,L-Rev|M15|low@4627.70
1777609968488847487,1777616982094163617,-1,1,4625.8,4604.9,4636.4,4604.9,tp,20.75,2075.0,L-Rev|M15|low@4625.90
1777614940283787167,1777621578402283596,-1,1,4618.0,4595.200000000001,4629.4,4595.200000000001,tp,22.65,2265.0,L-Rev|M15|low@4618.00
1777644126284904803,1777644184628244707,1,1,4652.8,4646.1,4646.775,4663.6500000000015,sl,-6.85,-685.0,L-Rev|M15|high@4652.00
1777644040398012438,1777644771545464204,1,1,4648.9,4669.95,4637.7750000000015,4669.95,tp,20.9,2090.0,L-Rev|M15|high@4648.10
1777644738877962571,1777646161167943536,1,1,4659.0,4650.2,4650.225,4676.549999999999,sl,-8.95,-895.0,L-Rev|H1|high@4658.80
1777644738880805847,1777646514638751513,1,1,4659.1,4644.5,4644.625000000001,4688.049999999999,sl,-14.75,-1475.0,L-Rev|M15|high@4658.80
1777644738880805847,1777647010250583780,1,1,4659.1,4639.6,4639.825000000001,4697.65,sl,-19.65,-1965.0,L-Rev|M15|high@4658.60
1777852898511062719,1777876734557132911,-1,1,4618.7,4595.150000000001,4630.924999999999,4595.150000000001,tp,23.4,2340.0,L-Rev|M15|low@4619.00
1777874715795566808,1777889019824721392,-1,1,4601.6,4574.699999999999,4615.650000000001,4574.699999999999,tp,26.75,2675.0,L-Rev|M15|low@4602.00
1777908097789248392,1777908577155421652,-1,1,4534.3,4550.3,4550.150000000001,4504.699999999999,sl,-16.15,-1615.0,L-Rev|M15|low@4535.00
1777959304605842862,1777961884667899774,1,1,4556.8,4549.4,4549.674999999999,4571.049999999999,sl,-7.55,-755.0,L-Rev|M15|high@4556.40
1778010982125223129,1778021719076777259,-1,1,4563.8,4572.6,4572.5,4546.4,sl,-8.95,-895.0,L-Rev|M15|low@4563.80
1778022770871119886,1778028084960416491,1,1,4597.9,4620.85,4585.975,4620.85,tp,22.8,2280.0,L-Rev|M15|high@4597.50
1778118523260557927,1778119974060418958,1,1,4729.0,4714.5,4714.574999999999,4757.55,sl,-14.65,-1465.0,L-Rev|M15|high@4728.70
1778116219318365263,1778128458283649830,1,1,4711.7,4701.6,4701.675000000001,4731.15,sl,-10.25,-1025.0,L-Rev|M15|high@4711.30
1778135491495399477,1778135961599585651,1,1,4730.8,4749.000000000001,4721.549999999999,4749.000000000001,tp,18.05,1805.0,L-Rev|M15|high@4730.50
1778135510385219479,1778136237452905825,1,1,4735.3,4758.450000000001,4723.125,4758.450000000001,tp,23.0,2300.0,L-Rev|H1|high@4734.60
1778160776631924690,1778161672010898439,1,1,4764.0,4749.2,4749.45,4793.1,sl,-14.95,-1495.0,L-Rev|M15|high@4763.60
1778135510385219479,1778170749545573450,1,1,4735.3,4713.5,4714.049999999999,4776.6,sl,-21.95,-2195.0,L-Rev|M15|high@4734.60
1778169872870361529,1778174820896736155,-1,1,4732.0,4706.349999999999,4744.825000000001,4706.349999999999,tp,25.5,2550.0,L-Rev|M15|low@4732.00
1778174829826959363,1778174948866510759,-1,1,4700.4,4710.8,4710.75,4679.699999999999,sl,-10.55,-1055.0,L-Rev|M15|low@4700.40
1778187429944251108,1778198404343449992,-1,1,4696.3,4715.8,4715.725000000001,4658.3499999999985,sl,-19.65,-1965.0,L-Rev|M15|low@4696.60
1778247033615127799,1778249431011141740,1,1,4744.0,4729.5,4729.525,4772.950000000001,sl,-14.65,-1465.0,L-Rev|M15|high@4743.50
1778504505548637441,1778507160721828882,1,1,4714.5,4757.75,4692.725,4757.75,tp,43.1,4310.0,L-Rev|M15|high@4714.10
1778504694165626273,1778507160721828882,1,1,4718.8,4757.599999999999,4699.25,4757.599999999999,tp,38.65,3865.0,L-Rev|H4|high@4775.20
1778565612656711119,1778569422720800052,-1,1,4716.6,4700.15,4725.125,4700.15,tp,16.3,1630.0,L-Rev|M15|low@4716.80
1778599367776937675,1778599797478975183,-1,1,4653.8,4664.1,4663.975,4637.35,sl,-10.45,-1045.0,L-Rev|H1|low@4655.10
1778599367776937675,1778599811015299489,-1,1,4653.8,4667.0,4666.950000000001,4631.4,sl,-13.35,-1335.0,L-Rev|M15|low@4655.10
1778599365485107243,1778599999458883678,-1,1,4658.5,4668.9,4668.75,4638.6,sl,-10.55,-1055.0,L-Rev|M15|low@4658.70
1778615642246717393,1778664153286407006,1,1,4720.4,4692.3,4693.75,4773.4000000000015,sl,-28.25,-2825.0,L-Rev|M15|high@4719.80
1778664153071915995,1778665848549912448,-1,1,4696.0,4705.3,4705.075,4677.85,sl,-9.45,-945.0,L-Rev|M15|low@4696.00
1778663677589760651,1778666921823118243,-1,1,4701.3,4714.9,4714.8,4674.3,sl,-13.75,-1375.0,L-Rev|M15|low@4701.30
1778674961138606596,1778686627481681008,-1,1,4692.0,4704.9,4704.824999999999,4667.250000000002,sl,-13.05,-1305.0,L-Rev|M15|low@4692.30
1778729940457442942,1778732489743985236,-1,1,4685.5,4693.3,4693.150000000001,4670.199999999999,sl,-7.95,-795.0,L-Rev|M15|low@4685.50
1778733373725539660,1778734991251592918,1,1,4718.5,4707.5,4707.549999999999,4740.400000000001,sl,-11.15,-1115.0,L-Rev|M15|high@4718.20
1778733373643233031,1778735712273057855,1,1,4718.4,4706.0,4706.125,4742.35,sl,-12.55,-1255.0,L-Rev|M15|high@4717.90
1778744193692413670,1778744826697320537,1,1,4723.4,4713.1,4713.300000000001,4743.0,sl,-10.45,-1045.0,L-Rev|M15|high@4723.10
1778744106998776547,1778745020418480363,1,1,4720.4,4708.4,4708.75,4743.4000000000015,sl,-12.15,-1215.0,L-Rev|M15|high@4719.70
1778765382943883303,1778766148919581773,-1,1,4694.4,4673.9,4704.950000000001,4673.9,tp,20.35,2035.0,L-Rev|M15|low@4694.60
1778766148927890006,1778766214332604263,-1,1,4673.1,4681.1,4680.925,4657.75,sl,-8.15,-815.0,L-Rev|H1|low@4673.20
1778766148927890006,1778766411372914764,-1,1,4673.1,4688.9,4688.724999999999,4642.15,sl,-15.95,-1595.0,L-Rev|M15|low@4673.20
1778803284008089224,1778803396641957070,-1,1,4648.6,4656.7,4656.425,4635.05,sl,-8.25,-825.0,L-Rev|M15|low@4649.30
1778804717934180046,1778808603112596977,-1,1,4645.2,4612.3,4661.65,4612.3,tp,32.75,3275.0,L-Rev|H4|low@4645.20
1778820220929642521,1778823065606006939,-1,1,4611.0,4582.199999999999,4625.400000000001,4582.199999999999,tp,28.65,2865.0,L-Rev|M15|low@4611.00
1778833024967152305,1778852700064048715,-1,1,4560.1,4523.6500000000015,4578.325,4523.6500000000015,tp,36.3,3630.0,L-Rev|M15|low@4560.10
1778852246746365416,1778854421161865203,-1,1,4535.4,4553.3,4553.1,4499.999999999999,sl,-18.05,-1805.0,L-Rev|M15|low@4535.40
1779102611241001240,1779104120655242993,-1,1,4533.1,4551.5,4551.025000000001,4497.25,sl,-18.55,-1855.0,L-Rev|M15|low@4533.10
1779104422958174499,1779105842360431433,1,1,4564.5,4551.1,4551.125000000002,4590.949999999999,sl,-13.55,-1355.0,L-Rev|M15|high@4564.00
1779168250643333311,1779171530034459143,-1,1,4533.4,4552.0,4551.95,4496.6,sl,-18.75,-1875.0,L-Rev|M15|low@4533.50
1779187421029502345,1779188590075612177,-1,1,4533.0,4551.1,4550.924999999999,4499.850000000001,sl,-18.25,-1825.0,L-Rev|M15|low@4533.90
1779197481579485023,1779198655290399245,-1,1,4482.2,4494.7,4494.7,4461.1,sl,-12.65,-1265.0,L-Rev|H1|low@4483.50
1779197481579485023,1779198848620451542,-1,1,4482.2,4501.2,4501.075,4448.35,sl,-19.15,-1915.0,L-Rev|H4|low@4483.50
1779197481579485023,1779199499143798454,-1,1,4482.2,4515.5,4515.225,4420.049999999998,sl,-33.45,-3345.0,L-Rev|M15|low@4483.50
1779240445436260324,1779246480384148721,-1,1,4480.0,4456.150000000001,4491.924999999999,4456.150000000001,tp,23.7,2370.0,L-Rev|M15|low@4480.00
1779286264085016683,1779286560395925951,-1,1,4475.0,4487.6,4487.325,4450.6500000000015,sl,-12.75,-1275.0,L-Rev|M15|low@4475.10
1779287413650027635,1779288910942138175,1,1,4516.4,4533.4,4507.75,4533.4,tp,16.85,1685.0,L-Rev|M15|high@4516.00
1779290163146309871,1779290707129824187,1,1,4552.0,4537.7,4537.875,4579.949999999998,sl,-14.45,-1445.0,L-Rev|M15|high@4551.50
1779322536054327387,1779322702751039420,1,1,4554.6,4546.4,4546.6,4569.999999999999,sl,-8.35,-835.0,L-Rev|M15|high@4553.80
1779382824477006095,1779385780190006179,1,1,4523.0,4555.050000000001,4506.674999999999,4555.050000000001,tp,31.9,3190.0,L-Rev|M15|high@4522.30
1779384029643124578,1779389696388817499,1,1,4544.3,4530.1,4530.275,4572.350000000001,sl,-14.35,-1435.0,L-Rev|M15|high@4544.20
1779429389492256956,1779431387711924708,-1,1,4519.1,4527.2,4527.05,4504.0999999999985,sl,-8.25,-825.0,L-Rev|M15|low@4519.40
1779443660106195805,1779445896996626307,1,1,4535.8,4523.5,4523.775,4559.549999999999,sl,-12.45,-1245.0,L-Rev|M15|high@4535.40
1779457357470757705,1779459295465490635,-1,1,4510.9,4490.1,4522.049999999999,4490.1,tp,20.65,2065.0,L-Rev|M15|low@4511.40
1779458430311814268,1779459295465490635,-1,1,4508.1,4484.35,4520.125,4484.35,tp,23.6,2360.0,L-Rev|M15|low@4508.20
1779458430311814268,1779459295465490635,-1,1,4508.1,4488.1,4518.25,4488.1,tp,19.85,1985.0,L-Rev|H1|low@4508.20
1779286948087240107,1779664034047551843,1,1,4514.2,4573.4,4482.05,4573.4,tp,59.05,5905.0,L-Rev|M15|high@4512.00
1779701774954757987,1779711252179905134,1,1,4567.3,4558.4,4558.6,4584.699999999999,sl,-9.05,-905.0,L-Rev|M15|high@4567.20
1779753709629421970,1779759455136182398,-1,1,4554.2,4535.65,4563.775,4535.65,tp,18.4,1840.0,L-Rev|M15|low@4554.40
1779770220260252755,1779776749814199467,-1,1,4528.1,4536.8,4536.650000000001,4511.0,sl,-8.85,-885.0,L-Rev|M15|low@4528.10
1779779842121263343,1779781728915931459,-1,1,4523.3,4532.4,4532.4,4505.4,sl,-9.25,-925.0,L-Rev|M15|low@4523.40
1779792627029052752,1779794569065744803,1,1,4540.3,4526.4,4526.424999999999,4568.049999999999,sl,-14.05,-1405.0,L-Rev|M15|high@4539.90
1780034409002339372,1780035480035625618,1,1,4551.8,4540.8,4541.2,4572.7,sl,-11.15,-1115.0,L-Rev|M15|high@4551.20
1780063309164397707,1780064834234079700,1,1,4574.9,4559.0,4559.0,4606.699999999999,sl,-16.05,-1605.0,L-Rev|M15|high@4574.40
1780283900825753358,1780292984590641878,-1,1,4545.5,4555.0,4554.950000000001,4526.599999999999,sl,-9.65,-965.0,L-Rev|M15|low@4545.50
1780319483252383627,1780320160096636671,-1,1,4518.4,4496.8499999999985,4529.475000000001,4496.8499999999985,tp,21.4,2140.0,L-Rev|M15|low@4518.60
1780360333054379564,1780360475752332764,1,1,4526.1,4520.6,4520.6,4535.9000000000015,sl,-5.65,-565.0,L-Rev|M15|high@4525.60
1780370954690050103,1780381342788021111,1,1,4527.6,4559.6,4511.000000000001,4559.6,tp,31.85,3185.0,L-Rev|M15|high@4526.80
1780378222628722375,1780405201550251839,1,1,4556.8,4542.3,4542.4,4581.999999999998,sl,-14.65,-1465.0,L-Rev|M15|high@4555.40
1780404457851202928,1780408491207821764,-1,1,4550.7,4535.450000000001,4558.624999999999,4535.450000000001,tp,15.1,1510.0,L-Rev|M15|low@4550.90
1780375603816213847,1780408801154812886,1,1,4543.3,4525.1,4529.025,4571.549999999999,sl,-18.35,-1835.0,L-Rev|M15|high@4542.80
1780441838827392691,1780442608004798881,-1,1,4508.0,4495.700000000001,4514.15,4495.700000000001,tp,12.15,1215.0,L-Rev|M15|low@4508.00
1780442926039579409,1780443738756906497,-1,1,4491.5,4499.5,4499.5,4477.900000000001,sl,-8.15,-815.0,L-Rev|H1|low@4492.30
1780442926039579409,1780444833389499761,-1,1,4491.5,4507.3,4507.150000000001,4462.6,sl,-15.95,-1595.0,L-Rev|M15|low@4492.30
1780494169865075046,1780495858123519929,-1,1,4467.2,4482.2,4482.125,4437.35,sl,-15.15,-1515.0,L-Rev|M15|low@4467.20
1780518866934292787,1780527391563197438,-1,1,4461.1,4471.3,4470.4,4442.500000000001,sl,-10.35,-1035.0,L-Rev|M15|low@4461.10
1780524972801284438,1780527423609462067,-1,1,4453.9,4473.5,4473.5,4415.0,sl,-19.75,-1975.0,L-Rev|M15|low@4454.00
1780536020839654703,1780537938911274652,1,1,4496.8,4484.3,4484.35,4521.700000000001,sl,-12.65,-1265.0,L-Rev|M15|high@4496.50
1780572402363010673,1780574226989203798,1,1,4511.5,4536.299999999999,4498.95,4536.299999999999,tp,24.65,2465.0,L-Rev|M15|high@4511.20
1780573589106696966,1780583356879862454,1,1,4525.8,4511.3,4511.5,4552.9,sl,-14.65,-1465.0,L-Rev|M15|high@4525.10
1780572431458611303,1780584212156113227,1,1,4517.1,4502.6,4502.65,4543.600000000001,sl,-14.65,-1465.0,L-Rev|M15|high@4516.10
1780618336482917486,1780619713772593191,-1,1,4483.8,4488.6,4488.6,4474.200000000001,sl,-4.95,-495.0,L-Rev|H1|low@4483.80
1780618336482917486,1780621509390696078,-1,1,4483.8,4496.2,4496.175,4459.05,sl,-12.55,-1255.0,L-Rev|M15|low@4483.80
1780640100496529060,1780640678850880402,-1,1,4461.2,4471.0,4470.799999999999,4442.000000000001,sl,-9.95,-995.0,L-Rev|M15|low@4461.20
1780624879046367867,1780643536989856219,-1,1,4470.0,4486.9,4486.8,4436.4,sl,-17.05,-1705.0,L-Rev|M15|low@4470.00
1780660287566925451,1780662601148957463,1,1,4497.0,4480.0,4487.400000000001,4515.300000000001,sl,-17.15,-1715.0,L-Rev|M15|high@4496.60
1780663917707956959,1780664400547182577,-1,1,4454.4,4429.1500000000015,4467.625,4429.1500000000015,tp,25.1,2510.0,L-Rev|M15|low@4454.80
1780663959473826927,1780664400626817012,-1,1,4448.4,4428.650000000001,4460.825000000001,4428.650000000001,tp,19.6,1960.0,L-Rev|H1|low@4450.10
1780663959473826927,1780666674501541964,-1,1,4448.4,4415.1,4467.6,4415.1,tp,33.15,3315.0,L-Rev|H4|low@4450.10
1780882219684823849,1780883142107027796,-1,1,4333.2,4352.6,4352.6,4294.999999999999,sl,-19.55,-1955.0,L-Rev|M15|low@4333.40
1780896852578734815,1780903476238015159,-1,1,4323.6,4341.6,4339.275,4292.250000000001,sl,-18.15,-1815.0,L-Rev|M15|low@4323.60
1780917299032391993,1780925876910492074,1,1,4343.3,4367.2,4329.8499999999985,4367.2,tp,23.75,2375.0,L-Rev|M15|high@4342.00
1780983721395572965,1780985625683740911,1,1,4372.0,4364.8,4364.8,4386.4,sl,-7.35,-735.0,L-Rev|H1|high@4371.50
1780983711586868863,1780986625749981187,1,1,4371.3,4361.2,4361.224999999999,4391.15,sl,-10.25,-1025.0,L-Rev|M15|high@4371.00
1780983149979809651,1780986666789149547,1,1,4366.9,4356.7,4356.975,4386.450000000001,sl,-10.35,-1035.0,L-Rev|M15|high@4366.50
1780983721384101543,1780989278697200758,1,1,4371.8,4351.5,4351.699999999999,4412.000000000002,sl,-20.45,-2045.0,L-Rev|M15|high@4371.50
1780989303431037324,1780992772072254691,-1,1,4348.6,4359.4,4359.4,4327.000000000001,sl,-10.95,-1095.0,L-Rev|M15|low@4348.60
1780917302661344548,1781012939466244647,1,1,4346.8,4379.8,4330.3,4379.8,tp,32.85,3285.0,L-Rev|M15|high@4346.40
1781012927050741757,1781013162047134858,1,1,4375.9,4362.5,4362.85,4401.999999999999,sl,-13.55,-1355.0,L-Rev|M15|high@4375.70
1781014633120671474,1781014974870991551,-1,1,4336.0,4344.1,4343.975,4320.05,sl,-8.25,-825.0,L-Rev|H1|low@4336.00
1781014633120671474,1781015177507880155,-1,1,4336.0,4347.9,4347.700000000001,4312.599999999999,sl,-12.05,-1205.0,L-Rev|M15|low@4336.00
1781014443130993894,1781016153072034606,-1,1,4344.5,4324.400000000001,4354.549999999999,4324.400000000001,tp,19.95,1995.0,L-Rev|M15|low@4344.50
1781019095034509896,1781045503207809035,-1,1,4297.0,4259.1500000000015,4316.075,4259.1500000000015,tp,37.7,3770.0,L-Rev|M15|low@4297.10
1781078593992942859,1781093459511017390,-1,1,4194.2,4163.45,4209.575,4163.45,tp,30.6,3060.0,L-Rev|M15|low@4194.20
1781103368031352846,1781121722707430782,-1,1,4150.8,4101.449999999999,4177.275000000001,4101.449999999999,tp,49.2,4920.0,L-Rev|M15|low@4152.00
1781179840455068518,1781185591471522918,-1,1,4098.1,4109.3,4109.275000000001,4075.7499999999995,sl,-11.35,-1135.0,L-Rev|M15|low@4098.10
1781187166059708825,1781187730811432351,-1,1,4073.4,4091.3,4091.25,4037.7,sl,-18.05,-1805.0,L-Rev|M15|low@4073.40
1781199010712956887,1781199218647607727,1,1,4133.8,4161.25,4120.075,4161.25,tp,27.3,2730.0,L-Rev|M15|high@4133.60
1781199015857631969,1781199713564089817,1,1,4139.1,4181.850000000001,4117.725,4181.850000000001,tp,42.6,4260.0,L-Rev|M15|high@4138.50
1781243913097305884,1781251013734147544,-1,1,4192.6,4209.2,4209.025,4160.65,sl,-16.75,-1675.0,L-Rev|M15|low@4192.90
1781252115765682022,1781254530728823638,1,1,4227.0,4244.700000000001,4218.15,4244.700000000001,tp,17.55,1755.0,L-Rev|M15|high@4226.70
1781487164782309585,1781491113467860821,1,1,4330.0,4353.949999999999,4317.725,4353.949999999999,tp,23.8,2380.0,L-Rev|M15|high@4329.60
1781523032721076225,1781523966120191521,1,1,4366.3,4356.1,4356.175000000001,4386.549999999999,sl,-10.35,-1035.0,L-Rev|M15|high@4366.10
1781512351206745744,1781525843388638964,1,1,4357.4,4347.2,4347.225,4377.1500000000015,sl,-10.35,-1035.0,L-Rev|M15|high@4356.80
1781512329600068934,1781530245211665100,1,1,4354.1,4378.099999999999,4342.099999999999,4378.099999999999,tp,23.85,2385.0,L-Rev|M15|high@4353.90
1781580943659063697,1781589528771833481,1,1,4347.3,4335.9,4335.900000000001,4370.1,sl,-11.55,-1155.0,L-Rev|M15|high@4346.80
1781544968614872479,1781597782877857031,-1,1,4345.3,4362.3,4362.175,4311.55,sl,-17.15,-1715.0,L-Rev|M15|low@4345.30
1781596330140550527,1781600951661277465,1,1,4354.6,4369.35,4347.075000000001,4369.35,tp,14.6,1460.0,L-Rev|M15|high@4354.10
1781658438754309180,1781659211717801503,1,1,4368.6,4359.2,4359.275,4386.950000000003,sl,-9.55,-955.0,L-Rev|M15|high@4368.10
1781688617193611209,1781696105036006880,1,1,4354.2,4344.7,4344.725,4372.85,sl,-9.65,-965.0,L-Rev|M15|high@4353.80
1781666104237302375,1781702580256195740,-1,1,4348.2,4358.4,4358.325,4327.95,sl,-10.35,-1035.0,L-Rev|M15|low@4348.20
1781706210644957294,1781706610171439196,1,1,4370.4,4382.75,4363.775000000001,4382.75,tp,12.2,1220.0,L-Rev|H1|high@4369.80
1781706248658820107,1781707288151129153,1,1,4376.8,4368.0,4368.249999999999,4393.9,sl,-8.95,-895.0,L-Rev|H1|high@4376.50
1781706248658820107,1781707638058435356,1,1,4376.8,4361.2,4361.200000000001,4407.999999999999,sl,-15.75,-1575.0,L-Rev|M15|high@4376.50
1781706210644957294,1781707638951855038,1,1,4370.4,4359.7,4359.975,4390.35,sl,-10.85,-1085.0,L-Rev|M15|high@4369.80
1781717616743077619,1781719205033718740,1,1,4391.8,4378.7,4379.399999999999,4416.6,sl,-13.25,-1325.0,L-Rev|H4|high@4391.50
1781719498568366268,1781719542693600270,-1,1,4335.5,4322.25,4342.275000000001,4322.25,tp,13.1,1310.0,L-Rev|M15|low@4335.60
1781719517316961154,1781719543109651459,-1,1,4333.7,4321.4,4339.85,4321.4,tp,12.15,1215.0,L-Rev|H1|low@4333.70
1781719498568366268,1781719686626958663,-1,1,4335.5,4320.05,4343.375,4320.05,tp,15.3,1530.0,L-Rev|H1|low@4335.60
1781719482031769207,1781719713830403122,-1,1,4338.6,4316.949999999999,4349.575000000001,4316.949999999999,tp,21.5,2150.0,L-Rev|M15|low@4338.70
1781719517316961154,1781719716122400139,-1,1,4333.7,4311.500000000001,4344.799999999999,4311.500000000001,tp,22.05,2205.0,L-Rev|M15|low@4333.70
1781791444536173400,1781824478708852263,-1,1,4257.3,4214.4,4279.65,4214.4,tp,42.75,4275.0,L-Rev|M15|low@4257.90
1781809358889094358,1781824478708852263,-1,1,4233.0,4214.550000000001,4242.224999999999,4214.550000000001,tp,18.3,1830.0,L-Rev|M15|low@4233.00
1781823764306975375,1781828315062460687,-1,1,4220.2,4202.600000000001,4229.15,4202.600000000001,tp,17.45,1745.0,L-Rev|M15|low@4220.30
1782119184065818739,1782132655160193013,1,1,4225.7,4216.1,4216.474999999999,4244.15,sl,-9.75,-975.0,L-Rev|M15|high@4225.40
1782134874777585631,1782136007337287652,-1,1,4206.5,4216.5,4216.025000000001,4187.449999999999,sl,-10.15,-1015.0,L-Rev|M15|low@4206.50
1782143399619086561,1782143746797353751,-1,1,4188.1,4198.9,4198.825000000001,4166.65,sl,-10.95,-1095.0,L-Rev|M15|low@4188.10
1782178415508734087,1782178925388803859,-1,1,4187.3,4177.9,4192.6,4177.9,tp,9.25,925.0,L-Rev|H1|low@4187.70
1782178415508734087,1782183715017727140,-1,1,4187.3,4162.499999999998,4200.300000000001,4162.499999999998,tp,24.65,2465.0,L-Rev|M15|low@4187.70
1782222532500857955,1782239121300176483,1,1,4151.9,4139.7,4139.700000000001,4175.700000000001,sl,-12.35,-1235.0,L-Rev|M15|high@4151.10
1782324207148191005,1782324671863535206,-1,1,3980.3,4007.7,4007.525,3925.8500000000004,sl,-27.55,-2755.0,L-Rev|M15|low@3980.30
1782390622817681251,1782390905879657279,1,1,4018.4,4007.6,4007.95,4039.0000000000005,sl,-10.95,-1095.0,L-Rev|M15|high@4017.90
1782400948257387991,1782440389983291504,1,1,4050.5,4024.7,4024.75,4101.7,sl,-25.95,-2595.0,L-Rev|M15|high@4049.90
1782391711698389705,1782441462952243887,1,1,4034.4,4010.7,4010.8500000000004,4081.4999999999995,sl,-23.85,-2385.0,L-Rev|M15|high@4033.90
1782703342923480596,1782707795649942895,1,1,4089.0,4071.5,4071.5750000000003,4123.55,sl,-17.65,-1765.0,L-Rev|M15|high@4088.70
1782741817274211079,1782742547044124211,-1,1,4037.8,4014.25,4050.025,4014.25,tp,23.4,2340.0,L-Rev|M15|low@4038.10
1782779826154533784,1782780969626680500,-1,1,4012.0,3998.55,4018.725,3998.55,tp,13.3,1330.0,L-Rev|H1|low@4012.00
1782779826154533784,1782781596090754163,-1,1,4012.0,3985.0,4025.5,3985.0,tp,26.85,2685.0,L-Rev|M15|low@4012.00
1782801318122884844,1782801397599103142,1,1,4046.9,4039.9,4039.925,4060.8499999999995,sl,-7.15,-715.0,L-Rev|M15|high@4046.70
1782801148554867977,1782824294227197027,1,1,4037.6,4022.0,4022.025,4068.15,sl,-15.75,-1575.0,L-Rev|M15|high@4036.70
1782824151523948453,1782824869293319766,-1,1,4025.8,4033.9,4033.85,4010.0,sl,-8.25,-825.0,L-Rev|M15|low@4025.90
1782828559733349895,1782829420828796015,1,1,4052.3,4073.3500000000004,4041.6250000000005,4073.3500000000004,tp,20.9,2090.0,L-Rev|M15|high@4051.80
1782829268472448995,1782831722738291831,1,1,4067.4,4050.3,4050.3749999999995,4101.45,sl,-17.25,-1725.0,L-Rev|M15|high@4067.00
1782828559802829676,1782839629620666348,1,1,4053.1,4034.7,4034.7749999999996,4088.550000000001,sl,-18.55,-1855.0,L-Rev|M15|high@4051.40
1782848885083774576,1782852940163363241,-1,1,4034.8,4023.0500000000006,4040.825,4023.0500000000006,tp,11.6,1160.0,L-Rev|M15|low@4034.90
1782852940994956985,1782886038400048756,-1,1,4022.1,3978.6,4043.85,3978.6,tp,43.35,4335.0,L-Rev|M15|low@4022.10
1782906632084544038,1782907318500505892,1,1,4049.2,4043.2,4043.275,4061.0499999999993,sl,-6.15,-615.0,L-Rev|M15|high@4048.70
1782913137742743730,1782913221556682697,1,1,4078.4,4092.05,4071.5750000000003,4092.05,tp,13.5,1350.0,L-Rev|H1|high@4078.10
1782913137742743730,1782913490594070496,1,1,4078.4,4110.950000000001,4062.125,4110.950000000001,tp,32.4,3240.0,L-Rev|M15|high@4078.10
1782964166324188545,1782970401346026940,1,1,4080.9,4066.0,4066.0750000000003,4109.950000000001,sl,-15.05,-1505.0,L-Rev|M15|high@4080.50
1782972142308561441,1782976995299276273,1,1,4087.2,4076.1,4076.3999999999996,4107.0,sl,-11.25,-1125.0,L-Rev|M15|high@4086.30
1783084151533592380,1783087739130197526,-1,1,4180.6,4169.299999999999,4186.4,4169.299999999999,tp,11.15,1115.0,L-Rev|M15|low@4180.70
1783087634536389390,1783090992633959318,-1,1,4173.1,4184.1,4184.025000000001,4152.75,sl,-11.15,-1115.0,L-Rev|M15|low@4173.60
1783302491366700209,1783303626978450223,1,1,4214.4,4191.7,4191.85,4258.9000000000015,sl,-22.85,-2285.0,L-Rev|M15|high@4214.10
1783314212998523277,1783323927064453252,-1,1,4167.7,4177.1,4177.05,4149.0,sl,-9.55,-955.0,L-Rev|H1|low@4167.70
1783305345130122239,1783387669156501985,-1,1,4182.3,4140.1,4203.549999999999,4140.1,tp,42.05,4205.0,L-Rev|M15|low@4182.40
1783387669156501985,1783387820824907627,-1,1,4139.7,4146.7,4146.55,4128.700000000001,sl,-7.15,-715.0,L-Rev|H1|low@4140.60
1783387669156501985,1783388675068449859,-1,1,4139.7,4153.5,4153.5,4114.800000000001,sl,-13.95,-1395.0,L-Rev|M15|low@4140.60
1783423115375613462,1783426193262471380,1,1,4151.4,4182.799999999999,4135.549999999999,4182.799999999999,tp,31.25,3125.0,L-Rev|M15|high@4150.90
1783426182687010948,1783427210859650100,1,1,4180.0,4174.3,4174.424999999999,4190.25,sl,-5.85,-585.0,L-Rev|H1|high@4179.60
1783426182687010948,1783427776425233589,1,1,4180.0,4174.1,4174.125,4191.449999999999,sl,-6.05,-605.0,L-Rev|M15|high@4179.60
1783426182687010948,1783427837554010686,1,1,4180.0,4173.6,4173.775,4192.450000000001,sl,-6.55,-655.0,L-Rev|M15|high@4179.50
1783450154662231881,1783451233977939973,-1,1,4146.9,4127.999999999999,4156.35,4127.999999999999,tp,18.75,1875.0,L-Rev|M15|low@4146.90
1783451233977939973,1783451707903400934,-1,1,4127.0,4113.45,4134.825,4113.45,tp,13.4,1340.0,L-Rev|H1|low@4127.70
1783450866312289177,1783451711117375549,-1,1,4130.6,4113.050000000001,4139.375,4113.050000000001,tp,17.4,1740.0,L-Rev|M15|low@4130.60
1783451233977939973,1783451766809665774,-1,1,4127.0,4107.6,4137.75,4107.6,tp,19.25,1925.0,L-Rev|M15|low@4127.70
1783479712608614481,1783498613736357289,1,1,4137.4,4118.3,4118.475000000001,4174.950000000001,sl,-19.25,-1925.0,L-Rev|M15|high@4137.10
1783498677616129477,1783499794638692766,-1,1,4102.3,4084.5499999999997,4111.775,4084.5499999999997,tp,17.6,1760.0,L-Rev|H1|low@4102.70
1783498677616129477,1783499971622895251,-1,1,4102.3,4078.1000000000004,4115.0,4078.1000000000004,tp,24.05,2405.0,L-Rev|M15|low@4102.70
1783521825867723330,1783529028954140195,-1,1,4047.7,4063.2,4063.2,4023.6000000000004,sl,-15.65,-1565.0,L-Rev|M15|low@4050.00
1783536391190600699,1783559029468910222,1,1,4097.3,4075.8,4075.8,4139.700000000001,sl,-21.65,-2165.0,L-Rev|M15|high@4096.80
1783576819636079294,1783580384554608169,1,1,4102.6,4116.65,4094.3750000000005,4116.65,tp,13.9,1390.0,L-Rev|H1|high@4101.60
1783576819636079294,1783585272421282553,1,1,4102.6,4123.35,4091.625000000001,4123.35,tp,20.6,2060.0,L-Rev|M15|high@4101.60
1783576817566016721,1783598926221771147,1,1,4099.4,4127.9,4085.1499999999996,4127.9,tp,28.35,2835.0,L-Rev|M15|high@4099.10
1783598926196410567,1783599549307988560,1,1,4127.8,4118.4,4118.525,4145.75,sl,-9.55,-955.0,L-Rev|M15|high@4127.40
1783605941747845057,1783606218577329549,1,1,4145.3,4135.5,4135.525,4164.550000000001,sl,-9.95,-995.0,L-Rev|M15|high@4144.70
1783614756070949777,1783616391022603236,1,1,4147.8,4137.8,4137.874999999998,4167.349999999999,sl,-10.15,-1015.0,L-Rev|M15|high@4147.40
1783643078834099572,1783644313501288230,-1,1,4128.3,4133.8,4133.699999999999,4117.500000000002,sl,-5.65,-565.0,L-Rev|M15|low@4128.30
1783690021350125871,1783691027295005054,-1,1,4102.6,4110.3,4110.275,4088.4500000000003,sl,-7.85,-785.0,L-Rev|M15|low@4103.00
1783690021350125871,1783693721293068396,-1,1,4102.6,4117.5,4117.05,4074.3,sl,-15.05,-1505.0,L-Rev|M15|low@4102.80
1783911988703492655,1783930959881323878,-1,1,4069.4,4087.5,4087.4,4033.4,sl,-18.25,-1825.0,L-Rev|M15|low@4069.40
1783930266971936474,1783939315953477182,1,1,4081.4,4063.0,4063.45,4117.0,sl,-18.55,-1855.0,L-Rev|M15|high@4080.90
1783950678295366366,1783952205562575294,-1,1,4055.0,4027.8499999999995,4068.5750000000003,4027.8499999999995,tp,27.0,2700.0,L-Rev|M15|low@4055.00
1784030602219686500,1784030909941824300,1,1,4040.6,4033.0,4033.0249999999996,4055.7500000000005,sl,-7.75,-775.0,L-Rev|M15|high@4040.40
1784079340045588196,1784092292996341886,-1,1,4052.7,4032.9,4062.5999999999995,4032.9,tp,19.65,1965.0,L-Rev|M15|low@4052.70
1784115690291516565,1784119075649754685,1,1,4045.0,4070.6999999999994,4032.0,4070.6999999999994,tp,25.55,2555.0,L-Rev|M15|high@4044.70
1784119020072542441,1784128370187552255,1,1,4068.8,4057.0,4057.175,4092.0499999999993,sl,-11.95,-1195.0,L-Rev|M15|high@4068.60
1784140194954336767,1784141832330857700,1,1,4081.2,4066.7,4066.7,4109.9,sl,-14.65,-1465.0,L-Rev|M15|high@4080.70
1784183705007136067,1784188927444908358,-1,1,4029.4,4037.7,4037.65,4012.9,sl,-8.45,-845.0,L-Rev|M15|low@4029.40
1784201143459895351,1784201762565045398,-1,1,4027.7,4036.3,4036.2499999999995,4010.6000000000004,sl,-8.75,-875.0,L-Rev|M15|low@4027.70
1784202381200067217,1784202595494366167,1,1,4043.5,4036.8,4036.9750000000004,4056.5499999999997,sl,-6.85,-685.0,L-Rev|M15|high@4043.20
1784230524449024435,1784246393841537951,-1,1,3977.1,3989.7,3998.025,3935.25,manual,-12.75,-1275.0,L-Rev|M15|low@3977.10
