ts_open,ts_close,dir,qty,entry,exit,sl,tp,reason,pnl_pts,pnl_usd,tag
1735806442548098527,1735807286145086999,-1,1,2643.2,2646.2,2646.125,2637.3499999999995,sl,-3.15,-315.0,L-Rev|M15|low@2643.20
1735821949010748614,1735822802087416905,1,1,2659.6,2655.5,2655.5250000000005,2667.45,sl,-4.25,-425.0,L-Rev|M15|high@2659.40
1735863434781940869,1735867444565446341,1,1,2674.3,2671.8,2671.95,2678.7,sl,-2.65,-265.0,L-Rev|M15|high@2674.10
1735863434781940869,1735888930048952166,1,1,2674.3,2669.2,2669.2000000000003,2684.5,sl,-5.25,-525.0,L-Rev|M15|high@2674.20
1735888839912328844,1735911484578839209,-1,1,2670.3,2660.55,2675.175,2660.55,tp,9.6,960.0,L-Rev|M15|low@2670.30
1735936108589869896,1736118000134124859,-1,1,2652.3,2645.7,2655.6000000000004,2645.7,tp,6.45,645.0,L-Rev|M15|low@2652.30
1736163173543581902,1736165516609518731,1,1,2661.1,2656.8,2656.9749999999995,2669.3500000000004,sl,-4.45,-445.0,L-Rev|M15|high@2661.00
1736170852409698619,1736173027578781687,-1,1,2635.6,2627.1500000000005,2641.325,2627.1500000000005,tp,8.3,830.0,L-Rev|M15|low@2636.60
1736209321089378194,1736211583457520761,-1,1,2643.7,2646.4,2646.3250000000003,2638.449999999999,sl,-2.85,-285.0,L-Rev|M15|low@2643.70
1736211606354871104,1736214517619761677,1,1,2648.3,2651.3499999999995,2646.175,2651.3499999999995,tp,2.9,290.0,L-Rev|M15|high@2647.80
1736227349632200788,1736236449322138053,1,1,2652.3,2649.6,2649.6749999999997,2657.5499999999997,sl,-2.85,-285.0,L-Rev|M15|high@2652.10
1736227353836178158,1736251668463020191,1,1,2652.8,2661.7999999999993,2648.3,2661.7999999999993,tp,8.85,885.0,L-Rev|M15|high@2652.70
1736253653988793811,1736256053106033618,1,1,2663.9,2673.9,2658.9,2673.9,tp,9.85,985.0,L-Rev|H1|high@2663.80
1736253654027527460,1736262447145036369,1,1,2664.3,2655.8,2655.8250000000007,2680.35,sl,-8.65,-865.0,L-Rev|M15|high@2663.80
1736300614134338558,1736315560572742676,-1,1,2661.3,2664.4,2664.375,2655.150000000001,sl,-3.25,-325.0,L-Rev|M15|low@2661.30
1736335603549027737,1736340592799782046,-1,1,2662.9,2665.9,2665.825,2657.0500000000006,sl,-3.15,-315.0,L-Rev|M15|low@2662.90
1736341286637965405,1736342987278929171,1,1,2669.4,2663.5,2665.65,2676.9,sl,-6.05,-605.0,L-Rev|M15|high@2669.30
1736397383290463479,1736398863526808540,-1,1,2674.3,2677.7,2677.675,2667.55,sl,-3.55,-355.0,L-Rev|M15|low@2674.30
1736405222745806639,1736409554401404269,1,1,2681.8,2679.0,2679.0750000000003,2686.9500000000003,sl,-2.95,-295.0,L-Rev|M15|high@2681.50
1736422044046565094,1736429116709553923,1,1,2687.4,2694.4,2683.45,2694.4,tp,6.85,685.0,L-Rev|H1|high@2687.00
1736441878570976835,1736447151007661130,-1,1,2686.0,2692.3,2692.3,2673.3999999999996,sl,-6.45,-645.0,L-Rev|M15|low@2686.00
1736463600121308614,1736463600123457188,1,1,2693.0,2692.45,2682.9249999999997,2692.45,tp,-0.7,-70.0,L-Rev|H1|high@2696.80
1736465271363194555,1736487549152754086,1,1,2693.8,2698.800000000001,2691.1499999999996,2698.800000000001,tp,4.85,485.0,L-Rev|M15|high@2693.50
1736422044046565094,1736487868905537199,1,1,2687.4,2700.25,2680.6749999999997,2700.25,tp,12.7,1270.0,L-Rev|M15|high@2687.00
1736475807388162753,1736515884447585564,1,1,2697.0,2689.7,2689.8,2711.3999999999996,sl,-7.45,-745.0,L-Rev|M15|high@2696.80
1736517322272008082,1736518684091701408,1,1,2712.0,2721.6499999999996,2706.575,2721.6499999999996,tp,9.5,950.0,L-Rev|M15|high@2711.40
1736771378577854795,1736773396515176092,-1,1,2686.9,2693.9,2693.85,2673.0,sl,-7.15,-715.0,L-Rev|H1|low@2686.90
1736792713330327276,1736810227104858415,-1,1,2679.6,2684.6,2684.55,2669.6999999999994,sl,-5.15,-515.0,L-Rev|M15|low@2679.60
1736832660539595985,1736842909189678699,-1,1,2683.8,2686.6,2686.5000000000005,2678.3999999999996,sl,-2.95,-295.0,L-Rev|M15|low@2683.80
1736784049696945889,1736843407058461269,-1,1,2679.6,2690.2,2690.1000000000004,2659.4999999999995,sl,-10.75,-1075.0,L-Rev|M15|low@2679.90
1736843406810043798,1736843722387617032,1,1,2690.0,2686.7,2686.7749999999996,2696.4500000000003,sl,-3.45,-345.0,L-Rev|M15|high@2689.90
1736861916613183903,1736862010364376297,-1,1,2674.8,2677.1,2677.1,2671.3999999999996,sl,-2.45,-245.0,L-Rev|H1|low@2675.20
1736861916613183903,1736862372439475833,-1,1,2674.8,2680.2,2678.425,2668.7499999999995,sl,-5.55,-555.0,L-Rev|M15|low@2675.20
1736888274896007581,1736905545096843592,1,1,2690.4,2687.0,2687.075,2697.05,sl,-3.55,-355.0,L-Rev|H1|high@2690.30
1736921499068150322,1736926951119759372,1,1,2695.4,2699.75,2693.225,2699.75,tp,4.2,420.0,L-Rev|M15|high@2695.20
1736888274896007581,1736928377184150734,1,1,2690.4,2700.4500000000007,2685.375,2700.4500000000007,tp,9.9,990.0,L-Rev|M15|high@2690.30
1736873513549984719,1736931893914514364,1,1,2687.5,2702.6500000000005,2679.9249999999997,2702.6500000000005,tp,15.0,1500.0,L-Rev|M15|high@2687.40
1736947848096034038,1736948332087067744,1,1,2713.0,2708.8,2708.825,2720.7500000000005,sl,-4.35,-435.0,L-Rev|M15|high@2712.70
1737015533927812517,1737016562126983711,1,1,2731.8,2728.7,2728.725,2737.95,sl,-3.25,-325.0,L-Rev|M15|high@2731.60
1737014981043476996,1737019486862755052,1,1,2729.2,2736.25,2725.6749999999997,2736.25,tp,6.9,690.0,L-Rev|M15|high@2729.00
1737126103744822866,1737126928693614188,1,1,2748.5,2746.5,2746.55,2752.399999999999,sl,-2.15,-215.0,L-Rev|M15|high@2748.40
1737126103739430278,1737127041139966133,1,1,2748.3,2745.2,2745.2999999999997,2754.2999999999997,sl,-3.25,-325.0,L-Rev|M15|high@2748.20
1737379851970105728,1737380147623704197,-1,1,2744.6,2735.45,2749.1749999999997,2735.45,tp,9.0,900.0,L-Rev|M15|low@2744.60
1737380254798270626,1737380266287522386,-1,1,2730.2,2725.5499999999997,2733.875,2725.5499999999997,tp,4.5,450.0,L-Rev|H1|low@2731.10
1737380254798270626,1737380835394289385,-1,1,2730.2,2735.7,2735.6749999999997,2721.95,sl,-5.65,-565.0,L-Rev|M15|low@2731.10
1737470423291688169,1737471372125080508,1,1,2747.2,2753.300000000001,2743.8500000000004,2753.300000000001,tp,5.95,595.0,L-Rev|M15|high@2746.80
1737470423291688169,1737471413893940741,1,1,2747.2,2754.3999999999996,2743.3,2754.3999999999996,tp,7.05,705.0,L-Rev|H1|high@2746.80
1737471433080071665,1737471787273436221,1,1,2755.3,2751.9,2751.9750000000004,2761.0500000000006,sl,-3.55,-355.0,L-Rev|H1|high@2754.80
1737470893310084080,1737517079285006761,1,1,2750.7,2766.15,2742.9749999999995,2766.15,tp,15.3,1530.0,L-Rev|M15|high@2750.60
1737476388583198250,1737538049869292332,1,1,2759.6,2772.3500000000004,2752.925,2772.3500000000004,tp,12.6,1260.0,L-Rev|H4|high@2759.20
1737538068970543244,1737545002636567677,1,1,2772.6,2768.2,2768.2250000000004,2781.050000000001,sl,-4.55,-455.0,L-Rev|M15|high@2772.30
1737624096769873530,1737624961739714212,-1,1,2754.0,2747.7000000000003,2757.1499999999996,2747.7000000000003,tp,6.15,615.0,L-Rev|M15|low@2754.00
1737638053344794773,1737642793305835371,-1,1,2747.2,2752.6,2752.5249999999996,2736.55,sl,-5.55,-555.0,L-Rev|M15|low@2747.20
1737650765646208690,1737651099260350968,1,1,2765.0,2761.5,2761.575,2771.25,sl,-3.65,-365.0,L-Rev|M15|high@2764.60
1737650657878118528,1737684641888308553,1,1,2762.1,2776.05,2755.125,2776.05,tp,13.8,1380.0,L-Rev|M15|high@2761.80
1737684029828851521,1737686771048272693,1,1,2773.1,2781.35,2768.975,2781.35,tp,8.1,810.0,L-Rev|M15|high@2773.00
1737698925374150440,1737701117022204792,1,1,2785.0,2781.3,2781.325,2792.350000000001,sl,-3.85,-385.0,L-Rev|M15|high@2784.90
1737718452390910264,1737729000665960018,1,1,2785.4,2780.9,2780.9,2794.4,sl,-4.65,-465.0,L-Rev|M15|high@2785.30
1737718261943544350,1737732262957836042,1,1,2784.5,2793.2000000000003,2780.1499999999996,2793.2000000000003,tp,8.55,855.0,L-Rev|M15|high@2784.40
1737737356462825603,1737944075213290346,-1,1,2780.3,2763.3500000000004,2788.775,2763.3500000000004,tp,16.8,1680.0,L-Rev|M15|low@2780.30
1737943597462222271,1737944476407073448,-1,1,2766.2,2759.6999999999994,2769.6000000000004,2759.6999999999994,tp,6.35,635.0,L-Rev|M15|low@2766.30
1737957740735194154,1737965892470295601,-1,1,2757.6,2762.2,2762.175,2748.4499999999994,sl,-4.75,-475.0,L-Rev|M15|low@2757.60
1737988222660802961,1737996683288712202,-1,1,2752.0,2737.5999999999995,2759.2000000000003,2737.5999999999995,tp,14.25,1425.0,L-Rev|M15|low@2752.00
1738056630365559674,1738057091115830714,1,1,2748.9,2746.5,2746.5,2753.7000000000007,sl,-2.55,-255.0,L-Rev|M15|high@2748.70
1738069203344143378,1738073771259814623,1,1,2749.8,2756.749999999999,2746.1750000000006,2756.749999999999,tp,6.8,680.0,L-Rev|M15|high@2749.60
1738069203344143378,1738074014788718422,1,1,2749.8,2757.2999999999997,2746.0499999999997,2757.2999999999997,tp,7.35,735.0,L-Rev|M15|high@2749.70
1738120615233820576,1738121130107522471,-1,1,2769.5,2771.4,2771.3,2765.899999999999,sl,-2.05,-205.0,L-Rev|M15|low@2769.50
1738156951819070801,1738157198028111106,-1,1,2765.2,2768.2,2768.0000000000005,2759.8999999999996,sl,-3.15,-315.0,L-Rev|M15|low@2765.30
1738159926486723571,1738164122061478652,1,1,2775.8,2772.2,2772.25,2782.600000000001,sl,-3.75,-375.0,L-Rev|M15|high@2775.50
1738177499662636299,1738179169331916436,-1,1,2763.7,2766.5,2766.1499999999996,2758.8,sl,-2.95,-295.0,L-Rev|H1|low@2763.70
1738177499662636299,1738179191585034430,-1,1,2763.7,2768.2,2768.1249999999995,2754.8500000000004,sl,-4.65,-465.0,L-Rev|M15|low@2763.70
1738177225679011422,1738179592694997352,-1,1,2764.7,2771.6,2771.5249999999996,2751.05,sl,-7.05,-705.0,L-Rev|M15|low@2764.70
1738220187281646615,1738220440914075544,1,1,2776.2,2772.3,2774.3249999999994,2779.9500000000007,sl,-4.05,-405.0,L-Rev|M15|high@2775.70
1738220283741330469,1738220440914075544,1,1,2779.5,2772.3,2775.1,2784.3999999999996,sl,-7.35,-735.0,L-Rev|H1|high@2778.10
1738220283741330469,1738232159098361661,1,1,2779.5,2792.1499999999996,2771.6749999999997,2792.1499999999996,tp,12.5,1250.0,L-Rev|M15|high@2778.10
1738302144185349975,1738308102437332269,-1,1,2847.1,2849.4,2849.35,2842.6,sl,-2.45,-245.0,L-Rev|M15|low@2847.10
1738334067993762220,1738334171818208732,1,1,2852.8,2850.7,2850.7,2857.0,sl,-2.25,-225.0,L-Rev|M15|high@2852.60
1738335921089115917,1738336774406061370,1,1,2859.6,2856.4,2857.25,2864.2999999999997,sl,-3.35,-335.0,L-Rev|H1|high@2859.50
1738335921089115917,1738336774430906418,1,1,2859.6,2856.1,2856.15,2866.5,sl,-3.65,-365.0,L-Rev|M15|high@2859.50
1738343707620796906,1738343918235861780,-1,1,2840.7,2845.0,2844.9749999999995,2832.15,sl,-4.45,-445.0,L-Rev|M15|low@2840.70
1738594098625991964,1738596303780141203,1,1,2863.3,2857.9,2858.4750000000004,2872.05,sl,-5.55,-555.0,L-Rev|H1|high@2862.90
1738594080159537631,1738596356592279816,1,1,2861.9,2852.9,2852.9249999999997,2879.25,sl,-9.15,-915.0,L-Rev|M15|high@2861.50
1738645478912562176,1738646093549148244,-1,1,2846.3,2849.3,2849.2999999999997,2840.300000000001,sl,-3.15,-315.0,L-Rev|M15|low@2846.30
1738673409284289549,1738675404669727154,1,1,2848.3,2858.95,2842.975,2858.95,tp,10.5,1050.0,L-Rev|M15|high@2848.20
1738675338592183222,1738679541073087592,1,1,2858.8,2869.049999999999,2853.075,2869.049999999999,tp,10.1,1010.0,L-Rev|M15|high@2858.20
1738680032660099657,1738683558103386258,1,1,2872.4,2867.0,2867.3250000000003,2881.9500000000003,sl,-5.55,-555.0,L-Rev|H1|high@2872.00
1738717208088327037,1738717333414126540,1,1,2877.7,2873.7,2873.85,2884.2000000000007,sl,-4.15,-415.0,L-Rev|M15|high@2877.10
1738680032660099657,1738751692419668784,1,1,2872.4,2900.9999999999995,2857.8,2900.9999999999995,tp,28.45,2845.0,L-Rev|M15|high@2872.00
1738763052308927904,1738764901866056934,-1,1,2882.1,2887.1,2886.9750000000004,2872.3499999999995,sl,-5.15,-515.0,L-Rev|M15|low@2882.10
1738824521543450156,1738824713788422898,-1,1,2884.0,2879.2000000000003,2886.3999999999996,2879.2000000000003,tp,4.65,465.0,L-Rev|M15|low@2884.00
1738824651094782305,1738830095586379550,-1,1,2880.1,2873.95,2883.1749999999997,2873.95,tp,6.0,600.0,L-Rev|M15|low@2880.10
1738843452512331057,1738846361905685609,1,1,2893.2,2889.0,2889.05,2901.2000000000007,sl,-4.35,-435.0,L-Rev|M15|high@2893.00
1738843301321220849,1738846982844494258,1,1,2890.3,2884.6,2884.6000000000004,2901.699999999999,sl,-5.85,-585.0,L-Rev|M15|high@2890.20
1738853388622351189,1738854016565708421,-1,1,2870.0,2860.35,2874.975,2860.35,tp,9.5,950.0,L-Rev|M15|low@2870.10
1738853388622351189,1738854040611739029,-1,1,2870.0,2858.4,2876.4,2858.4,tp,11.45,1145.0,L-Rev|M15|low@2870.40
1738919153747461062,1738922880878944743,1,1,2894.7,2890.9,2890.9999999999995,2900.8999999999996,sl,-3.95,-395.0,L-Rev|H1|high@2894.20
1738919153747461062,1738923517586460982,1,1,2894.7,2886.7,2886.7250000000004,2909.45,sl,-8.15,-815.0,L-Rev|M15|high@2894.20
1738933206100954793,1738935001212022095,-1,1,2886.1,2889.7,2889.7,2878.8999999999996,sl,-3.75,-375.0,L-Rev|M15|low@2886.10
1738938455626262305,1738941617654163201,1,1,2898.0,2906.5999999999995,2893.55,2906.5999999999995,tp,8.45,845.0,L-Rev|M15|high@2897.70
1739160901883892286,1739170004226863914,1,1,2902.7,2911.9,2897.9500000000007,2911.9,tp,9.05,905.0,L-Rev|M15|high@2902.40
1739202019463850357,1739205978375898756,1,1,2937.8,2929.7,2929.775,2953.8500000000004,sl,-8.25,-825.0,L-Rev|M15|high@2937.70
1739223746614497340,1739230508872692542,1,1,2936.2,2942.7999999999993,2932.9,2942.7999999999993,tp,6.45,645.0,L-Rev|M15|high@2936.10
1739228548421841473,1739236082682728041,1,1,2938.7,2949.449999999999,2932.5750000000003,2949.449999999999,tp,10.6,1060.0,L-Rev|M15|high@2938.10
1739275792544159390,1739278624280039573,-1,1,2925.4,2916.0999999999995,2930.05,2916.0999999999995,tp,9.15,915.0,L-Rev|M15|low@2925.40
1739259120062887419,1739278974171580031,-1,1,2935.0,2912.0499999999997,2946.4750000000004,2912.0499999999997,tp,22.8,2280.0,L-Rev|M15|low@2935.00
1739278240015925033,1739284200307319922,-1,1,2921.2,2929.4,2929.375,2904.8499999999995,sl,-8.35,-835.0,L-Rev|M15|low@2921.20
1739320928606079962,1739323838107286096,-1,1,2923.0,2917.45,2925.775,2917.45,tp,5.4,540.0,L-Rev|M15|low@2923.00
1739356396959258764,1739356653926391355,-1,1,2907.0,2910.6,2910.575,2899.85,sl,-3.75,-375.0,L-Rev|H1|low@2907.00
1739356367356539313,1739366382621676069,-1,1,2908.2,2897.5499999999993,2913.525,2897.5499999999993,tp,10.5,1050.0,L-Rev|M15|low@2908.20
1739356396959258764,1739369672406916319,-1,1,2907.0,2918.3,2918.175,2884.6499999999996,sl,-11.45,-1145.0,L-Rev|M15|low@2907.00
1739369889070803102,1739372649290995170,1,1,2920.9,2915.8,2915.8,2931.0999999999995,sl,-5.25,-525.0,L-Rev|M15|high@2920.80
1739378958000198848,1739380463138996312,1,1,2925.8,2935.3,2920.9,2935.3,tp,9.35,935.0,L-Rev|M15|high@2925.60
1739380466249097990,1739380695853560558,1,1,2935.6,2931.4,2931.4,2944.0,sl,-4.35,-435.0,L-Rev|M15|high@2935.50
1739380470137369491,1739380719215369074,1,1,2936.0,2930.9,2930.9500000000007,2945.8,sl,-5.25,-525.0,L-Rev|M15|high@2935.80
1739378944859787044,1739417176944103236,1,1,2925.3,2944.35,2915.7750000000005,2944.35,tp,18.9,1890.0,L-Rev|M15|high@2925.10
1739413921073354073,1739419710834796759,1,1,2936.7,2945.9000000000005,2931.95,2945.9000000000005,tp,9.05,905.0,L-Rev|M15|high@2936.50
1739529406862354190,1739529802519970538,1,1,2964.1,2961.0,2961.05,2970.2,sl,-3.25,-325.0,L-Rev|H1|high@2964.00
1739529406862354190,1739530016839760771,1,1,2964.1,2959.9,2959.9,2972.5,sl,-4.35,-435.0,L-Rev|M15|high@2964.00
1739533620198713209,1739540538455725569,-1,1,2955.3,2945.55,2960.175,2945.55,tp,9.6,960.0,L-Rev|M15|low@2955.30
1739542191611305829,1739542260196710097,-1,1,2932.7,2936.6,2936.5249999999996,2925.05,sl,-4.05,-405.0,L-Rev|H1|low@2932.70
1739542191611305829,1739542442656389517,-1,1,2932.7,2940.2,2940.0499999999997,2918.0,sl,-7.65,-765.0,L-Rev|M15|low@2932.70
1739540640639047701,1739542889018900807,-1,1,2941.0,2946.5,2946.325,2930.3500000000004,sl,-5.65,-565.0,L-Rev|M15|low@2941.00
1739841002590565833,1739846006340491017,-1,1,2909.2,2911.6,2911.5249999999996,2904.5500000000006,sl,-2.55,-255.0,L-Rev|M15|low@2909.20
1739755943679899513,1739847935106684335,1,1,2904.3,2920.0499999999993,2896.4250000000006,2920.0499999999993,tp,15.6,1560.0,L-Rev|M15|high@2904.10
1739846510660849721,1739854925763151077,1,1,2917.9,2925.7000000000007,2914.0,2925.7000000000007,tp,7.65,765.0,L-Rev|M15|high@2917.70
1739875544225873208,1739876416357654174,-1,1,2920.8,2925.0,2924.9500000000003,2912.8,sl,-4.35,-435.0,L-Rev|M15|low@2920.90
1739881716597734025,1739887885608270068,1,1,2929.1,2938.0000000000005,2924.5000000000005,2938.0000000000005,tp,8.75,875.0,L-Rev|M15|high@2928.80
1739956548119253926,1739966346583865850,1,1,2959.2,2952.6,2953.5,2970.5999999999995,sl,-6.75,-675.0,L-Rev|M15|high@2959.00
1739980773330823824,1739981168036224531,-1,1,2942.1,2945.4,2945.4,2936.1000000000004,sl,-3.45,-345.0,L-Rev|H1|low@2942.30
1739980773330823824,1739981234428846114,-1,1,2942.1,2945.7,2945.675,2935.55,sl,-3.75,-375.0,L-Rev|M15|low@2942.30
1740033106974424646,1740054215173367645,1,1,2964.5,2960.0,2960.0750000000003,2973.3499999999995,sl,-4.65,-465.0,L-Rev|M15|high@2964.40
1740033106978692465,1740054230588464977,1,1,2964.6,2959.4,2959.55,2974.7,sl,-5.35,-535.0,L-Rev|H1|high@2964.40
1740102520649086235,1740102731733614572,-1,1,2949.2,2944.55,2951.5249999999996,2944.55,tp,4.5,450.0,L-Rev|M15|low@2949.20
1740115806594638761,1740116069639290787,-1,1,2938.5,2943.3,2943.3,2931.3,sl,-4.95,-495.0,L-Rev|H1|low@2939.30
1740126060307001527,1740127361304806941,-1,1,2933.4,2937.4,2937.3999999999996,2926.3,sl,-4.15,-415.0,L-Rev|H1|low@2933.70
1740125547368449525,1740130639141851553,-1,1,2938.1,2943.9,2943.35,2927.6,sl,-5.95,-595.0,L-Rev|M15|low@2938.10
1740115806594638761,1740136488058309605,-1,1,2938.5,2948.9,2948.8250000000003,2920.25,sl,-10.55,-1055.0,L-Rev|M15|low@2939.30
1740136474310269288,1740139073463764611,1,1,2948.4,2941.6,2941.6499999999996,2961.9000000000005,sl,-6.95,-695.0,L-Rev|M15|high@2948.30
1740159678787471351,1740358703779895425,1,1,2954.5,2945.2,2945.2,2973.1000000000004,sl,-9.45,-945.0,L-Rev|M15|high@2954.30
1740358702363445867,1740365168815281320,-1,1,2945.7,2950.5,2950.4500000000003,2936.5,sl,-4.95,-495.0,L-Rev|M15|low@2945.80
1740366115420065789,1740369784185179008,1,1,2955.6,2951.1,2951.1749999999997,2964.45,sl,-4.65,-465.0,L-Rev|M15|high@2955.40
1740383425950884080,1740386409221782959,1,1,2958.0,2953.2,2953.2,2966.7,sl,-4.95,-495.0,L-Rev|M15|high@2957.50
1740398530181604850,1740405791720346033,1,1,2964.6,2973.3499999999995,2959.1749999999997,2973.3499999999995,tp,8.6,860.0,L-Rev|M15|high@2963.70
1740408011980490242,1740408084261579561,-1,1,2949.4,2954.8,2954.8,2938.5999999999995,sl,-5.55,-555.0,L-Rev|M15|low@2949.40
1740409413805288230,1740410216194043932,-1,1,2948.3,2953.4,2953.3250000000003,2938.25,sl,-5.25,-525.0,L-Rev|M15|low@2948.30
1740469938147151733,1740470669084030080,-1,1,2945.5,2948.3,2948.25,2940.0,sl,-2.95,-295.0,L-Rev|H1|low@2945.50
1740469938147151733,1740472725555245860,-1,1,2945.5,2952.2,2952.1000000000004,2932.2999999999997,sl,-6.85,-685.0,L-Rev|M15|low@2945.50
1740496641883983115,1740497467025799939,-1,1,2935.9,2915.95,2946.325,2915.95,tp,19.8,1980.0,L-Rev|M15|low@2936.20
1740496885215661056,1740497481200487098,-1,1,2928.3,2913.6499999999996,2938.325,2913.6499999999996,tp,14.5,1450.0,L-Rev|H4|low@2930.10
1740634725243402931,1740634891202463908,-1,1,2903.3,2906.2,2906.125,2897.65,sl,-3.05,-305.0,L-Rev|H1|low@2903.30
1740643873304157192,1740644349205165246,-1,1,2896.7,2900.6,2900.575,2889.8500000000004,sl,-4.05,-405.0,L-Rev|H1|low@2897.00
1740643873304157192,1740648435958663791,-1,1,2896.7,2905.7,2902.975,2885.05,sl,-9.15,-915.0,L-Rev|H4|low@2897.00
1740634725243402931,1740667631072040022,-1,1,2903.3,2882.3,2913.8,2882.3,tp,20.85,2085.0,L-Rev|M15|low@2903.30
1740667607251629573,1740679377382143681,-1,1,2888.4,2897.1,2897.05,2874.0999999999995,sl,-8.85,-885.0,L-Rev|M15|low@2889.40
1740712877056714335,1740715382175286773,-1,1,2881.5,2873.7,2885.4,2873.7,tp,7.65,765.0,L-Rev|M15|low@2881.50
1740714145780490833,1740715789068782730,-1,1,2879.0,2871.7,2882.65,2871.7,tp,7.15,715.0,L-Rev|H1|low@2879.00
1740730521417992974,1740733728145149926,-1,1,2867.2,2872.3,2872.2249999999995,2857.15,sl,-5.25,-525.0,L-Rev|M15|low@2867.20
1740744124032231422,1740746178100749852,1,1,2876.6,2870.9,2871.65,2886.5,sl,-5.85,-585.0,L-Rev|M15|high@2876.40
1740714145780490833,1740751263612794725,-1,1,2879.0,2859.7999999999997,2888.6000000000004,2859.7999999999997,tp,19.05,1905.0,L-Rev|M15|low@2879.00
1740750937464066425,1740753766956129820,-1,1,2862.5,2850.4,2868.8499999999995,2850.4,tp,11.95,1195.0,L-Rev|M15|low@2862.70
1740777338779520132,1740956566437709357,1,1,2866.5,2879.1000000000004,2860.2,2879.1000000000004,tp,12.45,1245.0,L-Rev|M15|high@2866.40
1740980790475722547,1740981777728218766,-1,1,2869.2,2873.5,2873.475,2860.6499999999996,sl,-4.45,-445.0,L-Rev|M15|low@2869.20
1740990427462737541,1740991109132621400,-1,1,2869.2,2874.0,2873.925,2859.7499999999995,sl,-4.95,-495.0,L-Rev|M15|low@2869.20
1741005387264722321,1741006891112270504,1,1,2888.7,2885.0,2885.175,2895.4500000000003,sl,-3.85,-385.0,L-Rev|H1|high@2888.50
1741005388005684236,1741007332320948166,1,1,2888.8,2881.8,2881.8750000000005,2902.3500000000004,sl,-7.15,-715.0,L-Rev|M15|high@2888.50
1741073258703644749,1741075831158383416,1,1,2906.7,2912.55,2903.6250000000005,2912.55,tp,5.7,570.0,L-Rev|H1|high@2906.40
1741073258698585186,1741075835110713546,1,1,2906.6,2912.9000000000005,2903.45,2912.9000000000005,tp,6.15,615.0,L-Rev|M15|high@2906.40
1741089097404630294,1741097884631746814,1,1,2932.0,2926.6,2926.6749999999997,2942.6500000000005,sl,-5.55,-555.0,L-Rev|M15|high@2931.90
1741137115092067950,1741141106277867833,-1,1,2919.0,2923.3,2923.275,2910.45,sl,-4.45,-445.0,L-Rev|M15|low@2919.00
1741181664811476974,1741182603412173105,-1,1,2918.2,2904.3500000000004,2926.6249999999995,2904.3500000000004,tp,13.7,1370.0,L-Rev|M15|low@2919.20
1741191834576113457,1741194632011845027,1,1,2940.0,2929.8,2929.875,2960.25,sl,-10.35,-1035.0,L-Rev|M15|high@2939.80
1741187217080285302,1741197437664131308,1,1,2930.3,2922.3,2922.3500000000004,2946.2,sl,-8.15,-815.0,L-Rev|M15|high@2930.10
1741238677590455158,1741240621030553449,-1,1,2924.0,2928.6,2928.5,2915.0,sl,-4.75,-475.0,L-Rev|M15|low@2924.00
1741246265077044485,1741248102975197536,-1,1,2922.8,2913.8,2927.3,2913.8,tp,8.85,885.0,L-Rev|M15|low@2922.80
1741246623882231189,1741250992484676896,-1,1,2920.1,2909.6,2925.35,2909.6,tp,10.35,1035.0,L-Rev|M15|low@2920.10
1741273443845748879,1741274525079228688,1,1,2931.4,2921.8,2921.95,2949.3999999999996,sl,-9.75,-975.0,L-Rev|M15|high@2931.00
1741353347591706049,1741354203983489415,-1,1,2923.5,2929.0,2928.6,2913.3,sl,-5.65,-565.0,L-Rev|M15|low@2923.50
1741354613943683900,1741354694444271083,1,1,2932.0,2928.4,2928.4,2939.2,sl,-3.75,-375.0,L-Rev|H1|high@2931.80
1741354613824108180,1741354705065684897,1,1,2931.6,2927.4,2927.4249999999997,2939.3499999999995,sl,-4.35,-435.0,L-Rev|M15|high@2931.20
1741354613943683900,1741355589351854350,1,1,2932.0,2924.5,2924.5750000000003,2946.8499999999995,sl,-7.65,-765.0,L-Rev|M15|high@2931.80
1741359361264272325,1741360825645931584,1,1,2937.3,2932.7,2932.875,2942.25,sl,-4.75,-475.0,L-Rev|H1|high@2935.90
1741359361264272325,1741360833243884546,1,1,2937.3,2932.0,2932.0250000000005,2943.9500000000007,sl,-5.45,-545.0,L-Rev|M15|high@2935.90
1741593260779131092,1741593542919657487,-1,1,2912.9,2917.4,2917.375,2904.5499999999993,sl,-4.65,-465.0,L-Rev|M15|low@2913.10
1741606820365812200,1741607792060764778,-1,1,2902.8,2911.2,2911.15,2886.4,sl,-8.55,-855.0,L-Rev|M15|low@2902.90
1741625276616290699,1741629953214022077,-1,1,2901.8,2885.45,2909.9750000000004,2885.45,tp,16.2,1620.0,L-Rev|M15|low@2901.80
1741674790523596768,1741680987282188373,1,1,2904.0,2909.8500000000004,2901.075,2909.8500000000004,tp,5.7,570.0,L-Rev|M15|high@2903.90
1741696982093746808,1741697953972441476,1,1,2922.3,2916.5,2916.55,2933.2000000000007,sl,-5.95,-595.0,L-Rev|M15|high@2921.90
1741696982093746808,1741698335256786948,1,1,2922.3,2914.6,2914.6750000000006,2936.95,sl,-7.85,-785.0,L-Rev|M15|high@2922.00
1741762084891646921,1741766908616317684,-1,1,2917.3,2921.6,2921.5750000000003,2908.75,sl,-4.45,-445.0,L-Rev|M15|low@2917.30
1741687024025097236,1741770055042084888,1,1,2917.7,2929.75,2911.5250000000005,2929.75,tp,11.9,1190.0,L-Rev|M15|high@2917.50
1741770000253964288,1741770350655091852,1,1,2928.0,2925.2,2925.2999999999997,2933.4000000000005,sl,-2.95,-295.0,L-Rev|M15|high@2927.80
1741769508688933197,1741772515049730888,1,1,2926.1,2922.8,2922.8500000000004,2932.3,sl,-3.45,-345.0,L-Rev|M15|high@2925.80
1741769508709933786,1741772932549744653,1,1,2926.2,2920.4,2920.4750000000004,2937.3500000000004,sl,-5.95,-595.0,L-Rev|M15|high@2925.90
1741785884175953558,1741787161233834576,-1,1,2914.1,2919.4,2919.35,2903.6,sl,-5.45,-545.0,L-Rev|M15|low@2914.10
1741785905930967866,1741787407731352172,-1,1,2912.1,2921.8,2921.775,2892.75,sl,-9.85,-985.0,L-Rev|M15|low@2912.10
1741791669162209167,1741795740546118980,1,1,2931.7,2940.2499999999995,2927.425,2940.2499999999995,tp,8.4,840.0,L-Rev|M15|high@2931.50
1741858941025510093,1741860910054102094,1,1,2956.7,2953.6,2953.6000000000004,2962.6000000000004,sl,-3.25,-325.0,L-Rev|M15|high@2956.50
1741894679177343014,1741897080741906635,1,1,2998.8,2993.4,2993.4500000000003,3009.2000000000003,sl,-5.55,-555.0,L-Rev|M15|high@2998.50
1741933273675239835,1741934822755340716,-1,1,2994.8,2999.6,2999.5250000000005,2985.35,sl,-4.95,-495.0,L-Rev|M15|low@2994.80
1741940711278400935,1741947407962175069,1,1,3006.1,3015.3,3001.3500000000004,3015.3,tp,9.05,905.0,L-Rev|M15|high@3005.90
1741959432270273454,1741959557437938850,-1,1,2993.7,2999.5,2999.4000000000005,2984.1,sl,-5.95,-595.0,L-Rev|M15|low@2994.30
1741959394649734626,1742208175518123425,-1,1,2998.8,3006.2,3006.1500000000005,2984.1,sl,-7.55,-755.0,L-Rev|M15|low@2998.80
1742204271451952229,1742213681351923723,1,1,3002.4,2998.4,2998.4249999999993,3010.35,sl,-4.15,-415.0,L-Rev|M15|high@3002.20
1742298131712056753,1742307618802004907,1,1,3037.8,3031.7,3031.725,3049.95,sl,-6.25,-625.0,L-Rev|M15|high@3037.60
1742356467458666943,1742357332236322901,1,1,3045.1,3041.5,3041.5,3052.3,sl,-3.75,-375.0,L-Rev|M15|high@3045.00
1742362549233706302,1742365246432513032,1,1,3047.8,3043.9,3043.9500000000003,3054.9000000000005,sl,-4.05,-405.0,L-Rev|H1|high@3047.50
1742362549233706302,1742373523837329425,1,1,3047.8,3038.2,3038.375,3066.0500000000006,sl,-9.75,-975.0,L-Rev|M15|high@3047.50
1742375117693753678,1742377184954734982,-1,1,3031.3,3037.9,3037.825,3018.2500000000005,sl,-6.75,-675.0,L-Rev|M15|low@3031.30
1742408292896780389,1742432489766140120,1,1,3049.5,3063.8000000000006,3041.75,3063.8000000000006,tp,14.15,1415.0,L-Rev|M15|high@3048.90
1742429022643150187,1742435958451120615,1,1,3061.9,3057.1,3057.175,3071.3500000000004,sl,-4.95,-495.0,L-Rev|M15|high@3061.60
1742449266175836230,1742451005150978480,-1,1,3053.7,3057.6,3057.5249999999996,3046.05,sl,-4.05,-405.0,L-Rev|M15|low@3053.70
1742466600266540541,1742474308979439802,-1,1,3037.5,3049.2,3048.75,3015.0,sl,-11.85,-1185.0,L-Rev|M15|low@3037.50
1742535723652417315,1742537094292356463,-1,1,3032.2,3037.6,3037.525,3023.3500000000004,sl,-5.55,-555.0,L-Rev|H1|low@3032.80
1742535723652417315,1742538796737618325,-1,1,3032.2,3039.7,3039.6250000000005,3019.1499999999996,sl,-7.65,-765.0,L-Rev|M15|low@3032.80
1742563929163433837,1742564324122943646,-1,1,3033.1,3023.35,3037.975,3023.35,tp,9.6,960.0,L-Rev|M15|low@3033.10
1742564286413065215,1742565008321042694,-1,1,3026.7,3014.15,3033.275,3014.15,tp,12.4,1240.0,L-Rev|M15|low@3026.90
1742911415346330309,1742912334433095093,1,1,3039.3,3034.3,3034.325,3047.1499999999996,sl,-5.15,-515.0,L-Rev|M15|high@3038.40
1742911415346330309,1742912334433095093,1,1,3039.3,3034.3,3034.375,3047.05,sl,-5.15,-515.0,L-Rev|H1|high@3038.40
1742949391561813804,1742953674554364171,-1,1,3022.9,3026.8,3026.8,3015.1000000000004,sl,-4.05,-405.0,L-Rev|M15|low@3022.90
1742963581996591764,1742968465448785801,-1,1,3018.8,3025.4,3025.325,3005.7500000000005,sl,-6.75,-675.0,L-Rev|M15|low@3018.80
1742972848006657937,1742979801609204596,1,1,3030.8,3027.0,3027.0499999999997,3038.2999999999997,sl,-3.95,-395.0,L-Rev|M15|high@3030.70
1742997451954710709,1743000389078910511,-1,1,3021.9,3026.7,3026.625,3012.45,sl,-4.95,-495.0,L-Rev|M15|low@3021.90
1743021434370560474,1743027288698644680,1,1,3027.3,3023.8,3024.075,3033.749999999999,sl,-3.65,-365.0,L-Rev|M15|high@3027.20
1743034021819748851,1743043330091528753,1,1,3028.4,3035.2000000000003,3024.8499999999995,3035.2000000000003,tp,6.65,665.0,L-Rev|M15|high@3028.20
1743172620774030045,1743172834030334852,-1,1,3074.2,3091.0,3078.6500000000005,3065.6,sl,-16.95,-1695.0,L-Rev|M15|low@3074.30
1743384866462680001,1743385029105321360,1,1,3128.4,3125.0,3125.0999999999995,3135.000000000001,sl,-3.55,-355.0,L-Rev|M15|high@3128.30
1743424206321927638,1743426239289260643,1,1,3159.5,3153.1,3153.575,3171.3500000000004,sl,-6.55,-655.0,L-Rev|M15|high@3159.30
1743428050205986953,1743431666426107395,-1,1,3143.3,3153.4,3151.3250000000003,3127.25,sl,-10.25,-1025.0,L-Rev|M15|low@3143.30
1743493071631184702,1743494805849216717,-1,1,3155.0,3160.6,3160.5499999999997,3143.9000000000005,sl,-5.75,-575.0,L-Rev|M15|low@3155.00
1743522209427140083,1743523599950844122,-1,1,3152.2,3140.2,3158.2,3140.2,tp,11.85,1185.0,L-Rev|M15|low@3152.20
1743524311586983723,1743524457052785858,-1,1,3131.0,3135.9,3135.875,3122.45,sl,-5.05,-505.0,L-Rev|H1|low@3131.40
1743524311586983723,1743525499853339199,-1,1,3131.0,3141.8,3141.75,3110.7,sl,-10.95,-1095.0,L-Rev|M15|low@3131.40
1743555604740956105,1743557550266169646,1,1,3154.2,3161.8499999999995,3150.375,3161.8499999999995,tp,7.5,750.0,L-Rev|M15|high@3154.10
1743582811296101816,1743590383146606657,1,1,3164.0,3159.0,3159.05,3173.8999999999996,sl,-5.15,-515.0,L-Rev|M15|high@3163.80
1743600858295259999,1743601528195333901,1,1,3167.1,3161.4,3161.475,3178.35,sl,-5.85,-585.0,L-Rev|M15|high@3167.00
1743600924274444641,1743601528195333901,1,1,3169.5,3161.4,3161.4000000000005,3183.0,sl,-8.25,-825.0,L-Rev|M15|high@3168.50
1743600924274444641,1743601596875360046,1,1,3169.5,3157.9,3157.9,3188.5,sl,-11.75,-1175.0,L-Rev|M15|high@3168.00
1743611222794743467,1743611943666706760,1,1,3177.1,3172.8,3172.875,3185.55,sl,-4.45,-445.0,L-Rev|H1|high@3177.00
1743611222794743467,1743612168536862345,1,1,3177.1,3172.3,3172.375,3186.55,sl,-4.95,-495.0,L-Rev|M15|high@3177.00
1743611222794743467,1743614876389047609,1,1,3177.1,3166.9,3166.95,3197.4,sl,-10.35,-1035.0,L-Rev|H4|high@3177.00
1743610242281744393,1743615602157076262,1,1,3170.8,3162.4,3162.6,3186.8999999999996,sl,-8.55,-855.0,L-Rev|M15|high@3170.50
1743624854180186646,1743624880071207757,-1,1,3145.0,3152.9,3152.6500000000005,3130.6,sl,-8.05,-805.0,L-Rev|M15|low@3145.30
1743625627439012507,1743625719826234960,1,1,3178.0,3191.1499999999996,3171.1249999999995,3191.1499999999996,tp,13.0,1300.0,L-Rev|M15|high@3177.70
1743661781881464976,1743663008419192482,-1,1,3144.1,3153.7,3153.625,3125.35,sl,-9.75,-975.0,L-Rev|H1|low@3144.20
1743674923754757721,1743676495293511503,-1,1,3135.7,3123.8999999999996,3141.6,3123.8999999999996,tp,11.65,1165.0,L-Rev|H1|low@3135.70
1743674923754757721,1743677915687155460,-1,1,3135.7,3121.1499999999996,3142.975,3121.1499999999996,tp,14.4,1440.0,L-Rev|M15|low@3135.70
1743674869723723089,1743677934132088991,-1,1,3138.0,3114.4999999999995,3150.05,3114.4999999999995,tp,23.35,2335.0,L-Rev|M15|low@3138.20
1743661781881464976,1743685933662373433,-1,1,3144.1,3078.5,3177.0499999999997,3078.5,tp,65.45,6545.0,L-Rev|M15|low@3144.20
1743691795483937513,1743692453063141477,1,1,3156.4,3149.1,3149.1749999999997,3170.5499999999997,sl,-7.45,-745.0,L-Rev|M15|high@3156.20
1743754603688952343,1743758665692226103,-1,1,3107.0,3115.1,3115.0249999999996,3090.9500000000003,sl,-8.25,-825.0,L-Rev|M15|low@3107.00
1743762723304398046,1743764945673116471,1,1,3131.4,3147.499999999999,3123.2,3147.499999999999,tp,15.95,1595.0,L-Rev|M15|high@3131.20
1743770365103797913,1743775266630355034,-1,1,3098.3,3075.45,3110.325,3075.45,tp,22.7,2270.0,L-Rev|M15|low@3098.70
1743989981231966284,1743993425096234647,1,1,3063.0,3049.7,3049.7000000000003,3089.3,sl,-13.45,-1345.0,L-Rev|M15|high@3062.20
1744024820274140296,1744027562428606710,1,1,3061.6,3042.4,3042.4249999999993,3098.4500000000007,sl,-19.35,-1935.0,L-Rev|M15|high@3060.80
1744032909610831026,1744035110524059094,-1,1,3030.1,3045.0,3044.875,3000.5499999999993,sl,-15.05,-1505.0,L-Rev|M15|low@3030.10
1744091360105483361,1744104338019814756,1,1,3019.1,3010.5,3010.625,3036.05,sl,-8.75,-875.0,L-Rev|M15|high@3018.90
1744113215103024115,1744114887629278701,1,1,3030.9,3022.5,3022.5499999999997,3047.2999999999997,sl,-8.55,-855.0,L-Rev|M15|high@3030.60
1744128421996717002,1744131837084598912,-1,1,3009.0,2994.4500000000003,3016.2749999999996,2994.4500000000003,tp,14.4,1440.0,L-Rev|M15|low@3009.00
1744127972894474606,1744133368742624200,-1,1,3016.3,2989.1500000000005,3029.875,2989.1500000000005,tp,27.0,2700.0,L-Rev|M15|low@3016.30
1744132306331049021,1744137003971779958,-1,1,2993.1,3003.0,3003.0,2973.3,sl,-10.05,-1005.0,L-Rev|M15|low@2993.10
1744130098874778865,1744155350608026529,-1,1,3005.1,2987.6999999999994,3013.8,2987.6999999999994,tp,17.25,1725.0,L-Rev|M15|low@3005.10
1744155343546346003,1744157245473250317,-1,1,2988.3,2998.6,2998.5,2968.8,sl,-10.45,-1045.0,L-Rev|M15|low@2988.60
1744162179700647154,1744178876875519578,1,1,3006.8,3039.2000000000003,2989.7000000000003,3039.2000000000003,tp,32.25,3225.0,L-Rev|M15|high@3005.90
1744172406043859636,1744179820379705645,1,1,3025.8,3045.6499999999996,3015.7250000000004,3045.6499999999996,tp,19.7,1970.0,L-Rev|M15|high@3025.30
1744182662854567966,1744196535428338353,1,1,3066.6,3054.4,3054.6250000000005,3084.8500000000004,sl,-12.35,-1235.0,L-Rev|H1|high@3064.50
1744311040428798080,1744331103114349990,1,1,3193.9,3220.75,3180.475,3220.75,tp,26.7,2670.0,L-Rev|M15|high@3193.80
1744359797317443192,1744360524490125813,1,1,3241.8,3233.5,3233.5499999999997,3258.2999999999997,sl,-8.45,-845.0,L-Rev|M15|high@3241.50
1744378343568776453,1744379481695326850,1,1,3256.4,3243.3,3243.350000000001,3281.5999999999995,sl,-13.25,-1325.0,L-Rev|M15|high@3255.90
1744387719514656957,1744390196072798549,1,1,3262.7,3244.4,3244.525,3298.750000000001,sl,-18.45,-1845.0,L-Rev|M15|high@3262.30
1744404991965256694,1744581600350241344,1,1,3256.9,3246.1,3251.025,3268.3500000000004,sl,-10.95,-1095.0,L-Rev|M15|high@3256.40
1744595022189853403,1744597514040460026,1,1,3257.5,3248.8,3248.8499999999995,3274.5000000000005,sl,-8.85,-885.0,L-Rev|M15|high@3257.10
1744626219843525105,1744628535488787355,-1,1,3225.6,3231.7,3231.65,3213.5,sl,-6.25,-625.0,L-Rev|H1|low@3225.60
1744626219843525105,1744628878051522252,-1,1,3225.6,3234.4,3234.3,3208.1999999999994,sl,-8.95,-895.0,L-Rev|M15|low@3225.60
1744634451761055051,1744642179399736775,-1,1,3221.1,3231.5,3231.225,3200.85,sl,-10.55,-1055.0,L-Rev|M15|low@3221.10
1744626028805693232,1744689523508127193,-1,1,3231.8,3244.6,3244.55,3206.3,sl,-12.95,-1295.0,L-Rev|M15|low@3231.80
1744679498644784214,1744692782676811090,1,1,3232.9,3247.499999999999,3225.45,3247.499999999999,tp,14.45,1445.0,L-Rev|M15|high@3232.60
1744679498644784214,1744692810433356041,1,1,3232.9,3247.9500000000007,3225.225,3247.9500000000007,tp,14.9,1490.0,L-Rev|M15|high@3232.50
1744717710553267606,1744719090831799611,-1,1,3232.7,3239.0,3238.9999999999995,3220.1000000000004,sl,-6.45,-645.0,L-Rev|M15|low@3232.70
1744747328958913394,1744748382017754290,1,1,3249.2,3245.0,3245.0499999999997,3257.5,sl,-4.35,-435.0,L-Rev|H1|high@3249.00
1744738637483458359,1744759293499049680,1,1,3243.3,3259.0499999999997,3235.4249999999997,3259.0499999999997,tp,15.6,1560.0,L-Rev|M15|high@3243.20
1744744473582475337,1744759298722329852,1,1,3247.8,3259.95,3241.725,3259.95,tp,12.0,1200.0,L-Rev|M15|high@3247.70
1744747329049585903,1744760224654664738,1,1,3249.3,3262.3999999999996,3242.6000000000004,3262.3999999999996,tp,12.95,1295.0,L-Rev|M15|high@3249.00
1744774132728437091,1744785316225485002,1,1,3292.0,3310.55,3282.4249999999993,3310.55,tp,18.4,1840.0,L-Rev|M15|high@3291.60
1744812037083033953,1744812826214900147,1,1,3335.4,3323.4,3323.4249999999997,3356.0499999999997,sl,-12.15,-1215.0,L-Rev|M15|high@3334.20
1744874066475294565,1744885613462483779,-1,1,3333.1,3345.2,3345.175,3308.9499999999994,sl,-12.25,-1225.0,L-Rev|M15|low@3333.10
1744898217932602605,1744900300423189959,-1,1,3325.5,3310.7999999999997,3332.8500000000004,3310.7999999999997,tp,14.55,1455.0,L-Rev|M15|low@3325.50
1744900315625701887,1744906942669943298,-1,1,3309.1,3321.3,3321.25,3284.7999999999993,sl,-12.35,-1235.0,L-Rev|M15|low@3309.10
1744920718801032155,1745186522653906408,1,1,3336.6,3349.6500000000005,3330.075,3349.6500000000005,tp,12.9,1290.0,L-Rev|M15|high@3336.40
1745215415637429041,1745235316071647077,1,1,3397.7,3410.3,3391.3999999999996,3410.3,tp,12.45,1245.0,L-Rev|M15|high@3397.60
1745280216685038857,1745281145367382442,-1,1,3428.2,3435.7,3435.625,3413.3499999999995,sl,-7.65,-765.0,L-Rev|M15|low@3428.20
1745301461822039815,1745302945744726778,1,1,3504.4,3493.8,3493.825,3525.5500000000006,sl,-10.75,-1075.0,L-Rev|M15|high@3504.20
1745325850114358960,1745329312196630305,-1,1,3454.1,3426.6499999999996,3467.825,3426.6499999999996,tp,27.3,2730.0,L-Rev|M15|low@3454.10
1745329462356155952,1745329898729217127,-1,1,3423.8,3442.3,3442.125,3387.4500000000007,sl,-18.65,-1865.0,L-Rev|M15|low@3423.90
1745337755677580214,1745337801257592531,-1,1,3417.1,3427.4,3427.375,3396.55,sl,-10.45,-1045.0,L-Rev|M15|low@3417.10
1745339300981714022,1745342169802280997,-1,1,3398.1,3411.4,3411.2999999999997,3371.7,sl,-13.45,-1345.0,L-Rev|M15|low@3398.10
1745337753776847011,1745359200083101816,-1,1,3418.7,3372.5,3442.25,3372.5,tp,46.05,4605.0,L-Rev|M15|low@3419.00
1745350331019588257,1745359212609011415,-1,1,3383.1,3347.0499999999993,3401.275,3347.0499999999993,tp,35.9,3590.0,L-Rev|M15|low@3383.20
1745386718253562090,1745391113161409732,-1,1,3338.9,3314.5999999999995,3351.5,3314.5999999999995,tp,24.15,2415.0,L-Rev|M15|low@3339.20
1745391111094396332,1745398968464242975,-1,1,3316.0,3335.9,3335.8750000000005,3276.249999999999,sl,-20.05,-2005.0,L-Rev|M15|low@3316.00
1745415508750871375,1745445841833238422,-1,1,3302.2,3319.7,3319.7,3268.4000000000005,sl,-17.65,-1765.0,L-Rev|M15|low@3302.60
1745445836031771564,1745454558953467374,1,1,3319.3,3344.6500000000005,3306.625,3344.6500000000005,tp,25.2,2520.0,L-Rev|M15|high@3319.00
1745457421587211677,1745464873307996551,1,1,3359.8,3340.6,3340.9500000000003,3397.2000000000003,sl,-19.35,-1935.0,L-Rev|M15|high@3359.50
1745456725543652375,1745465048487924043,1,1,3352.9,3337.3,3337.3500000000004,3382.7999999999997,sl,-15.75,-1575.0,L-Rev|M15|high@3352.40
1745494432378276442,1745499703571422516,1,1,3354.9,3343.4,3343.7249999999995,3377.25,sl,-11.65,-1165.0,L-Rev|M15|high@3354.70
1745502618352944171,1745505840923786864,-1,1,3325.3,3337.8,3337.75,3300.4000000000005,sl,-12.65,-1265.0,L-Rev|M15|low@3325.30
1745500830994416989,1745515046653395538,-1,1,3336.7,3348.5,3348.4,3313.2999999999993,sl,-11.95,-1195.0,L-Rev|M15|low@3336.70
1745559847545198882,1745560452600586189,-1,1,3316.9,3303.95,3323.375,3303.95,tp,12.8,1280.0,L-Rev|H1|low@3316.90
1745559847545198882,1745586119282593452,-1,1,3316.9,3290.05,3330.3250000000003,3290.05,tp,26.7,2670.0,L-Rev|M15|low@3316.90
1745586099620974458,1745609707951925912,-1,1,3295.9,3310.4,3310.3999999999996,3267.2000000000003,sl,-14.65,-1465.0,L-Rev|M15|low@3296.00
1745832496175644309,1745836527149668397,-1,1,3288.4,3297.0,3296.875,3271.45,sl,-8.75,-875.0,L-Rev|M15|low@3288.40
1745843124488324067,1745847927930800554,1,1,3311.9,3299.8,3299.875,3335.6500000000005,sl,-12.25,-1225.0,L-Rev|M15|high@3311.40
1745856815908398919,1745887952084758738,1,1,3348.5,3339.9,3339.9249999999993,3365.6499999999996,sl,-8.75,-875.0,L-Rev|H1|high@3348.20
1745856815879666854,1745888856311656033,1,1,3348.4,3334.8,3334.8999999999996,3375.4000000000005,sl,-13.75,-1375.0,L-Rev|M15|high@3348.20
1745929202565121552,1745932045092854598,-1,1,3314.8,3325.3,3325.2250000000004,3293.95,sl,-10.65,-1065.0,L-Rev|M15|low@3314.80
1745944740897038919,1745949497975872611,1,1,3335.1,3326.9,3327.2750000000005,3350.45,sl,-8.35,-835.0,L-Rev|M15|high@3334.80
1745944679243606312,1745975069455177637,1,1,3332.0,3318.7,3318.7,3358.3000000000006,sl,-13.45,-1345.0,L-Rev|M15|high@3331.80
1746000522030730214,1746000886186861919,-1,1,3310.7,3295.55,3318.2749999999996,3295.55,tp,15.0,1500.0,L-Rev|M15|low@3310.70
1746020198667753675,1746021661714908590,1,1,3324.7,3313.8,3314.25,3345.3000000000006,sl,-11.05,-1105.0,L-Rev|M15|high@3324.30
1746092613890812082,1746103579454359303,-1,1,3228.3,3238.2,3238.2,3208.5000000000005,sl,-10.05,-1005.0,L-Rev|M15|low@3228.30
1746137183494145142,1746138631840634808,1,1,3252.4,3242.2,3242.2000000000007,3271.9,sl,-10.35,-1035.0,L-Rev|M15|high@3251.80
1746152277799750802,1746157739490237780,1,1,3253.1,3266.8999999999996,3246.2,3266.8999999999996,tp,13.65,1365.0,L-Rev|M15|high@3252.90
1746166764040674179,1746167993376278351,1,1,3267.9,3261.4,3261.4750000000004,3280.1500000000005,sl,-6.65,-665.0,L-Rev|M15|high@3267.40
1746130253212996337,1746179625994706958,1,1,3241.9,3275.05,3225.3250000000003,3275.05,tp,33.0,3300.0,L-Rev|M15|high@3241.60
1746190831299489766,1746192270059858673,-1,1,3254.6,3263.3,3263.2250000000004,3237.3499999999995,sl,-8.85,-885.0,L-Rev|M15|low@3254.60
1746201669928383726,1746203277630924898,-1,1,3234.5,3243.5,3243.425,3216.6499999999996,sl,-9.15,-915.0,L-Rev|M15|low@3234.50
1746200175420960887,1746407438683961742,-1,1,3245.8,3263.5,3263.475,3212.85,sl,-17.85,-1785.0,L-Rev|M15|low@3246.60
1746433762824733837,1746435767799348923,1,1,3280.9,3294.9000000000005,3273.75,3294.9000000000005,tp,13.85,1385.0,L-Rev|M15|high@3280.60
1746472860878086156,1746482400103718113,1,1,3338.1,3359.6000000000004,3327.2,3359.6000000000004,tp,21.35,2135.0,L-Rev|M15|high@3337.90
1746493271579694412,1746493701003230468,1,1,3348.1,3362.8,3340.75,3362.8,tp,14.55,1455.0,L-Rev|M15|high@3347.80
1746578417604759260,1746579835667861414,-1,1,3380.5,3392.3,3392.075,3357.6499999999996,sl,-11.95,-1195.0,L-Rev|M15|low@3380.60
1746625741006526336,1746626830054812812,1,1,3406.0,3397.3,3397.375,3423.25,sl,-8.85,-885.0,L-Rev|M15|high@3405.80
1746643584742595875,1746643740020945756,-1,1,3383.3,3392.3,3392.3,3365.3,sl,-9.15,-915.0,L-Rev|M15|low@3383.30
1746645329364403028,1746663345514864499,-1,1,3376.9,3386.9,3386.6500000000005,3357.3999999999996,sl,-10.15,-1015.0,L-Rev|M15|low@3376.90
1746669110536664644,1746669706096812138,1,1,3406.7,3421.1499999999996,3399.475,3421.1499999999996,tp,14.3,1430.0,L-Rev|H1|high@3406.60
1746669110536664644,1746677486522151881,1,1,3406.7,3396.2,3396.3499999999995,3427.4,sl,-10.65,-1065.0,L-Rev|M15|high@3406.60
1746669110536664644,1746680327476058910,1,1,3406.7,3389.2,3389.2999999999997,3441.5,sl,-17.65,-1765.0,L-Rev|M15|high@3406.50
1746683605361590786,1746684001154787477,-1,1,3371.2,3358.1,3377.75,3358.1,tp,12.95,1295.0,L-Rev|H1|low@3371.20
1746683605361590786,1746684857764634335,-1,1,3371.2,3351.7,3380.95,3351.7,tp,19.35,1935.0,L-Rev|M15|low@3371.20
1746683646390651159,1746684866378377998,-1,1,3367.0,3349.0499999999997,3375.9750000000004,3349.0499999999997,tp,17.8,1780.0,L-Rev|H1|low@3367.00
1746719402744285016,1746720843749504183,-1,1,3334.7,3320.95,3342.325,3320.95,tp,13.6,1360.0,L-Rev|M15|low@3335.20
1746683646390651159,1746720854281584480,-1,1,3367.0,3318.3999999999996,3391.3,3318.3999999999996,tp,48.45,4845.0,L-Rev|M15|low@3367.00
1746754629512495042,1746758746328772334,-1,1,3293.3,3304.3,3304.0250000000005,3271.85,sl,-11.15,-1115.0,L-Rev|M15|low@3293.30
1746766581322623991,1746768756580162549,1,1,3329.7,3319.3,3319.3,3349.0,sl,-10.55,-1055.0,L-Rev|M15|high@3329.00
1746790018546062301,1746790426662572255,1,1,3337.2,3329.1,3329.1749999999997,3353.25,sl,-8.25,-825.0,L-Rev|M15|high@3337.00
1747033631002127359,1747034783737918947,-1,1,3251.5,3233.95,3260.275,3233.95,tp,17.4,1740.0,L-Rev|H1|low@3251.50
1747033631002127359,1747043761782150317,-1,1,3251.5,3216.5499999999997,3268.9750000000004,3216.5499999999997,tp,34.8,3480.0,L-Rev|M15|low@3251.50
1747100666271341175,1747101000760355649,-1,1,3223.8,3230.6,3230.575,3210.5500000000006,sl,-6.95,-695.0,L-Rev|M15|low@3223.90
1747099803378766300,1747104048036233258,-1,1,3233.1,3242.1,3242.0,3215.9000000000005,sl,-9.15,-915.0,L-Rev|M15|low@3233.30
1747111811147383268,1747143614721095710,1,1,3253.3,3239.6,3239.6249999999995,3280.3500000000004,sl,-13.85,-1385.0,L-Rev|M15|high@3253.00
1747111144865774466,1747144310136849284,1,1,3248.0,3235.7,3235.8250000000003,3272.05,sl,-12.45,-1245.0,L-Rev|M15|high@3247.70
1747182324481019272,1747182604966140107,-1,1,3246.5,3251.8,3251.75,3236.0,sl,-5.45,-545.0,L-Rev|M15|low@3246.50
1747223821409182861,1747226195601022839,-1,1,3225.2,3209.45,3233.075,3209.45,tp,15.6,1560.0,L-Rev|M15|low@3225.20
1747240926699521455,1747241694691653452,-1,1,3178.3,3193.1,3193.0750000000003,3148.75,sl,-14.95,-1495.0,L-Rev|M15|low@3178.30
1747248887733807410,1747252622875211239,-1,1,3177.5,3184.7,3184.7,3163.100000000001,sl,-7.35,-735.0,L-Rev|M15|low@3177.50
1747342464987796893,1747358395706268520,1,1,3243.5,3226.6,3226.675,3276.850000000001,sl,-17.05,-1705.0,L-Rev|M15|high@3243.30
1747380037889604898,1747392594298241517,-1,1,3209.2,3190.9,3218.3499999999995,3190.9,tp,18.15,1815.0,L-Rev|M15|low@3209.20
1747392239971349975,1747392686172311842,-1,1,3198.5,3182.75,3206.375,3182.75,tp,15.6,1560.0,L-Rev|M15|low@3198.50
1747655241076927890,1747656595425199309,1,1,3251.3,3243.3,3243.35,3267.2,sl,-8.15,-815.0,L-Rev|M15|high@3251.10
1747693114625020557,1747700717247286772,-1,1,3227.8,3219.550000000001,3231.9249999999997,3219.550000000001,tp,8.1,810.0,L-Rev|M15|low@3227.80
1747700413122410272,1747701965315590574,-1,1,3219.7,3223.4,3223.325,3212.45,sl,-3.85,-385.0,L-Rev|H1|low@3219.70
1747700413122410272,1747703110631173572,-1,1,3219.7,3231.1,3231.0249999999996,3197.0500000000006,sl,-11.55,-1155.0,L-Rev|M15|low@3219.70
1747710001256815587,1747711004671211518,-1,1,3209.1,3216.3,3216.3,3194.6999999999994,sl,-7.35,-735.0,L-Rev|M15|low@3209.10
1747726760221686583,1747731615217815158,1,1,3222.6,3239.75,3213.875,3239.75,tp,17.0,1700.0,L-Rev|M15|high@3222.30
1747731565492261679,1747731844797976391,1,1,3238.5,3234.2,3234.2249999999995,3247.0499999999993,sl,-4.45,-445.0,L-Rev|M15|high@3238.20
1747744542177036855,1747745172087336556,1,1,3252.3,3246.7,3246.75,3262.5,sl,-5.75,-575.0,L-Rev|H1|high@3251.80
1747744544505301229,1747745172087336556,1,1,3254.1,3246.7,3247.025,3264.95,sl,-7.55,-755.0,L-Rev|H1|high@3252.90
1747744544505301229,1747746009008986420,1,1,3254.1,3240.7,3240.7,3278.5000000000005,sl,-13.55,-1355.0,L-Rev|M15|high@3252.90
1747744542177036855,1747746010404148133,1,1,3252.3,3239.7,3239.8750000000005,3276.55,sl,-12.75,-1275.0,L-Rev|M15|high@3251.80
1747741179926669802,1747746415046217352,1,1,3243.5,3236.3,3236.4500000000003,3257.5999999999995,sl,-7.35,-735.0,L-Rev|M15|high@3243.30
1747731360498281229,1747749461624152753,1,1,3236.0,3256.25,3225.875,3256.25,tp,20.1,2010.0,L-Rev|M15|high@3235.80
1747762786580636229,1747779133933143442,1,1,3289.2,3307.25,3280.0250000000005,3307.25,tp,17.9,1790.0,L-Rev|M15|high@3288.90
1747789209132809261,1747790074269406843,1,1,3308.2,3300.0,3300.0750000000003,3324.1500000000005,sl,-8.35,-835.0,L-Rev|M15|high@3307.90
1747806372992675172,1747830479226127099,1,1,3317.1,3302.8,3303.2999999999997,3344.7,sl,-14.45,-1445.0,L-Rev|M15|high@3316.80
1747830502009409919,1747833333165097790,-1,1,3300.4,3308.7,3308.65,3283.9,sl,-8.45,-845.0,L-Rev|M15|low@3300.40
1747830110201252619,1747840069292814096,-1,1,3305.6,3313.5,3313.425,3290.2499999999995,sl,-8.05,-805.0,L-Rev|M15|low@3305.70
1747854394550813792,1747858505636409874,1,1,3322.8,3317.6,3317.7500000000005,3332.6000000000004,sl,-5.35,-535.0,L-Rev|H1|high@3322.50
1747854252928503487,1747877108641997308,1,1,3320.7,3339.5,3311.1500000000005,3339.5,tp,18.65,1865.0,L-Rev|M15|high@3320.50
1747872801999304277,1747877466385783654,1,1,3327.5,3341.0,3320.75,3341.0,tp,13.35,1335.0,L-Rev|M15|high@3327.20
1747854394536962430,1747877934665599710,1,1,3322.7,3341.45,3313.325,3341.45,tp,18.6,1860.0,L-Rev|M15|high@3322.50
1747909897264050485,1747910158336001454,-1,1,3291.5,3298.2,3297.975,3278.55,sl,-6.85,-685.0,L-Rev|H1|low@3291.50
1747909897264050485,1747914734388589756,-1,1,3291.5,3304.4,3304.4,3265.7,sl,-13.05,-1305.0,L-Rev|M15|low@3291.50
1747922456594944993,1747923626923062989,-1,1,3282.2,3296.4,3295.7749999999996,3255.05,sl,-14.35,-1435.0,L-Rev|M15|low@3282.20
1747961543597651796,1747961608682407654,-1,1,3287.7,3292.1,3292.05,3278.9999999999995,sl,-4.55,-455.0,L-Rev|M15|low@3287.70
1747973928438007743,1747986483245641724,1,1,3309.8,3333.5000000000005,3297.95,3333.5000000000005,tp,23.55,2355.0,L-Rev|M15|high@3309.50
1747975902381884818,1748000984634151911,1,1,3316.1,3346.1,3301.1,3346.1,tp,29.85,2985.0,L-Rev|M15|high@3316.00
1748000688431687977,1748001028688499544,1,1,3334.9,3349.6,3327.1,3349.6,tp,14.55,1455.0,L-Rev|M15|high@3334.40
1748000984634151911,1748001181973589989,1,1,3347.3,3342.1,3342.1,3356.5,sl,-5.35,-535.0,L-Rev|M15|high@3346.80
1748000984634151911,1748001194024719168,1,1,3347.3,3341.3,3341.375,3357.95,sl,-6.15,-615.0,L-Rev|H1|high@3346.80
1748021217307781521,1748210704277653927,1,1,3365.9,3348.4,3348.7999999999997,3400.0999999999995,sl,-17.65,-1765.0,L-Rev|M15|high@3365.70
1748251531934112782,1748260260116646579,-1,1,3329.2,3333.9,3333.8,3320.3,sl,-4.85,-485.0,L-Rev|H1|low@3329.30
1748251531934112782,1748268076080851960,-1,1,3329.2,3339.5,3339.5,3308.900000000001,sl,-10.45,-1045.0,L-Rev|M15|low@3329.30
1748277637055959215,1748309052889910214,1,1,3342.1,3337.6,3337.6500000000005,3350.7,sl,-4.65,-465.0,L-Rev|M15|high@3341.80
1748321976459331577,1748324771945674582,-1,1,3330.6,3319.2,3336.2999999999997,3319.2,tp,11.25,1125.0,L-Rev|M15|low@3330.60
1748323518057127089,1748328359894910783,-1,1,3326.0,3312.75,3332.775,3312.75,tp,13.1,1310.0,L-Rev|M15|low@3326.10
1748340977669875359,1748374599361976810,-1,1,3291.5,3304.9,3304.9,3265.2999999999993,sl,-13.55,-1355.0,L-Rev|M15|low@3291.70
1748388205766422889,1748394569630474401,1,1,3307.2,3302.8,3302.925,3315.7499999999995,sl,-4.55,-455.0,L-Rev|M15|high@3306.90
1748402402864874932,1748409060707527391,-1,1,3293.4,3301.3,3301.1,3283.1,sl,-8.05,-805.0,L-Rev|M15|low@3295.10
1748450267913945643,1748452568435988496,-1,1,3289.9,3296.1,3295.925,3277.8500000000004,sl,-6.35,-635.0,L-Rev|H1|low@3289.90
1748450267913945643,1748452800196280648,-1,1,3289.9,3296.8,3296.8,3276.1000000000004,sl,-7.05,-705.0,L-Rev|M15|low@3289.90
1748607003659224559,1748607121923912510,-1,1,3311.3,3318.2,3318.2,3297.5000000000005,sl,-7.05,-705.0,L-Rev|M15|low@3311.30
1748607244154863428,1748611815080555194,1,1,3329.0,3317.3,3317.45,3351.2000000000007,sl,-11.85,-1185.0,L-Rev|M15|high@3328.40
1748840213760513760,1748844396312230144,1,1,3340.1,3351.5,3334.4,3351.5,tp,11.25,1125.0,L-Rev|M15|high@3339.90
1748845146752971967,1748847960796252856,1,1,3356.7,3371.6000000000004,3348.9500000000003,3371.6000000000004,tp,14.75,1475.0,L-Rev|H4|high@3356.30
1748952420032907241,1748954401073148610,-1,1,3374.0,3383.4,3383.325,3360.1499999999996,sl,-9.55,-955.0,L-Rev|M15|low@3375.60
1748952420032907241,1748954574879418166,-1,1,3374.0,3386.7,3386.35,3350.8,sl,-12.85,-1285.0,L-Rev|M15|low@3374.50
1748958399382251632,1748965013891056648,-1,1,3368.8,3375.5,3375.4750000000004,3355.45,sl,-6.85,-685.0,L-Rev|M15|low@3368.80
1749001021676944592,1749009679514542067,1,1,3393.0,3381.0,3381.0,3417.0,sl,-12.15,-1215.0,L-Rev|M15|high@3392.80
1749000208707754089,1749034301801027347,1,1,3387.3,3370.9,3371.9999999999995,3417.8999999999996,sl,-16.55,-1655.0,L-Rev|M15|high@3387.20
1749036490834806696,1749037230433953381,-1,1,3367.3,3372.4,3372.4,3358.9,sl,-5.25,-525.0,L-Rev|M15|low@3367.90
1749034301801027347,1749040591380165676,-1,1,3370.9,3380.2,3380.025,3355.95,sl,-9.45,-945.0,L-Rev|M15|low@3372.00
1749046085386977188,1749047907206724299,1,1,3389.3,3403.249999999999,3382.325,3403.249999999999,tp,13.8,1380.0,L-Rev|M15|high@3389.10
1749047548677585058,1749048122166409865,1,1,3397.6,3406.95,3392.325,3406.95,tp,9.2,920.0,L-Rev|H1|high@3397.10
1749047548677585058,1749048231621270739,1,1,3397.6,3409.05,3391.2749999999996,3409.05,tp,11.3,1130.0,L-Rev|M15|high@3397.10
1749085468833151837,1749086046389610651,1,1,3407.0,3402.6,3402.625,3415.4500000000007,sl,-4.55,-455.0,L-Rev|M15|high@3406.80
1749088511635451075,1749089239004613221,-1,1,3394.4,3398.4,3398.375,3386.45,sl,-4.15,-415.0,L-Rev|M15|low@3394.40
1749115432228160339,1749120320627494356,1,1,3408.0,3423.45,3400.275,3423.45,tp,15.3,1530.0,L-Rev|M15|high@3407.70
1749136561253589985,1749137144744919624,-1,1,3384.0,3389.8,3389.775,3373.95,sl,-5.95,-595.0,L-Rev|H1|low@3384.50
1749136561253589985,1749138389090631944,-1,1,3384.0,3370.1000000000004,3391.7,3370.1000000000004,tp,13.75,1375.0,L-Rev|M15|low@3384.50
1749138477814384074,1749138570209427621,-1,1,3366.3,3371.5,3371.425,3357.8500000000004,sl,-5.35,-535.0,L-Rev|H1|low@3366.90
1749138477814384074,1749142131993188602,-1,1,3366.3,3376.5,3376.5,3347.7000000000007,sl,-10.35,-1035.0,L-Rev|M15|low@3366.90
1749181255653077129,1749189088618828573,1,1,3392.1,3385.9,3385.95,3404.4000000000005,sl,-6.35,-635.0,L-Rev|M15|high@3392.00
1749196129852861361,1749196811071004181,-1,1,3377.8,3384.1,3384.05,3365.5999999999995,sl,-6.45,-645.0,L-Rev|M15|low@3377.90
1749428134782254452,1749448119925203403,-1,1,3327.6,3336.8,3336.75,3312.9000000000005,sl,-9.35,-935.0,L-Rev|M15|low@3328.80
1749475330882207273,1749476789720647527,-1,1,3333.0,3339.9,3339.825,3319.3500000000004,sl,-7.05,-705.0,L-Rev|M15|low@3333.00
1749518011874915634,1749536004070898508,-1,1,3331.5,3341.8,3341.7000000000003,3311.0999999999995,sl,-10.45,-1045.0,L-Rev|M15|low@3331.50
1749566725151560993,1749604739357005913,-1,1,3348.2,3357.2,3357.1250000000005,3332.1499999999996,sl,-9.15,-915.0,L-Rev|M15|low@3348.80
1749602416045901313,1749606730474551990,1,1,3355.9,3350.5,3350.5750000000003,3366.55,sl,-5.55,-555.0,L-Rev|M15|high@3355.60
1749628213997248270,1749632820164608657,1,1,3364.9,3357.0,3358.975,3376.75,sl,-8.05,-805.0,L-Rev|M15|high@3364.80
1749635497653348203,1749644474141324584,-1,1,3353.2,3360.8,3360.6999999999994,3338.2000000000007,sl,-7.75,-775.0,L-Rev|M15|low@3353.20
1749645012555895187,1749645039734010560,1,1,3370.6,3366.8,3366.9249999999997,3377.95,sl,-3.95,-395.0,L-Rev|H1|high@3370.40
1749645012555895187,1749645358486937908,1,1,3370.6,3381.0499999999997,3364.1749999999997,3381.0499999999997,tp,10.3,1030.0,L-Rev|M15|high@3369.70
1749645012555895187,1749646393453867345,1,1,3370.6,3361.4,3361.4999999999995,3388.500000000001,sl,-9.35,-935.0,L-Rev|M15|high@3370.40
1749661673215637568,1749665101465911985,-1,1,3347.4,3356.9,3355.375,3331.75,sl,-9.65,-965.0,L-Rev|M15|low@3347.50
1749661911871263143,1749665152859796265,-1,1,3345.7,3357.6,3356.95,3323.2,sl,-12.05,-1205.0,L-Rev|M15|low@3345.70
1749679200082416908,1749679981647685606,1,1,3377.5,3380.9,3361.25,3380.9,tp,3.25,325.0,L-Rev|H1|high@3382.30
1749691343686365997,1749713569081984595,1,1,3394.3,3384.5,3384.55,3413.8,sl,-9.95,-995.0,L-Rev|M15|high@3394.00
1749724114644217859,1749726259727905098,1,1,3398.7,3408.75,3393.6749999999997,3408.75,tp,9.9,990.0,L-Rev|M15|high@3398.40
1749724066778398893,1749731905375568063,1,1,3396.9,3409.45,3390.3250000000007,3409.45,tp,12.4,1240.0,L-Rev|M15|high@3396.50
1749772091659103474,1749772806578115390,1,1,3410.0,3417.2,3406.4,3417.2,tp,7.05,705.0,L-Rev|M15|high@3409.70
1749772472425445819,1749773218040085330,1,1,3412.5,3424.9500000000003,3406.2749999999996,3424.9500000000003,tp,12.3,1230.0,L-Rev|M15|high@3412.40
1749772934873316545,1749773225393703323,1,1,3420.2,3428.9500000000007,3415.675,3428.9500000000007,tp,8.6,860.0,L-Rev|H1|high@3419.80
1749772934857426146,1749777213425563036,1,1,3420.0,3443.55,3408.225,3443.55,tp,23.4,2340.0,L-Rev|M15|high@3419.80
1749817801057934125,1749821243891528717,1,1,3448.6,3464.35,3440.725,3464.35,tp,15.6,1560.0,L-Rev|M15|high@3448.40
1749821748587581465,1749822367906393388,1,1,3467.2,3461.1,3461.1000000000004,3479.1000000000004,sl,-6.25,-625.0,L-Rev|H1|high@3467.00
1749821749301709255,1749822392156011499,1,1,3467.3,3458.7,3458.75,3484.4000000000005,sl,-8.75,-875.0,L-Rev|M15|high@3467.00
1750079803412796282,1750080855421144997,-1,1,3430.1,3437.0,3437.0,3416.3,sl,-7.05,-705.0,L-Rev|M15|low@3430.10
1750129893300080811,1750130588396148044,-1,1,3402.2,3395.1499999999996,3405.725,3395.1499999999996,tp,6.9,690.0,L-Rev|M15|low@3402.20
1750150470026484888,1750155263399264607,-1,1,3399.1,3409.4,3408.5,3380.5999999999995,sl,-10.45,-1045.0,L-Rev|M15|low@3399.20
1750170928814481724,1750171748504175814,-1,1,3391.0,3396.7,3396.65,3380.6000000000004,sl,-5.85,-585.0,L-Rev|H1|low@3391.30
1750170928814481724,1750171752089879027,-1,1,3391.0,3397.0,3396.925,3380.05,sl,-6.15,-615.0,L-Rev|M15|low@3391.30
1750170842842914823,1750172092644444127,-1,1,3393.7,3402.8,3402.7749999999996,3375.55,sl,-9.25,-925.0,L-Rev|M15|low@3393.70
1750197618952077867,1750203689819728606,1,1,3411.2,3406.1,3406.1499999999996,3421.0000000000005,sl,-5.25,-525.0,L-Rev|M15|high@3411.00
1750210944738276427,1750213870880981207,-1,1,3400.7,3390.4999999999995,3405.8,3390.4999999999995,tp,10.05,1005.0,L-Rev|M15|low@3400.70
1750221106690198236,1750224602626467633,1,1,3414.8,3410.0,3410.075,3424.249999999999,sl,-4.95,-495.0,L-Rev|M15|high@3414.60
1750221709820785877,1750224818236020410,1,1,3416.5,3404.4,3404.4249999999997,3440.6500000000005,sl,-12.25,-1225.0,L-Rev|M15|high@3416.40
1750240551082489720,1750242912994470806,-1,1,3395.0,3400.4,3400.1,3384.8,sl,-5.55,-555.0,L-Rev|M15|low@3395.00
1750256430193600056,1750256766271942299,-1,1,3393.4,3401.6,3401.45,3377.600000000001,sl,-8.35,-835.0,L-Rev|M15|low@3393.50
1750274040859137457,1750274190098862100,-1,1,3387.8,3393.9,3393.7000000000003,3379.0,sl,-6.25,-625.0,L-Rev|H1|low@3388.80
1750274040859137457,1750285289682682238,-1,1,3387.8,3394.9,3394.875,3376.650000000001,sl,-7.25,-725.0,L-Rev|M15|low@3388.80
1750273503683605409,1750293968577732819,-1,1,3391.6,3399.6,3399.575,3375.95,sl,-8.15,-815.0,L-Rev|M15|low@3391.70
1750311873899616614,1750312358166479032,-1,1,3386.2,3378.55,3390.0249999999996,3378.55,tp,7.5,750.0,L-Rev|M15|low@3386.20
1750381869270384874,1750388593804585549,-1,1,3378.2,3367.95,3383.4750000000004,3367.95,tp,10.1,1010.0,L-Rev|M15|low@3378.30
1750389018820306652,1750390200406598640,-1,1,3363.2,3369.1,3369.1,3352.6,sl,-6.05,-605.0,L-Rev|H1|low@3363.60
1750389018820306652,1750391891464046002,-1,1,3363.2,3372.0,3371.9249999999997,3346.95,sl,-8.95,-895.0,L-Rev|M15|low@3363.60
1750381918785969041,1750399224106336232,-1,1,3376.7,3358.7000000000007,3385.6999999999994,3358.7000000000007,tp,17.85,1785.0,L-Rev|M15|low@3376.70
1750398744824241283,1750403394436198894,-1,1,3361.1,3368.5,3367.625,3348.05,sl,-7.55,-755.0,L-Rev|M15|low@3361.10
1750426293658077087,1750427492955748581,1,1,3376.1,3384.3499999999995,3371.5249999999996,3384.3499999999995,tp,8.1,810.0,L-Rev|M15|high@3375.60
1750656831049973219,1750665666351638684,-1,1,3367.5,3375.3,3375.2999999999997,3351.9000000000005,sl,-7.95,-795.0,L-Rev|M15|low@3367.50
1750686242681878281,1750687596419409007,1,1,3398.4,3384.9,3386.5499999999993,3421.2000000000007,sl,-13.65,-1365.0,L-Rev|M15|high@3397.90
1750708396691977051,1750716210027046010,-1,1,3391.1,3373.6499999999996,3399.975,3373.6499999999996,tp,17.3,1730.0,L-Rev|M15|low@3391.20
1750721691965130198,1750722210961565567,-1,1,3361.4,3365.4,3365.2,3353.8,sl,-4.15,-415.0,L-Rev|H1|low@3361.40
1750721691965130198,1750726082269288873,-1,1,3361.4,3368.8,3368.6,3347.0,sl,-7.55,-755.0,L-Rev|M15|low@3361.40
1750717076517102977,1750744035275353823,-1,1,3371.1,3345.3,3384.0,3345.3,tp,25.65,2565.0,L-Rev|M15|low@3371.10
1750743742382747395,1750767222020082850,-1,1,3347.0,3329.5999999999995,3355.7000000000003,3329.5999999999995,tp,17.25,1725.0,L-Rev|M15|low@3347.00
1750767136573872158,1750768476045483453,-1,1,3331.7,3320.7499999999995,3337.175,3320.7499999999995,tp,10.8,1080.0,L-Rev|M15|low@3331.70
1750767158834970280,1750810907865451488,-1,1,3330.7,3341.8,3341.8,3308.4999999999995,sl,-11.25,-1125.0,L-Rev|M15|low@3330.70
1750837494302015916,1750838016954087775,1,1,3349.7,3345.0,3345.125,3358.8499999999995,sl,-4.85,-485.0,L-Rev|M15|high@3349.50
1750814321422312301,1750842307432299230,1,1,3347.1,3338.6,3338.7500000000005,3363.5000000000005,sl,-8.65,-865.0,L-Rev|M15|high@3346.80
1750842042201059869,1750856889960492510,-1,1,3339.3,3330.0000000000005,3343.95,3330.0000000000005,tp,9.15,915.0,L-Rev|M15|low@3339.30
1750855466431971564,1750857088118182412,-1,1,3334.6,3327.999999999999,3337.9000000000005,3327.999999999999,tp,6.45,645.0,L-Rev|M15|low@3334.60
1750855445685936901,1750867070204263452,-1,1,3335.0,3340.8,3340.7000000000003,3323.5999999999995,sl,-5.95,-595.0,L-Rev|M15|low@3335.00
1750893024467032577,1750896228719820047,1,1,3350.5,3346.3,3346.45,3358.6000000000004,sl,-4.35,-435.0,L-Rev|M15|high@3350.30
1750869022995183294,1750922166001003981,1,1,3343.8,3357.500000000001,3336.8,3357.500000000001,tp,13.55,1355.0,L-Rev|M15|high@3343.50
1750942138586217611,1750942996889360283,-1,1,3342.2,3332.5499999999993,3347.625,3332.5499999999993,tp,9.5,950.0,L-Rev|M15|low@3342.60
1750941416331634345,1750942996918351331,-1,1,3344.1,3332.0999999999995,3350.1000000000004,3332.0999999999995,tp,11.85,1185.0,L-Rev|M15|low@3344.10
1750944889423839025,1750945355267129717,-1,1,3325.2,3329.5,3329.425,3317.6499999999996,sl,-4.45,-445.0,L-Rev|H1|low@3325.50
1750944889423839025,1750945417628340889,-1,1,3325.2,3332.0,3331.95,3312.6000000000004,sl,-6.95,-695.0,L-Rev|M15|low@3325.50
1750992518507869566,1750994119403225376,-1,1,3322.5,3316.1499999999996,3325.675,3316.1499999999996,tp,6.2,620.0,L-Rev|H1|low@3322.50
1750992518507869566,1751006363829799332,-1,1,3322.5,3299.8500000000004,3333.825,3299.8500000000004,tp,22.5,2250.0,L-Rev|M15|low@3322.50
1751249374897189321,1751310662269758084,1,1,3294.2,3314.05,3284.125,3314.05,tp,19.7,1970.0,L-Rev|M15|high@3293.90
1751440232078462055,1751442418671074700,-1,1,3338.3,3344.4,3344.25,3326.7000000000007,sl,-6.25,-625.0,L-Rev|M15|low@3338.40
1751458805948006801,1751459453477613015,1,1,3360.2,3356.0,3356.1499999999996,3368.3,sl,-4.35,-435.0,L-Rev|H1|high@3370.50
1751450898929872779,1751464150483424307,1,1,3354.4,3347.4,3347.575,3368.0500000000006,sl,-7.15,-715.0,L-Rev|M15|high@3354.30
1751479929467169268,1751503616841595531,1,1,3362.1,3354.5,3354.5249999999996,3377.2500000000005,sl,-7.75,-775.0,L-Rev|M15|high@3361.90
1751545816159007885,1751546302790671347,-1,1,3342.7,3331.2999999999993,3350.65,3331.2999999999993,tp,11.25,1125.0,L-Rev|M15|low@3344.20
1751546104190700843,1751546329435974829,-1,1,3337.1,3327.3999999999996,3342.1,3327.3999999999996,tp,9.55,955.0,L-Rev|H1|low@3337.20
1751546104190700843,1751546331245053042,-1,1,3337.1,3326.9999999999995,3342.3,3326.9999999999995,tp,9.95,995.0,L-Rev|M15|low@3337.20
1751621476260425679,1751839200179885342,-1,1,3345.7,3337.1000000000004,3350.15,3337.1000000000004,tp,8.45,845.0,L-Rev|M15|low@3345.80
1751874360960087814,1751877074268733576,-1,1,3313.5,3320.4,3320.4,3299.7,sl,-7.05,-705.0,L-Rev|M15|low@3313.50
1751884860778748552,1751886539037393475,-1,1,3309.6,3315.1,3314.6249999999995,3299.550000000001,sl,-5.65,-565.0,L-Rev|M15|low@3309.60
1751896417873399317,1751907031377753158,1,1,3324.6,3337.8500000000004,3317.8250000000003,3337.8500000000004,tp,13.1,1310.0,L-Rev|M15|high@3324.30
1751945115304286050,1751952340635615841,-1,1,3339.6,3345.9,3345.825,3327.1500000000005,sl,-6.45,-645.0,L-Rev|M15|low@3339.60
1751962039211559118,1751982535022399611,-1,1,3337.1,3326.9000000000005,3342.2,3326.9000000000005,tp,10.05,1005.0,L-Rev|M15|low@3337.10
1751985782365485703,1751987501688505114,-1,1,3304.0,3295.8,3308.7,3295.8,tp,8.05,805.0,L-Rev|H1|low@3304.40
1751985782365485703,1751994475294925477,-1,1,3304.0,3314.6,3314.525,3284.15,sl,-10.75,-1075.0,L-Rev|M15|low@3304.40
1752029445263243650,1752029482132703316,-1,1,3293.8,3298.9,3298.675,3288.85,sl,-5.25,-525.0,L-Rev|H1|low@3295.40
1752029445263243650,1752029650001412152,-1,1,3293.8,3302.4,3302.375,3281.4500000000007,sl,-8.75,-875.0,L-Rev|M15|low@3295.40
1752028821436633571,1752050278786223248,-1,1,3305.2,3291.0999999999995,3312.25,3291.0999999999995,tp,13.95,1395.0,L-Rev|M15|low@3305.20
1752049229395584900,1752055373719916183,-1,1,3293.3,3299.3,3299.225,3281.4500000000007,sl,-6.15,-615.0,L-Rev|M15|low@3293.30
1752065514012537953,1752071683168369890,1,1,3304.5,3318.750000000001,3297.3749999999995,3318.750000000001,tp,14.1,1410.0,L-Rev|M15|high@3304.30
1752071727673842147,1752109982823941145,1,1,3319.8,3330.5999999999995,3314.3999999999996,3330.5999999999995,tp,10.65,1065.0,L-Rev|M15|high@3319.60
1752128421967096217,1752133501392631606,1,1,3335.0,3330.8,3330.875,3343.25,sl,-4.35,-435.0,L-Rev|M15|high@3334.70
1752155873603838786,1752156754594728661,-1,1,3323.5,3328.0,3327.9999999999995,3314.500000000001,sl,-4.65,-465.0,L-Rev|M15|low@3323.50
1752193853041670992,1752211353149074255,1,1,3339.6,3348.1,3335.35,3348.1,tp,8.35,835.0,L-Rev|H1|high@3339.40
1752193853041670992,1752211680857461669,1,1,3339.6,3354.6,3332.1,3354.6,tp,14.85,1485.0,L-Rev|M15|high@3339.40
1752211315349206181,1752217235128369135,1,1,3347.4,3341.7,3341.7749999999996,3358.6499999999996,sl,-5.85,-585.0,L-Rev|M15|high@3347.20
1752475588910827205,1752487811334639192,1,1,3376.2,3386.1500000000005,3371.0750000000003,3386.1500000000005,tp,9.8,980.0,L-Rev|M15|high@3376.00
1752487808340855140,1752488960690320131,1,1,3386.3,3381.6,3381.6499999999996,3395.5999999999995,sl,-4.85,-485.0,L-Rev|M15|high@3386.20
1752495878330230514,1752502989634003551,-1,1,3367.0,3354.3999999999996,3373.3,3354.3999999999996,tp,12.45,1245.0,L-Rev|M15|low@3367.00
1752579351483333456,1752585386099784119,-1,1,3365.4,3352.5,3371.85,3352.5,tp,12.75,1275.0,L-Rev|M15|low@3365.40
1752586006087838364,1752586528964765751,-1,1,3349.6,3343.0000000000005,3352.8999999999996,3343.0000000000005,tp,6.45,645.0,L-Rev|M15|low@3349.60
1752586015107157139,1752586529486044321,-1,1,3348.4,3342.8500000000004,3351.325,3342.8500000000004,tp,5.4,540.0,L-Rev|H1|low@3348.50
1752586015107157139,1752587706369070744,-1,1,3348.4,3354.1,3354.0499999999997,3337.4000000000005,sl,-5.85,-585.0,L-Rev|M15|low@3348.50
1752674034944772643,1752674324133527727,-1,1,3329.4,3332.5,3332.475,3323.25,sl,-3.25,-325.0,L-Rev|M15|low@3329.40
1752676395573257266,1752676543865255091,-1,1,3327.3,3330.3,3330.3,3321.3,sl,-3.15,-315.0,L-Rev|H1|low@3327.30
1752676395573257266,1752676606820849313,-1,1,3327.3,3332.4,3332.4,3317.1000000000004,sl,-5.25,-525.0,L-Rev|M15|low@3327.30
1752677824973749385,1752677845785605263,1,1,3349.9,3346.3,3346.375,3356.95,sl,-3.75,-375.0,L-Rev|M15|high@3349.80
1752677811640668241,1752678973515296385,1,1,3348.5,3364.3999999999996,3340.55,3364.3999999999996,tp,15.75,1575.0,L-Rev|M15|high@3348.40
1752679000352655413,1752679005931433942,1,1,3376.2,3370.8,3370.9,3385.3,sl,-5.55,-555.0,L-Rev|M15|high@3375.40
1752679000352655413,1752679006302330726,1,1,3376.2,3370.5,3370.5250000000005,3385.75,sl,-5.85,-585.0,L-Rev|H1|high@3375.40
1752749938054513870,1752755445576114081,-1,1,3330.3,3320.550000000001,3335.1749999999997,3320.550000000001,tp,9.6,960.0,L-Rev|M15|low@3330.30
1752822825595046969,1752829684486312167,1,1,3350.4,3357.0,3347.0999999999995,3357.0,tp,6.45,645.0,L-Rev|M15|high@3350.20
1752822832880778807,1752829690026899198,1,1,3350.6,3357.2500000000005,3347.1250000000005,3357.2500000000005,tp,6.5,650.0,L-Rev|M15|high@3350.30
1752829696717213469,1752833042640115220,1,1,3358.4,3355.2,3355.225,3364.45,sl,-3.35,-335.0,L-Rev|M15|high@3358.20
1752859391654455202,1753048800172404477,-1,1,3357.5,3347.5999999999995,3362.4500000000003,3347.5999999999995,tp,9.75,975.0,L-Rev|M15|low@3357.50
1753074225186846951,1753075605175431726,1,1,3365.3,3374.149999999999,3360.875,3374.149999999999,tp,8.7,870.0,L-Rev|M15|high@3365.20
1753146569037898535,1753164147572726635,-1,1,3405.3,3398.55,3408.675,3398.55,tp,6.6,660.0,L-Rev|M15|low@3405.30
1753163042066862074,1753186050150836891,-1,1,3399.6,3403.7,3403.65,3391.5,sl,-4.25,-425.0,L-Rev|M15|low@3399.60
1753185982757714748,1753186901749185811,1,1,3402.8,3410.149999999999,3399.125,3410.149999999999,tp,7.2,720.0,L-Rev|M15|high@3402.70
1753186810646071932,1753188174169901830,1,1,3406.8,3415.2000000000003,3402.5999999999995,3415.2000000000003,tp,8.25,825.0,L-Rev|M15|high@3406.60
1753188180451505028,1753188330134905515,1,1,3417.1,3414.7,3414.775,3421.75,sl,-2.55,-255.0,L-Rev|H1|high@3416.90
1753188180438361340,1753189883856012827,1,1,3417.0,3425.8500000000004,3412.575,3425.8500000000004,tp,8.7,870.0,L-Rev|M15|high@3416.90
1753188179050505181,1753190855833146585,1,1,3416.6,3427.05,3411.0750000000007,3427.05,tp,10.3,1030.0,L-Rev|M15|high@3416.30
1753255052534433840,1753256512614844028,1,1,3442.9,3438.6,3438.775,3451.15,sl,-4.45,-445.0,L-Rev|M15|high@3442.70
1753275563863993794,1753277245905186391,-1,1,3429.6,3417.5000000000005,3435.95,3417.5000000000005,tp,11.95,1195.0,L-Rev|M15|low@3429.80
1753286155766105721,1753286531790129595,-1,1,3414.6,3396.0,3423.9,3396.0,tp,18.45,1845.0,L-Rev|M15|low@3414.60
1753286536074686340,1753286552346677091,-1,1,3394.9,3397.9,3397.9,3388.9,sl,-3.15,-315.0,L-Rev|M15|low@3394.90
1753286536074686340,1753286563895952342,-1,1,3394.9,3399.1,3399.025,3386.65,sl,-4.35,-435.0,L-Rev|H1|low@3394.90
1753319220754211322,1753323090823122970,-1,1,3394.7,3387.5500000000006,3398.575,3387.5500000000006,tp,7.0,700.0,L-Rev|M15|low@3394.90
1753338584247818231,1753341281806522285,-1,1,3379.1,3382.9,3382.8500000000004,3371.5999999999995,sl,-3.95,-395.0,L-Rev|M15|low@3379.10
1753395350386521515,1753398513440614774,-1,1,3369.0,3373.4,3373.3500000000004,3360.2999999999997,sl,-4.55,-455.0,L-Rev|M15|low@3369.00
1753409474480063421,1753421857039312991,-1,1,3367.6,3359.499999999999,3371.6500000000005,3359.499999999999,tp,7.95,795.0,L-Rev|M15|low@3367.60
1753429206010951731,1753432118611324654,-1,1,3355.2,3349.0499999999997,3358.2749999999996,3349.0499999999997,tp,6.0,600.0,L-Rev|H1|low@3355.20
1753429206010951731,1753447283314222522,-1,1,3355.2,3338.7,3363.45,3338.7,tp,16.35,1635.0,L-Rev|M15|low@3355.20
1753705039206256638,1753710337606826547,-1,1,3331.2,3320.4,3336.5999999999995,3320.4,tp,10.65,1065.0,L-Rev|M15|low@3331.20
1753710903743257797,1753710924754559362,-1,1,3303.0,3307.3,3307.125,3294.75,sl,-4.45,-445.0,L-Rev|H1|low@3303.00
1753710903743257797,1753712173903810526,-1,1,3303.0,3309.6,3309.525,3289.95,sl,-6.75,-675.0,L-Rev|M15|low@3303.00
1753801488077101153,1753802947879047227,1,1,3328.3,3322.5,3322.525,3339.8500000000004,sl,-5.95,-595.0,L-Rev|M15|high@3328.00
1753836707420513646,1753836851487872640,1,1,3331.0,3327.4,3327.425,3336.6499999999996,sl,-3.75,-375.0,L-Rev|M15|high@3328.60
1753857383993768857,1753857717129664167,-1,1,3319.8,3325.1,3325.025,3309.95,sl,-5.45,-545.0,L-Rev|M15|low@3320.00
1753880111019028144,1753883736657342459,-1,1,3308.5,3296.85,3315.5250000000005,3296.85,tp,11.5,1150.0,L-Rev|M15|low@3309.30
1753972572755133786,1754045560820256573,-1,1,3345.5,3353.5,3353.2250000000004,3330.0499999999997,sl,-8.15,-815.0,L-Rev|M15|low@3345.50
1754045554443325030,1754051419620066104,1,1,3352.1,3363.05,3346.625,3363.05,tp,10.8,1080.0,L-Rev|M15|high@3352.00
1754051461458641707,1754051607461227899,1,1,3367.0,3377.65,3361.525,3377.65,tp,10.5,1050.0,L-Rev|H1|high@3366.70
1754051421550408296,1754051618571033976,1,1,3364.2,3379.0499999999993,3356.775,3379.0499999999993,tp,14.7,1470.0,L-Rev|M15|high@3364.10
1754051461456911257,1754051625145561159,1,1,3366.8,3379.7000000000003,3360.3499999999995,3379.7000000000003,tp,12.75,1275.0,L-Rev|M15|high@3366.70
1754076747162173207,1754258400218880004,1,1,3408.8,3424.6000000000004,3400.7500000000005,3424.6000000000004,tp,15.65,1565.0,L-Rev|M15|high@3408.60
1754289952223936807,1754292003705896737,1,1,3414.0,3410.1,3410.1,3421.8,sl,-4.05,-405.0,L-Rev|M15|high@3413.80
1754308307442013095,1754309547703718347,1,1,3424.2,3420.3,3420.4750000000004,3431.3500000000004,sl,-4.05,-405.0,L-Rev|H1|high@3423.90
1754308307442013095,1754310336696731161,1,1,3424.2,3419.2,3419.225,3433.85,sl,-5.15,-515.0,L-Rev|M15|high@3423.90
1754305581379824861,1754312633134122428,1,1,3415.5,3425.3999999999996,3410.55,3425.3999999999996,tp,9.75,975.0,L-Rev|M15|high@3415.30
1754370139728031113,1754378553341879135,-1,1,3424.3,3428.1,3427.9000000000005,3417.1,sl,-3.95,-395.0,L-Rev|M15|low@3424.30
1754384424758288516,1754388704904438775,-1,1,3419.4,3409.3500000000004,3424.425,3409.3500000000004,tp,9.9,990.0,L-Rev|M15|low@3419.40
1754391601630073703,1754396691775493468,-1,1,3405.3,3411.8,3411.7250000000004,3393.95,sl,-6.65,-665.0,L-Rev|M15|low@3405.80
1754400855328662611,1754403216549697699,1,1,3430.2,3425.3,3425.3000000000006,3439.7,sl,-5.05,-505.0,L-Rev|M15|high@3429.90
1754405479300610492,1754408069440472702,1,1,3439.8,3437.3,3437.375,3444.65,sl,-2.65,-265.0,L-Rev|H1|high@3439.50
1754405479293586480,1754411446119082514,1,1,3439.7,3432.5,3432.7249999999995,3453.65,sl,-7.35,-735.0,L-Rev|M15|high@3439.50
1754442867810962901,1754444141716757581,-1,1,3432.4,3435.1,3435.1,3427.0,sl,-2.85,-285.0,L-Rev|M15|low@3432.40
1754443220719479385,1754444274692519601,-1,1,3431.3,3436.0,3435.7250000000004,3422.45,sl,-4.85,-485.0,L-Rev|M15|low@3431.30
1754512428203444412,1754517600066707604,-1,1,3430.9,3424.8999999999996,3433.9000000000005,3424.8999999999996,tp,5.85,585.0,L-Rev|M15|low@3430.90
1754530307399657987,1754530825309623783,1,1,3445.1,3443.1,3443.125,3449.0499999999997,sl,-2.15,-215.0,L-Rev|H1|high@3444.90
1754530307399657987,1754535740515912635,1,1,3445.1,3439.4,3439.4,3456.5,sl,-5.85,-585.0,L-Rev|M15|high@3444.90
1754575712375497883,1754575753568000034,-1,1,3438.5,3446.2,3446.15,3423.2,sl,-7.85,-785.0,L-Rev|M15|low@3438.50
1754575709490702916,1754576098407285006,-1,1,3443.2,3453.1,3453.025,3423.5499999999993,sl,-10.05,-1005.0,L-Rev|M15|low@3443.20
1754595467499073523,1754604000099418241,1,1,3465.2,3489.1,3453.1,3489.1,tp,23.75,2375.0,L-Rev|M15|high@3465.00
1754648453235284440,1754652257868790500,-1,1,3480.4,3469.6000000000004,3485.8,3469.6000000000004,tp,10.65,1065.0,L-Rev|M15|low@3480.40
1754675998964879753,1754874472564196978,-1,1,3468.6,3438.9000000000005,3483.45,3438.9000000000005,tp,29.55,2955.0,L-Rev|M15|low@3468.60
1754944417100457571,1754949600088562554,-1,1,3399.3,3387.75,3405.0750000000003,3387.75,tp,11.4,1140.0,L-Rev|M15|low@3399.30
1754945126084776624,1754961059161580875,-1,1,3397.3,3407.8,3407.7250000000004,3376.45,sl,-10.65,-1065.0,L-Rev|M15|low@3397.30
1754979413234606027,1754980561037728682,-1,1,3393.0,3396.5,3396.325,3386.35,sl,-3.65,-365.0,L-Rev|H1|low@3393.00
1754979413234606027,1754980654722047097,-1,1,3393.0,3397.4,3397.35,3384.3,sl,-4.55,-455.0,L-Rev|M15|low@3393.00
1754997652583051340,1755001806766156506,-1,1,3390.4,3398.3,3398.0250000000005,3375.749999999999,sl,-8.05,-805.0,L-Rev|M15|low@3390.60
1755006315209996379,1755006352302874682,1,1,3407.3,3399.8,3399.8,3422.3,sl,-7.65,-765.0,L-Rev|M15|high@3407.10
1755008110569637008,1755012136472827924,-1,1,3384.4,3397.7,3397.225,3358.75,sl,-13.45,-1345.0,L-Rev|M15|low@3384.40
1755012534000507029,1755012750821023215,1,1,3409.0,3403.0,3403.125,3420.45,sl,-6.15,-615.0,L-Rev|M15|high@3408.70
1755044259072595553,1755047692448537414,-1,1,3395.6,3399.0,3399.0,3389.099999999999,sl,-3.55,-355.0,L-Rev|M15|low@3395.70
1755065806891845746,1755072213651893844,1,1,3405.2,3402.4,3402.4750000000004,3410.3500000000004,sl,-2.95,-295.0,L-Rev|M15|high@3404.90
1755065806819817168,1755072287232036257,1,1,3405.1,3401.5,3401.5,3412.3,sl,-3.75,-375.0,L-Rev|M15|high@3405.00
1755093814212527915,1755097414016766819,1,1,3417.8,3411.3,3411.3499999999995,3430.7000000000003,sl,-6.65,-665.0,L-Rev|M15|high@3417.70
1755107852318069287,1755128733162356556,-1,1,3403.9,3412.3,3412.3,3387.1000000000004,sl,-8.55,-855.0,L-Rev|M15|low@3403.90
1755126116316618963,1755129687957081795,1,1,3409.3,3414.1,3406.9000000000005,3414.1,tp,4.65,465.0,L-Rev|M15|high@3409.20
1755157501062418047,1755158247978685483,-1,1,3400.1,3394.5,3403.0499999999997,3394.5,tp,5.45,545.0,L-Rev|H1|low@3400.20
1755157501062418047,1755158290107946953,-1,1,3400.1,3393.45,3403.575,3393.45,tp,6.5,650.0,L-Rev|M15|low@3400.20
1755158290110108729,1755162547734228113,-1,1,3392.7,3401.4,3400.425,3377.2499999999995,sl,-8.85,-885.0,L-Rev|M15|low@3392.70
1755158247728905834,1755162709579779059,-1,1,3394.8,3401.6,3401.55,3381.3,sl,-6.95,-695.0,L-Rev|M15|low@3394.80
1755228650557420158,1755234370260185027,1,1,3388.3,3394.6000000000004,3385.15,3394.6000000000004,tp,6.15,615.0,L-Rev|M15|high@3388.00
1755476428843058086,1755481261120207441,1,1,3384.8,3389.9000000000005,3382.25,3389.9000000000005,tp,4.95,495.0,L-Rev|M15|high@3384.60
1755544179758660645,1755554422134050130,-1,1,3376.3,3379.3,3379.3,3370.3,sl,-3.15,-315.0,L-Rev|M15|low@3376.30
1755573292546462907,1755578429578306428,1,1,3384.1,3378.5,3378.5499999999997,3395.2,sl,-5.75,-575.0,L-Rev|M15|high@3383.90
1755598009750855740,1755605240339010027,1,1,3386.5,3382.5,3382.5249999999996,3394.4500000000003,sl,-4.15,-415.0,L-Rev|M15|high@3386.20
1755608406629579894,1755609054578634560,-1,1,3378.2,3370.2499999999995,3382.175,3370.2499999999995,tp,7.8,780.0,L-Rev|M15|low@3378.20
1755609054526819393,1755609266297870908,-1,1,3370.6,3373.4,3373.35,3365.1,sl,-2.95,-295.0,L-Rev|H1|low@3370.60
1755609054526819393,1755609374952534492,-1,1,3370.6,3376.5,3376.375,3359.0499999999993,sl,-6.05,-605.0,L-Rev|M15|low@3370.60
1755634715347395629,1755663310235388799,-1,1,3358.1,3361.5,3361.4749999999995,3351.3500000000004,sl,-3.55,-355.0,L-Rev|M15|low@3358.10
1755697456771733725,1755697597493309381,1,1,3390.0,3386.7,3386.7000000000003,3396.0,sl,-3.45,-345.0,L-Rev|H1|high@3389.70
1755697456771733725,1755697602401866312,1,1,3390.0,3386.2,3386.25,3397.5,sl,-3.95,-395.0,L-Rev|M15|high@3389.70
1755743273281216726,1755744613876071661,-1,1,3382.7,3385.9,3385.85,3376.3999999999996,sl,-3.35,-335.0,L-Rev|M15|low@3382.70
1755821102142844602,1755824406871150549,-1,1,3381.1,3383.4,3383.35,3376.6,sl,-2.45,-245.0,L-Rev|M15|low@3381.10
1755864708624926571,1755869467863983423,-1,1,3367.2,3373.5,3373.425,3354.7499999999995,sl,-6.45,-645.0,L-Rev|M15|low@3367.20
1755870041453758598,1755871213641251126,1,1,3377.9,3388.25,3372.725,3388.25,tp,10.2,1020.0,L-Rev|M15|high@3377.80
1755871272682998545,1755871310516859451,1,1,3394.5,3392.2,3392.375,3398.75,sl,-2.45,-245.0,L-Rev|H1|high@3394.40
1755871264449535539,1755871358153423183,1,1,3392.1,3396.3500000000004,3389.975,3396.3500000000004,tp,4.1,410.0,L-Rev|H1|high@3391.90
1755871272682998545,1755871814416055665,1,1,3394.5,3401.9,3390.8,3401.9,tp,7.25,725.0,L-Rev|H4|high@3394.40
1755871264450029682,1755871833868927563,1,1,3392.3,3404.8500000000004,3385.7250000000004,3404.8500000000004,tp,12.4,1240.0,L-Rev|M15|high@3391.90
1756103238814190599,1756103989398039064,1,1,3413.3,3410.8,3410.875,3417.850000000001,sl,-2.65,-265.0,L-Rev|M15|high@3413.10
1756113306782678421,1756115114185847513,-1,1,3407.1,3410.8,3410.775,3399.75,sl,-3.85,-385.0,L-Rev|M15|low@3407.10
1756121578590076608,1756125135339031107,1,1,3414.4,3411.0,3411.025,3421.15,sl,-3.55,-355.0,L-Rev|M15|high@3414.30
1756127280851588664,1756128673645288302,-1,1,3406.3,3410.1,3410.0499999999997,3398.800000000001,sl,-3.95,-395.0,L-Rev|M15|low@3406.30
1756130413715361169,1756150953043906612,1,1,3416.7,3412.1,3412.1750000000006,3425.45,sl,-4.75,-475.0,L-Rev|M15|high@3416.50
1756167379133917944,1756167399384307764,1,1,3421.9,3418.4,3418.4500000000003,3427.8999999999987,sl,-3.65,-365.0,L-Rev|M15|high@3421.50
1756192451240981374,1756194046388109104,-1,1,3418.0,3421.6,3421.525,3410.95,sl,-3.75,-375.0,L-Rev|M15|low@3418.00
1756204647660415265,1756205828803744783,-1,1,3413.1,3417.9,3417.9,3403.5,sl,-4.95,-495.0,L-Rev|M15|low@3413.10
1756208009559639859,1756212971931637985,1,1,3426.9,3421.8,3421.825,3436.45,sl,-5.25,-525.0,L-Rev|M15|high@3426.60
1756208009559639859,1756212973212616262,1,1,3426.9,3421.3,3421.6500000000005,3436.5,sl,-5.75,-575.0,L-Rev|M15|high@3426.40
1756223764672258647,1756225206501173383,1,1,3434.9,3431.4,3431.425,3441.8500000000004,sl,-3.65,-365.0,L-Rev|H1|high@3434.70
1756220645899297608,1756239346667120239,1,1,3428.8,3440.250000000001,3422.925,3440.250000000001,tp,11.3,1130.0,L-Rev|M15|high@3428.30
1756223764672258647,1756245600072948185,1,1,3434.9,3447.6499999999996,3428.5249999999996,3447.6499999999996,tp,12.6,1260.0,L-Rev|M15|high@3434.70
1756268671869586353,1756275524448374556,-1,1,3428.5,3431.5,3431.5,3422.5,sl,-3.15,-315.0,L-Rev|M15|low@3428.50
1756294034966700655,1756297256850423522,-1,1,3423.0,3427.7,3427.6499999999996,3413.7000000000003,sl,-4.85,-485.0,L-Rev|M15|low@3423.00
1756300566563647200,1756301402013984604,1,1,3434.0,3430.3,3430.4,3441.2,sl,-3.85,-385.0,L-Rev|M15|high@3433.90
1756312406243046086,1756328154166380261,1,1,3443.5,3452.0499999999993,3439.2250000000004,3452.0499999999993,tp,8.4,840.0,L-Rev|M15|high@3443.40
1756370224256961262,1756380752026053772,1,1,3454.0,3463.6500000000015,3449.025,3463.6500000000015,tp,9.5,950.0,L-Rev|M15|high@3453.80
1756380290748787071,1756380769382782794,1,1,3457.7,3464.5999999999995,3454.25,3464.5999999999995,tp,6.75,675.0,L-Rev|M15|high@3457.60
1756456619162290325,1756460100709622888,1,1,3472.4,3467.9,3467.975,3481.249999999999,sl,-4.65,-465.0,L-Rev|M15|high@3472.20
1756462140382026333,1756468388270076808,-1,1,3466.1,3470.2,3470.1499999999996,3458.0000000000005,sl,-4.25,-425.0,L-Rev|M15|low@3466.10
1756470912750718039,1756473519312279885,1,1,3472.7,3479.75,3469.1749999999997,3479.75,tp,6.9,690.0,L-Rev|M15|high@3472.60
1756473519302980063,1756473565939968458,1,1,3479.7,3477.7,3477.825,3483.45,sl,-2.15,-215.0,L-Rev|H1|high@3479.60
1756691297409296797,1756691911905352878,1,1,3518.1,3526.2,3514.0499999999997,3526.2,tp,7.95,795.0,L-Rev|M15|high@3518.00
1756704952798839008,1756705222287455152,1,1,3552.6,3545.7,3545.8999999999996,3565.7000000000003,sl,-7.05,-705.0,L-Rev|M15|high@3552.40
1756799621521483174,1756800307358022150,-1,1,3542.6,3538.3499999999995,3544.875,3538.3499999999995,tp,4.1,410.0,L-Rev|M15|low@3542.70
1756800345287037680,1756800853966398605,-1,1,3537.9,3544.7,3544.6499999999996,3524.4000000000005,sl,-6.95,-695.0,L-Rev|M15|low@3537.90
1756799480595446018,1756807819488079632,-1,1,3545.6,3551.9,3551.825,3533.1499999999996,sl,-6.45,-645.0,L-Rev|M15|low@3545.60
1756824438034052592,1756824610447860277,1,1,3578.7,3573.5,3573.625,3588.25,sl,-5.35,-535.0,L-Rev|H1|high@3578.40
1756824438034052592,1756831106512432776,1,1,3578.7,3592.25,3571.775,3592.25,tp,13.4,1340.0,L-Rev|M15|high@3578.40
1756823071705244410,1756840711106322312,1,1,3564.5,3599.2500000000005,3546.825,3599.2500000000005,tp,34.6,3460.0,L-Rev|M15|high@3564.10
1756878719695594168,1756881182613092527,-1,1,3595.1,3599.9,3599.825,3585.6499999999996,sl,-4.95,-495.0,L-Rev|M15|low@3595.10
1756878933790754344,1756886774676937895,-1,1,3593.4,3604.7,3604.65,3570.9,sl,-11.45,-1145.0,L-Rev|M15|low@3593.40
1756886770593150086,1756897995596661008,1,1,3604.2,3614.7,3598.95,3614.7,tp,10.35,1035.0,L-Rev|M15|high@3604.10
1756899754274258855,1756901734029329215,1,1,3617.0,3612.1,3612.175,3626.65,sl,-5.05,-505.0,L-Rev|H1|high@3616.90
1756952005767467792,1756954450103074330,-1,1,3600.2,3584.749999999999,3607.925,3584.749999999999,tp,15.3,1530.0,L-Rev|M15|low@3600.20
1756953936407575863,1756955526364476643,-1,1,3592.4,3583.05,3597.075,3583.05,tp,9.2,920.0,L-Rev|H1|low@3592.40
1756953936407575863,1756955546275026564,-1,1,3592.4,3579.05,3599.0750000000003,3579.05,tp,13.2,1320.0,L-Rev|M15|low@3592.40
1757023221529477018,1757028955228141046,-1,1,3600.0,3604.6,3604.575,3590.8500000000004,sl,-4.75,-475.0,L-Rev|M15|low@3600.00
1757044484543471209,1757052449807730022,1,1,3618.0,3613.1,3613.125,3627.75,sl,-5.05,-505.0,L-Rev|H1|high@3617.80
1757044484543471209,1757059307826912456,1,1,3618.0,3605.4,3605.4,3643.2,sl,-12.75,-1275.0,L-Rev|M15|high@3617.80
1757059878650418786,1757065758814786742,-1,1,3605.0,3610.0,3609.95,3595.1000000000004,sl,-5.15,-515.0,L-Rev|M15|low@3605.00
1757075401803551207,1757075443735168058,1,1,3619.5,3630.2,3614.0,3630.2,tp,10.55,1055.0,L-Rev|M15|high@3619.20
1757075588093310145,1757075753006437008,1,1,3640.3,3633.0,3633.0,3654.6,sl,-7.45,-745.0,L-Rev|H1|high@3640.10
1757075588093310145,1757076428715321179,1,1,3640.3,3631.4,3631.55,3657.8,sl,-9.05,-905.0,L-Rev|H4|high@3640.10
1757304179639216070,1757310914568658203,-1,1,3622.4,3630.6,3630.575,3607.850000000001,sl,-8.35,-835.0,L-Rev|M15|low@3623.00
1757313928167634021,1757319776508788648,1,1,3638.0,3656.0,3629.0,3656.0,tp,17.85,1785.0,L-Rev|M15|high@3637.90
1757336093118197979,1757342723662508950,1,1,3662.7,3677.9999999999995,3655.05,3677.9999999999995,tp,15.15,1515.0,L-Rev|M15|high@3662.50
1757377101034577893,1757382530639813975,1,1,3679.0,3688.0,3674.5,3688.0,tp,8.85,885.0,L-Rev|M15|high@3678.80
1757424318253049740,1757426852186811969,1,1,3699.1,3688.8,3688.8999999999996,3719.5000000000005,sl,-10.45,-1045.0,L-Rev|M15|high@3698.90
1757428666016758834,1757428976199965755,-1,1,3676.8,3685.9,3685.875,3658.6500000000005,sl,-9.25,-925.0,L-Rev|M15|low@3676.80
1757430944507010777,1757431265615526085,-1,1,3669.8,3675.2,3675.125,3659.150000000001,sl,-5.55,-555.0,L-Rev|M15|low@3669.80
1757450756465497107,1757458853589543092,-1,1,3665.3,3672.5,3672.5,3650.9000000000005,sl,-7.35,-735.0,L-Rev|M15|low@3665.30
1757517867493477263,1757528420430154812,-1,1,3678.8,3688.2,3688.1000000000004,3660.2,sl,-9.55,-955.0,L-Rev|M15|low@3678.80
1757532775714060545,1757548118985744661,-1,1,3677.5,3683.9,3683.875,3664.75,sl,-6.55,-655.0,L-Rev|M15|low@3677.50
1757554216774182223,1757554604814356692,1,1,3687.5,3682.0,3682.025,3698.45,sl,-5.65,-565.0,L-Rev|H1|high@3697.50
1757557820115401393,1757568737333926794,-1,1,3674.6,3664.8500000000004,3679.4749999999995,3664.8500000000004,tp,9.6,960.0,L-Rev|M15|low@3674.60
1757582072811523509,1757593449945995346,-1,1,3656.5,3664.2,3664.1499999999996,3641.2000000000003,sl,-7.85,-785.0,L-Rev|M15|low@3656.50
1757581449169684186,1757593829292509569,-1,1,3660.6,3669.7,3669.525,3642.75,sl,-9.25,-925.0,L-Rev|M15|low@3660.60
1757593915397169202,1757594800211366424,1,1,3675.7,3667.5,3667.8,3691.2000000000007,sl,-8.35,-835.0,L-Rev|M15|high@3675.50
1757638924704373211,1757640703332887112,1,1,3677.3,3682.9999999999995,3673.9999999999995,3682.9999999999995,tp,5.55,555.0,L-Rev|M15|high@3676.70
1757639462970795101,1757651450202743335,1,1,3680.9,3693.25,3674.575,3693.25,tp,12.2,1220.0,L-Rev|M15|high@3680.60
1757645626550912598,1757664673401500966,1,1,3689.7,3684.3,3684.375,3700.3499999999995,sl,-5.55,-555.0,L-Rev|M15|high@3689.60
1757684554448124836,1757684862412771533,1,1,3690.5,3685.2,3685.2500000000005,3700.999999999999,sl,-5.45,-545.0,L-Rev|M15|high@3690.40
1757640696042626154,1757898063072228059,1,1,3682.3,3666.1,3666.1499999999996,3714.3000000000006,sl,-16.35,-1635.0,L-Rev|M15|high@3682.00
1757982489465383134,1757984948687636740,1,1,3722.2,3718.5,3718.5750000000007,3729.15,sl,-3.85,-385.0,L-Rev|M15|high@3721.90
1757985628763205163,1757985955138179963,-1,1,3715.5,3718.6,3718.575,3709.3500000000004,sl,-3.25,-325.0,L-Rev|M15|low@3715.50
1757990205249182114,1757998398642259125,-1,1,3715.5,3721.5,3721.425,3703.649999999999,sl,-6.15,-615.0,L-Rev|M15|low@3715.50
1758032233528046417,1758032919896727225,1,1,3737.8,3730.7,3730.7499999999995,3751.8999999999996,sl,-7.25,-725.0,L-Rev|M15|high@3737.60
1758005171735872093,1758035056149477667,1,1,3728.7,3721.7,3721.8999999999996,3741.7000000000003,sl,-7.15,-715.0,L-Rev|M15|high@3728.40
1758053341574742274,1758072419278296992,1,1,3728.5,3724.6,3724.6,3736.3,sl,-4.05,-405.0,L-Rev|M15|high@3728.40
1758073020304610250,1758073202386428335,-1,1,3715.2,3717.5,3717.5,3710.5999999999995,sl,-2.45,-245.0,L-Rev|H1|low@3715.20
1758073020304610250,1758077614908890472,-1,1,3715.2,3720.9,3720.825,3703.95,sl,-5.85,-585.0,L-Rev|M15|low@3715.20
1758091209284498668,1758092408102627694,-1,1,3710.7,3714.2,3714.1499999999996,3703.8,sl,-3.65,-365.0,L-Rev|M15|low@3710.70
1758126128786697278,1758129628695944685,1,1,3722.9,3715.0,3715.0249999999996,3738.6499999999996,sl,-8.05,-805.0,L-Rev|M15|high@3722.70
1758132010764673782,1758132017789540763,1,1,3732.9,3728.7,3728.775,3741.15,sl,-4.35,-435.0,L-Rev|M15|high@3732.80
1758132010764673782,1758132018225020377,1,1,3732.9,3727.4,3728.05,3742.6000000000004,sl,-5.65,-565.0,L-Rev|H1|high@3732.80
1758132072262968132,1758132074494859070,-1,1,3695.4,3705.4,3703.65,3678.9,sl,-10.15,-1015.0,L-Rev|M15|low@3695.40
1758132542026651873,1758132558492698163,1,1,3741.0,3737.3,3737.4,3745.2,sl,-3.85,-385.0,L-Rev|H1|high@3739.90
1758132542026651873,1758132784097227154,1,1,3741.0,3729.2,3729.225,3761.85,sl,-11.95,-1195.0,L-Rev|M15|high@3739.90
1758173955070225191,1758175830671627325,-1,1,3686.6,3672.6500000000005,3693.575,3672.6500000000005,tp,13.8,1380.0,L-Rev|M15|low@3686.60
1758175433677172522,1758175843151927920,-1,1,3679.4,3668.2,3685.15,3668.2,tp,11.05,1105.0,L-Rev|H1|low@3679.50
1758175433677172522,1758181368141116299,-1,1,3679.4,3691.7,3691.65,3655.2,sl,-12.45,-1245.0,L-Rev|M15|low@3679.50
1758187347098416209,1758199884991401146,1,1,3705.7,3697.9,3697.9749999999995,3721.15,sl,-7.95,-795.0,L-Rev|M15|high@3705.60
1758202987672774254,1758204047578118332,-1,1,3667.3,3676.9,3676.825,3648.2500000000005,sl,-9.75,-975.0,L-Rev|M15|low@3667.30
1758244064834404479,1758246401424190929,1,1,3680.7,3677.3,3677.4500000000007,3686.9,sl,-3.55,-355.0,L-Rev|M15|high@3680.40
1758252136928205702,1758263725919525901,1,1,3684.7,3676.9,3677.1000000000004,3699.6000000000004,sl,-7.95,-795.0,L-Rev|M15|high@3684.30
1758289805640653660,1758293832587736212,1,1,3692.0,3702.500000000001,3686.7499999999995,3702.500000000001,tp,10.35,1035.0,L-Rev|M15|high@3691.90
1758290211337116986,1758295324175241388,1,1,3694.3,3708.25,3687.325,3708.25,tp,13.8,1380.0,L-Rev|M15|high@3694.10
1758295211666172240,1758295841094475336,1,1,3707.4,3703.5,3703.5,3715.2,sl,-4.05,-405.0,L-Rev|H1|high@3707.30
1758295211666172240,1758295890448403967,1,1,3707.4,3701.4,3701.4,3719.4,sl,-6.15,-615.0,L-Rev|M15|high@3707.30
1758303938077375496,1758492000214757853,1,1,3710.0,3720.0999999999995,3704.3500000000004,3720.0999999999995,tp,9.95,995.0,L-Rev|M15|high@3709.50
1758502806657046236,1758503151227750300,1,1,3727.5,3722.2,3722.3999999999996,3737.7000000000003,sl,-5.45,-545.0,L-Rev|M15|high@3727.40
1758512898945061232,1758515837209954808,1,1,3732.6,3726.1,3726.1499999999996,3745.5000000000005,sl,-6.65,-665.0,L-Rev|M15|high@3732.50
1758554684569947907,1758562121069365159,1,1,3763.3,3776.1000000000004,3756.7499999999995,3776.1000000000004,tp,12.65,1265.0,L-Rev|M15|high@3763.10
1758596167786285391,1758596458353128100,-1,1,3773.5,3778.4,3778.225,3764.05,sl,-5.05,-505.0,L-Rev|M15|low@3773.50
1758616157211308942,1758617290926802651,1,1,3793.4,3807.3,3786.15,3807.3,tp,13.75,1375.0,L-Rev|M15|high@3793.00
1758645382585075184,1758645684401164215,-1,1,3799.0,3806.5,3806.425,3784.1499999999996,sl,-7.65,-765.0,L-Rev|M15|low@3799.00
1758653797707887455,1758691420814704080,-1,1,3796.6,3805.0,3804.9249999999997,3779.95,sl,-8.55,-855.0,L-Rev|M15|low@3796.60
1758721560873855842,1758721907807456726,-1,1,3792.4,3798.7,3798.625,3779.95,sl,-6.45,-645.0,L-Rev|M15|low@3792.40
1758725627987379851,1758726093415567752,-1,1,3783.0,3787.6,3787.55,3773.8999999999996,sl,-4.75,-475.0,L-Rev|H1|low@3783.00
1758725627987379851,1758732580188061975,-1,1,3783.0,3767.55,3790.725,3767.55,tp,15.3,1530.0,L-Rev|M15|low@3783.00
1758785953217316555,1758798730114015540,1,1,3782.5,3772.3,3772.375,3802.75,sl,-10.35,-1035.0,L-Rev|M15|high@3782.20
1758804662130893813,1758804983175508413,-1,1,3762.2,3768.6,3768.5749999999994,3749.4500000000007,sl,-6.55,-655.0,L-Rev|M15|low@3762.20
1758807604622832768,1758813356753006381,-1,1,3760.5,3768.3,3768.3,3744.8999999999996,sl,-7.95,-795.0,L-Rev|M15|low@3760.50
1758837600076228136,1758842211820496755,1,1,3781.6,3771.8,3771.925,3794.6499999999996,sl,-9.95,-995.0,L-Rev|M15|high@3789.50
1758867540448334944,1758868958101186612,1,1,3783.8,3776.8,3776.875,3797.350000000001,sl,-7.15,-715.0,L-Rev|M15|high@3783.50
1758889881853559874,1758890620933431893,1,1,3785.4,3779.3,3779.3250000000003,3797.55,sl,-6.25,-625.0,L-Rev|M15|high@3785.20
1758892134432941860,1758893057514198374,1,1,3792.5,3786.1,3786.15,3804.9,sl,-6.55,-655.0,L-Rev|H1|high@3792.30
1758892133997785212,1758893091336436708,1,1,3792.0,3784.7,3784.7000000000003,3806.3,sl,-7.45,-745.0,L-Rev|M15|high@3791.70
1758892134432941860,1758893494638154734,1,1,3792.5,3783.5,3783.575,3810.3500000000004,sl,-9.15,-915.0,L-Rev|M15|high@3792.30
1758915035066389467,1759096800154888000,-1,1,3801.0,3785.4000000000005,3808.7999999999997,3785.4000000000005,tp,15.45,1545.0,L-Rev|M15|low@3801.00
1759106793363842120,1759107992614473182,1,1,3815.7,3809.6,3809.6000000000004,3824.6000000000004,sl,-6.25,-625.0,L-Rev|H1|high@3814.40
1759144529495996587,1759149080838837943,1,1,3849.5,3843.3,3843.8,3860.8999999999996,sl,-6.35,-635.0,L-Rev|M15|high@3849.40
1759179292275494135,1759184509336698905,1,1,3863.2,3856.4,3856.45,3873.999999999999,sl,-6.95,-695.0,L-Rev|M15|high@3862.20
1759158263399012457,1759202530560208474,1,1,3861.0,3884.0499999999993,3849.1750000000006,3884.0499999999993,tp,22.9,2290.0,L-Rev|M15|high@3860.60
1759220558256416381,1759220665988483582,-1,1,3850.9,3856.3,3856.3,3840.1000000000004,sl,-5.55,-555.0,L-Rev|M15|low@3850.90
1759221427274580246,1759239532823793167,-1,1,3838.6,3851.3,3851.275,3813.25,sl,-12.85,-1285.0,L-Rev|M15|low@3838.60
1759284300159970408,1759287269814621892,1,1,3899.8,3890.4,3890.45,3917.0,sl,-9.55,-955.0,L-Rev|H1|high@3899.20
1759284300159970408,1759287281199525228,1,1,3899.8,3887.4,3887.5499999999993,3923.1,sl,-12.55,-1255.0,L-Rev|M15|high@3899.20
1759299530524921525,1759300924488471285,-1,1,3883.5,3891.9,3891.45,3867.6000000000004,sl,-8.55,-855.0,L-Rev|M15|low@3883.50
1759260199186582213,1759305075525342945,1,1,3882.5,3904.1500000000015,3871.525,3904.1500000000015,tp,21.5,2150.0,L-Rev|M15|high@3882.30
1759303322970362499,1759306343539066189,1,1,3897.1,3915.55,3887.875,3915.55,tp,18.3,1830.0,L-Rev|M15|high@3897.00
1759305075535198943,1759323343622307913,1,1,3904.4,3894.0,3894.0499999999993,3925.1,sl,-10.55,-1055.0,L-Rev|M15|high@3904.10
1759341902401423547,1759347850893094764,-1,1,3882.8,3895.7,3895.625,3857.1500000000005,sl,-13.05,-1305.0,L-Rev|M15|low@3882.80
1759366800182758389,1759368228592011757,-1,1,3881.4,3888.9,3888.9,3866.4,sl,-7.65,-765.0,L-Rev|M15|low@3881.40
1759385728528639617,1759387973895399618,1,1,3897.9,3891.5,3891.5249999999996,3910.6499999999996,sl,-6.55,-655.0,L-Rev|M15|high@3897.60
1759382814025836626,1759388158549962515,1,1,3895.4,3890.5,3890.675,3904.8499999999995,sl,-5.05,-505.0,L-Rev|M15|high@3895.20
1759385832027607267,1759388158549962515,1,1,3898.7,3890.5,3890.675,3914.7499999999995,sl,-8.35,-835.0,L-Rev|M15|high@3898.50
1759411448680877499,1759412873400631328,1,1,3919.0,3905.6,3905.625000000001,3945.4500000000003,sl,-13.55,-1355.0,L-Rev|M15|high@3918.80
1759414810814897377,1759415826361256591,-1,1,3886.3,3875.5,3892.15,3875.5,tp,10.65,1065.0,L-Rev|M15|low@3886.60
1759415826241108478,1759416005974787816,-1,1,3876.5,3866.4,3882.3,3866.4,tp,9.95,995.0,L-Rev|H1|low@3877.00
1759415826241108478,1759416280964854711,-1,1,3876.5,3861.3999999999996,3884.8,3861.3999999999996,tp,14.95,1495.0,L-Rev|M15|low@3877.00
1759454558893139322,1759455906084948448,-1,1,3876.0,3880.6,3880.5,3867.0,sl,-4.75,-475.0,L-Rev|M15|low@3876.00
1759486523666845787,1759490222510775208,1,1,3889.3,3882.6,3882.6749999999997,3902.25,sl,-6.85,-685.0,L-Rev|M15|high@3889.00
1759716040540802566,1759725906591273749,1,1,3945.7,3963.9999999999995,3936.1000000000004,3963.9999999999995,tp,18.15,1815.0,L-Rev|M15|high@3945.20
1759737720030319965,1759745288832172141,1,1,3969.2,3958.1,3958.2999999999997,3990.7,sl,-11.25,-1125.0,L-Rev|M15|high@3969.00
1759759389219191535,1759788700736120629,1,1,3973.9,3995.9500000000007,3962.875,3995.9500000000007,tp,21.9,2190.0,L-Rev|M15|high@3973.70
1759788700526089842,1759790437111857010,1,1,3994.9,3986.5,3986.5249999999996,4011.050000000001,sl,-8.55,-855.0,L-Rev|M15|high@3994.50
1759819370806753248,1759824373368647701,-1,1,3978.7,3964.2999999999993,3985.9,3964.2999999999993,tp,14.25,1425.0,L-Rev|M15|low@3978.70
1759837167204383309,1759841727407315597,1,1,3986.7,4002.15,3978.9749999999995,4002.15,tp,15.3,1530.0,L-Rev|M15|high@3986.60
1759841565925140505,1759844483679508167,1,1,4001.0,3993.8,3993.875,4013.1499999999996,sl,-7.35,-735.0,L-Rev|H1|high@4000.10
1759841565925140505,1759846526660286448,1,1,4001.0,3991.4,3992.05,4016.8,sl,-9.75,-975.0,L-Rev|M15|high@4000.10
1759841543004760119,1759852012307229113,1,1,3999.4,3990.8,3990.85,4016.499999999999,sl,-8.75,-875.0,L-Rev|M15|high@3999.20
1759927207508290053,1759928345566007955,-1,1,4052.5,4062.3,4062.25,4033.0,sl,-9.95,-995.0,L-Rev|M15|low@4052.50
1759935941969127034,1759936446369987066,1,1,4071.7,4062.6,4062.625,4089.8499999999995,sl,-9.25,-925.0,L-Rev|M15|high@4071.50
1760017576628649691,1760017605404778589,-1,1,4041.1,4048.6,4048.6,4026.1,sl,-7.65,-765.0,L-Rev|M15|low@4041.10
1760017372568209189,1760018399757144311,-1,1,4052.5,4034.2000000000007,4062.1,4034.2000000000007,tp,18.15,1815.0,L-Rev|M15|low@4052.80
1760020204792935279,1760020692248446870,-1,1,4018.9,4028.7,4028.625,4000.35,sl,-9.95,-995.0,L-Rev|H1|low@4019.20
1760020204792935279,1760021371409444669,-1,1,4018.9,4035.7,4035.6249999999995,3986.3500000000004,sl,-16.95,-1695.0,L-Rev|M15|low@4019.20
1760087334560804062,1760100509697546143,1,1,4009.8,3995.8,3995.85,4037.7,sl,-14.15,-1415.0,L-Rev|M15|high@4009.70
1760345398037201575,1760366338990940766,1,1,4096.7,4119.2,4085.45,4119.2,tp,22.35,2235.0,L-Rev|M15|high@4096.50
1760423017429845089,1760423072544504419,-1,1,4110.3,4117.0,4116.900000000001,4097.1,sl,-6.85,-685.0,L-Rev|M15|low@4110.30
1760460441145088794,1760487165498332903,1,1,4162.2,4186.500000000002,4149.6,4186.500000000002,tp,24.15,2415.0,L-Rev|M15|high@4161.80
1760479993416103464,1760490278849355293,1,1,4172.6,4191.050000000001,4162.925000000001,4191.050000000001,tp,18.3,1830.0,L-Rev|M15|high@4172.10
1760490278849355293,1760511123590724949,1,1,4192.4,4215.85,4178.875,4215.85,tp,23.3,2330.0,L-Rev|H1|high@4190.90
1760490278849355293,1760618181782181618,1,1,4192.4,4265.25,4153.875,4265.25,tp,72.7,7270.0,L-Rev|M15|high@4190.90
1760555991536839068,1760620933527591474,1,1,4227.8,4266.949999999999,4208.225,4266.949999999999,tp,39.0,3900.0,L-Rev|M15|high@4227.70
1760644414338146302,1760648060783533394,1,1,4315.0,4345.949999999999,4299.375,4345.949999999999,tp,30.8,3080.0,L-Rev|M15|high@4314.70
1760709954053484211,1760709960036785681,-1,1,4237.3,4247.1,4246.75,4218.4000000000015,sl,-9.95,-995.0,L-Rev|M15|low@4237.30
1760709919620321440,1760710265493402348,-1,1,4241.9,4261.4,4261.324999999999,4203.05,sl,-19.65,-1965.0,L-Rev|M15|low@4241.90
1760718569479671439,1760725596624930562,-1,1,4226.0,4256.3,4256.225,4165.549999999999,sl,-30.45,-3045.0,L-Rev|M15|low@4226.00
1760960264181879712,1760962748992004544,1,1,4281.0,4303.65,4269.675,4303.65,tp,22.5,2250.0,L-Rev|M15|high@4280.70
1760984952980702271,1760990147179367114,1,1,4372.6,4393.199999999999,4362.150000000001,4393.199999999999,tp,20.45,2045.0,L-Rev|M15|high@4372.30
1761023527752143035,1761032135196115875,-1,1,4348.4,4313.449999999998,4365.875,4313.449999999998,tp,34.8,3480.0,L-Rev|M15|low@4348.40
1761034497652067381,1761034539093701713,-1,1,4259.5,4271.6,4271.575,4235.35,sl,-12.25,-1225.0,L-Rev|M15|low@4259.50
1761048641759311251,1761050782637037283,-1,1,4257.6,4219.9,4276.599999999999,4219.9,tp,37.55,3755.0,L-Rev|M15|low@4257.70
1761048858342467616,1761054499256138827,-1,1,4229.4,4187.4,4250.849999999999,4187.4,tp,41.85,4185.0,L-Rev|M15|low@4229.70
1761091120421289226,1761091570381254059,-1,1,4105.0,4063.300000000001,4125.849999999999,4063.300000000001,tp,41.55,4155.0,L-Rev|M15|low@4105.00
1761198817168416348,1761199470842400006,1,1,4116.7,4135.950000000001,4106.924999999999,4135.950000000001,tp,19.1,1910.0,L-Rev|M15|high@4116.40
1761199467076832255,1761204943783450999,1,1,4134.0,4115.4,4115.775,4170.450000000001,sl,-18.75,-1875.0,L-Rev|M15|high@4133.60
1761225488092001473,1761249351075533812,1,1,4153.6,4132.8,4132.85,4194.499999999999,sl,-20.95,-2095.0,L-Rev|M15|high@4152.90
1761223227121329818,1761262369218251747,1,1,4141.0,4121.2,4121.424999999999,4180.150000000001,sl,-19.95,-1995.0,L-Rev|M15|high@4140.70
1761262368937658077,1761263554167217111,-1,1,4123.3,4139.0,4138.875,4092.75,sl,-15.85,-1585.0,L-Rev|M15|low@4123.50
1761248058768374068,1761267808488157403,-1,1,4141.0,4151.8,4151.650000000001,4119.699999999999,sl,-10.95,-1095.0,L-Rev|M15|low@4141.00
1761279855854631035,1761292313782874763,-1,1,4121.2,4090.599999999999,4136.5,4090.599999999999,tp,30.45,3045.0,L-Rev|M15|low@4121.20
1761285779364746236,1761293449854297018,-1,1,4113.6,4070.4999999999995,4135.3,4070.4999999999995,tp,42.95,4295.0,L-Rev|M15|low@4113.70
1761159812665886154,1761293752399664367,1,1,4101.4,4065.0,4065.0249999999996,4174.15,sl,-36.55,-3655.0,L-Rev|M15|high@4101.00
1761563478819741302,1761567893860535217,-1,1,4032.0,4053.8,4053.7749999999996,3995.05,sl,-21.95,-2195.0,L-Rev|M15|low@4034.20
1761572864686826760,1761577634347111237,-1,1,4027.0,3989.75,4047.125,3989.75,tp,37.1,3710.0,L-Rev|M15|low@4028.00
1761610856635557056,1761611588368324535,-1,1,3992.2,4008.1,4008.0499999999997,3966.2,sl,-16.05,-1605.0,L-Rev|M15|low@3994.10
1761613252525614428,1761618114671647800,1,1,4026.1,4013.0,4013.0499999999993,4052.2000000000007,sl,-13.25,-1325.0,L-Rev|M15|high@4025.80
1761657536478357636,1761658889626878885,1,1,3947.2,3931.4,3931.5999999999995,3978.4,sl,-15.95,-1595.0,L-Rev|M15|high@3947.00
1761689252168494765,1761689263017119854,-1,1,3958.5,3933.1499999999996,3972.075,3933.1499999999996,tp,25.2,2520.0,L-Rev|M15|low@3959.10
1761697780833365758,1761705095671890030,1,1,3986.0,3972.5,3972.6999999999994,4012.3,sl,-13.65,-1365.0,L-Rev|M15|high@3985.70
1761720406262785949,1761726641670655477,1,1,3996.1,4025.5499999999993,3981.2249999999995,4025.5499999999993,tp,29.3,2930.0,L-Rev|M15|high@3995.70
1761731120449196043,1761745114236673233,1,1,4034.6,4020.2,4020.275,4063.25,sl,-14.55,-1455.0,L-Rev|H1|high@4034.20
1761763316474232622,1761763521028932224,-1,1,3957.2,3973.0,3972.4249999999997,3926.75,sl,-15.95,-1595.0,L-Rev|M15|low@3957.20
1761798850579220871,1761802281323117669,1,1,3978.7,3959.7,3959.7249999999995,4016.65,sl,-19.15,-1915.0,L-Rev|M15|high@3978.20
1761815850067888550,1761816284506152167,1,1,4023.6,4013.1,4013.175,4044.1499999999996,sl,-10.65,-1065.0,L-Rev|H1|high@4046.20
1761815755614875856,1761823191876708706,1,1,4022.2,3983.0,3983.0499999999997,4100.5,sl,-39.35,-3935.0,L-Rev|M15|high@4021.70
1761814872619366499,1761829106250320385,1,1,3996.6,3973.4,3973.425,4042.9499999999994,sl,-23.35,-2335.0,L-Rev|M15|high@3996.00
1761864641510529578,1761875641794033879,1,1,4046.9,4031.1,4031.1749999999997,4076.8499999999995,sl,-15.95,-1595.0,L-Rev|M15|high@4046.20
1761846413399169077,1761880402519470878,1,1,4028.7,4007.4,4007.4500000000007,4070.9,sl,-21.45,-2145.0,L-Rev|M15|high@4028.30
1761914350757251632,1761918142094379778,1,1,4038.9,4026.6,4026.65,4063.1000000000004,sl,-12.45,-1245.0,L-Rev|M15|high@4038.50
1761926983184166047,1761927307052713376,-1,1,4010.0,3987.8,4021.1,3987.8,tp,22.05,2205.0,L-Rev|M15|low@4010.00
1762136477445732136,1762137000580076230,1,1,4015.4,4005.0,4005.075,4035.45,sl,-10.55,-1055.0,L-Rev|H1|high@4049.20
1762163112264412954,1762169166705737548,-1,1,4007.0,4016.9,4016.8999999999996,3987.2000000000003,sl,-10.05,-1005.0,L-Rev|M15|low@4007.00
1762182001099896535,1762183679051961318,1,1,4039.1,4022.3,4022.4999999999995,4071.9999999999995,sl,-16.95,-1695.0,L-Rev|M15|high@4038.70
1762211243447203533,1762211632397216529,-1,1,4007.0,3990.2999999999993,4015.5,3990.2999999999993,tp,16.55,1655.0,L-Rev|M15|low@4007.10
1762211579403192908,1762221780853051703,-1,1,4005.5,3987.0999999999995,4015.4500000000003,3987.0999999999995,tp,18.25,1825.0,L-Rev|M15|low@4006.00
1762211602395156823,1762236114583269887,-1,1,4003.0,3979.75,4015.0750000000003,3979.75,tp,23.1,2310.0,L-Rev|M15|low@4003.30
1762235100511122264,1762240227654217053,-1,1,3984.2,3997.6,3997.5499999999997,3957.5,sl,-13.55,-1355.0,L-Rev|M15|low@3984.20
1762243721583658370,1762244123496135598,1,1,4009.7,4001.0,4001.0499999999997,4026.7,sl,-8.85,-885.0,L-Rev|M15|high@4009.20
1762259614654265541,1762261893196942121,-1,1,3995.4,4003.9,4003.875,3978.45,sl,-8.65,-865.0,L-Rev|M15|low@3995.40
1762265143981975327,1762266842320058983,-1,1,3974.8,3949.05,3987.975,3949.05,tp,25.6,2560.0,L-Rev|M15|low@3975.00
1762361215565773665,1762383600368740477,1,1,3995.9,3981.9,3982.9249999999997,4021.8499999999995,sl,-14.15,-1415.0,L-Rev|M15|high@3995.60
1762429094743815862,1762432510898038667,1,1,4026.3,4019.8,4019.8250000000003,4038.9500000000003,sl,-6.65,-665.0,L-Rev|M15|high@4026.00
1762450025670378704,1762450360055055262,-1,1,3973.2,3979.1,3979.025,3961.5499999999993,sl,-6.05,-605.0,L-Rev|H1|low@3973.20
1762450025670378704,1762450598893712409,-1,1,3973.2,3982.6,3982.575,3954.45,sl,-9.55,-955.0,L-Rev|M15|low@3973.20
1762477806490678374,1762484925740371085,1,1,4003.9,3997.1,3997.15,4017.4,sl,-6.95,-695.0,L-Rev|M15|high@4003.70
1762498138214931414,1762515211541132271,1,1,4011.6,4003.4,4003.5500000000006,4027.4000000000005,sl,-8.35,-835.0,L-Rev|M15|high@4011.30
1762526248081792633,1762526565686315789,-1,1,3992.6,3998.9,3998.6749999999997,3980.45,sl,-6.45,-645.0,L-Rev|M15|low@3992.60
1762533334896049731,1762534445845219004,1,1,4028.9,4021.5,4021.5,4043.6999999999994,sl,-7.55,-755.0,L-Rev|H1|high@4028.70
1762533334903167097,1762534517786185041,1,1,4029.0,4019.2,4019.2499999999995,4048.500000000001,sl,-9.95,-995.0,L-Rev|M15|high@4028.70
1762533101685321095,1762534693101872803,1,1,4022.9,4015.3,4015.4,4037.9,sl,-7.75,-775.0,L-Rev|M15|high@4022.60
1762747422863252321,1762756715632691115,1,1,4062.1,4086.55,4049.875,4086.55,tp,24.3,2430.0,L-Rev|M15|high@4062.00
1762776079865562853,1762779787531038888,1,1,4095.4,4113.700000000001,4086.25,4113.700000000001,tp,18.15,1815.0,L-Rev|M15|high@4095.10
1762847506284359518,1762848291877950937,-1,1,4131.4,4140.9,4140.85,4112.499999999999,sl,-9.65,-965.0,L-Rev|M15|low@4131.40
1762868187839344182,1762869908753279757,1,1,4153.1,4145.4,4145.4,4167.0,sl,-7.85,-785.0,L-Rev|M15|high@4152.40
1762871610455445914,1762874606171928766,-1,1,4131.0,4111.549999999999,4141.025,4111.549999999999,tp,19.3,1930.0,L-Rev|M15|low@4131.20
1762902990457442310,1762909221198995946,1,1,4141.1,4135.0,4135.0,4153.299999999999,sl,-6.25,-625.0,L-Rev|H1|high@4153.40
1762950092115990507,1762953001873849311,1,1,4139.8,4129.7,4129.75,4159.9000000000015,sl,-10.25,-1025.0,L-Rev|M15|high@4139.60
1762960215130731332,1762960304655076991,1,1,4156.1,4164.049999999999,4150.775,4164.049999999999,tp,7.8,780.0,L-Rev|H1|high@4155.00
1762960205535241901,1762960306998565137,1,1,4152.0,4164.85,4145.125,4164.85,tp,12.7,1270.0,L-Rev|H1|high@4151.50
1762959089097661787,1762960469135234909,1,1,4146.2,4168.999999999998,4134.799999999999,4168.999999999998,tp,22.65,2265.0,L-Rev|M15|high@4145.90
1762960205535241901,1762960562687291922,1,1,4152.0,4170.6,4142.250000000001,4170.6,tp,18.45,1845.0,L-Rev|M15|high@4151.50
1762960215130731332,1762960636636049758,1,1,4156.1,4175.9,4144.849999999999,4175.9,tp,19.65,1965.0,L-Rev|M15|high@4155.00
1762960210270726758,1762961620849615590,1,1,4153.7,4181.9,4139.5999999999985,4181.9,tp,28.05,2805.0,L-Rev|M15|high@4153.40
1763042905667387923,1763044979212059046,-1,1,4223.3,4199.699999999999,4236.150000000001,4199.699999999999,tp,23.45,2345.0,L-Rev|M15|low@4224.00
1763044934037758748,1763058683470261531,-1,1,4206.9,4183.200000000001,4218.749999999999,4183.200000000001,tp,23.55,2355.0,L-Rev|M15|low@4206.90
1763058683441376716,1763058796463471450,-1,1,4183.2,4168.65,4190.474999999999,4168.65,tp,14.4,1440.0,L-Rev|H1|low@4183.20
1763058683441376716,1763059125688685312,-1,1,4183.2,4151.1,4199.25,4151.1,tp,31.95,3195.0,L-Rev|M15|low@4183.20
1763058671370220296,1763088650894660458,-1,1,4188.6,4210.9,4210.800000000001,4144.2,sl,-22.45,-2245.0,L-Rev|M15|low@4188.60
1763101714744670071,1763108359585463425,-1,1,4175.9,4187.7,4187.375,4153.8499999999985,sl,-11.95,-1195.0,L-Rev|M15|low@4176.20
1763119030825722333,1763120172180994180,-1,1,4148.0,4158.7,4158.6,4128.299999999999,sl,-10.85,-1085.0,L-Rev|H1|low@4148.50
1763119030825722333,1763123313982989642,-1,1,4148.0,4114.75,4165.375,4114.75,tp,33.1,3310.0,L-Rev|M15|low@4148.50
1763356680795844858,1763357763791602220,-1,1,4070.5,4052.5,4079.5,4052.5,tp,17.85,1785.0,L-Rev|M15|low@4070.50
1763357170169220827,1763364567795246377,-1,1,4062.6,4079.6,4079.325,4029.1499999999996,sl,-17.15,-1715.0,L-Rev|M15|low@4062.60
1763395451417104721,1763400044957024818,-1,1,4059.3,4080.0,4079.975,4019.4500000000007,sl,-20.85,-2085.0,L-Rev|M15|low@4059.80
1763407929869242431,1763408124121462524,-1,1,4052.8,4031.9500000000007,4063.6749999999993,4031.9500000000007,tp,20.7,2070.0,L-Rev|M15|low@4053.10
1763407935031517831,1763408418995334737,-1,1,4050.5,4028.3999999999996,4062.45,4028.3999999999996,tp,21.95,2195.0,L-Rev|H1|low@4051.10
1763407935031517831,1763408527824795676,-1,1,4050.5,4024.7,4064.2999999999997,4024.7,tp,25.65,2565.0,L-Rev|M15|low@4051.10
1763439422863081127,1763440069878499143,-1,1,4005.3,4017.0,4016.8500000000004,3986.7,sl,-11.85,-1185.0,L-Rev|M15|low@4006.80
1763449941781338407,1763452106093815116,-1,1,4001.7,4016.3,4016.3,3974.8999999999996,sl,-14.75,-1475.0,L-Rev|M15|low@4002.50
1763453638802229341,1763472222912002833,1,1,4025.2,4050.1000000000004,4012.7499999999995,4050.1000000000004,tp,24.75,2475.0,L-Rev|M15|high@4024.80
1763472222912002833,1763474677583509429,1,1,4050.5,4073.8999999999996,4038.8,4073.8999999999996,tp,23.25,2325.0,L-Rev|M15|high@4050.20
1763472911246548234,1763481785039595494,1,1,4055.8,4040.2,4040.3500000000004,4086.7,sl,-15.75,-1575.0,L-Rev|M15|high@4055.40
1763495880346129698,1763497544820259571,1,1,4082.9,4071.2,4071.275,4106.15,sl,-11.85,-1185.0,L-Rev|M15|high@4082.50
1763495880331279929,1763515108250262222,1,1,4082.7,4060.8,4060.8499999999995,4126.1,sl,-22.05,-2205.0,L-Rev|M15|high@4082.30
1763520249355745358,1763524846852688506,1,1,4078.3,4065.2,4065.2499999999995,4104.4,sl,-13.25,-1325.0,L-Rev|M15|high@4078.20
1763529393545277162,1763532046727248128,1,1,4084.4,4099.05,4076.7749999999996,4099.05,tp,14.5,1450.0,L-Rev|M15|high@4083.70
1763529389089801441,1763545570932107930,1,1,4081.6,4100.8,4072.0,4100.8,tp,19.05,1905.0,L-Rev|M15|high@4081.30
1763545570909757195,1763564129530917346,1,1,4100.4,4122.050000000001,4089.4249999999997,4122.050000000001,tp,21.5,2150.0,L-Rev|M15|high@4100.00
1763564117532538308,1763567121977533973,1,1,4121.2,4109.0,4109.05,4145.5,sl,-12.35,-1235.0,L-Rev|M15|high@4121.00
1763567606339896325,1763571814132838983,-1,1,4100.0,4067.8499999999995,4117.575000000001,4067.8499999999995,tp,32.0,3200.0,L-Rev|M15|low@4101.00
1763572095791093873,1763572166547319002,-1,1,4056.0,4062.6,4062.55,4043.2,sl,-6.75,-675.0,L-Rev|H1|low@4056.10
1763572095791093873,1763572275454985205,-1,1,4056.0,4065.8,4065.7,4036.8999999999996,sl,-9.95,-995.0,L-Rev|M15|low@4056.10
1763569571625822855,1763578377146497270,-1,1,4078.2,4091.5,4091.475,4051.6499999999996,sl,-13.45,-1345.0,L-Rev|M15|low@4078.20
1763595471645886575,1763603971002421260,1,1,4092.9,4081.9,4081.9249999999997,4114.549999999999,sl,-11.15,-1115.0,L-Rev|M15|high@4092.40
1763604427624527165,1763605144658601250,-1,1,4065.0,4034.5499999999997,4080.2250000000004,4034.5499999999997,tp,30.3,3030.0,L-Rev|M15|low@4065.00
1763657878888818223,1763661342790707959,-1,1,4049.6,4064.3,4064.2999999999997,4020.2,sl,-14.85,-1485.0,L-Rev|M15|low@4049.60
1763704269068170845,1763704586708750318,-1,1,4042.6,4050.2,4050.05,4027.7,sl,-7.75,-775.0,L-Rev|H1|low@4042.60
1763704269068170845,1763704809162281169,-1,1,4042.6,4058.9,4058.725,4010.35,sl,-16.45,-1645.0,L-Rev|M15|low@4042.60
1763706496420290270,1763716455337919214,-1,1,4037.0,4055.1,4055.1,4002.0,sl,-18.25,-1825.0,L-Rev|M15|low@4037.40
1763729131381316063,1763743851955409943,1,1,4063.6,4088.5000000000005,4051.1499999999996,4088.5000000000005,tp,24.75,2475.0,L-Rev|M15|high@4063.40
1763728332324749655,1763743857740950315,1,1,4061.3,4092.0499999999997,4045.0250000000005,4092.0499999999997,tp,30.6,3060.0,L-Rev|M15|high@4060.50
1763743851989936225,1763749800582635318,1,1,4089.8,4077.6,4077.6250000000005,4113.85,sl,-12.35,-1235.0,L-Rev|M15|high@4089.40
1763743801573308620,1763757001406806448,1,1,4083.3,4065.4,4065.875,4117.85,sl,-18.05,-1805.0,L-Rev|M15|high@4082.90
1763758253820133839,1763939274100338126,-1,1,4053.4,4070.1,4070.05,4020.1000000000004,sl,-16.85,-1685.0,L-Rev|M15|low@4053.40
1763961735400706708,1763964346805077084,-1,1,4037.2,4049.4,4049.2749999999996,4013.05,sl,-12.35,-1235.0,L-Rev|M15|low@4037.20
1763946690312434970,1763970250110003297,-1,1,4052.1,4064.5,4062.775,4031.0499999999993,sl,-12.55,-1255.0,L-Rev|M15|low@4052.20
1763988172121920644,1763995260400894919,1,1,4074.8,4066.0,4066.075,4091.0500000000006,sl,-8.95,-895.0,L-Rev|M15|high@4074.00
1764037869828156667,1764055787100949940,1,1,4144.0,4129.0,4132.650000000001,4166.400000000001,sl,-15.15,-1515.0,L-Rev|M15|high@4142.80
1764092037019407117,1764093093334226328,1,1,4152.6,4145.0,4145.175,4167.450000000001,sl,-7.75,-775.0,L-Rev|H1|high@4152.00
1764284950154576519,1764289701169116215,1,1,4194.0,4203.899999999998,4189.049999999999,4203.899999999998,tp,9.75,975.0,L-Rev|M15|high@4193.90
1764288440280345927,1764290084084026935,1,1,4199.9,4208.25,4195.575000000001,4208.25,tp,8.2,820.0,L-Rev|H1|high@4199.70
1764285126266425673,1764290087548452705,1,1,4195.4,4208.749999999999,4188.725,4208.749999999999,tp,13.2,1320.0,L-Rev|M15|high@4195.00
1764288440280345927,1764290093636573761,1,1,4199.9,4214.9,4192.4,4214.9,tp,14.85,1485.0,L-Rev|M15|high@4199.70
1764290087566329803,1764294128941842415,1,1,4209.5,4226.15,4200.724999999999,4226.15,tp,16.5,1650.0,L-Rev|H4|high@4209.00
1764552446453254827,1764566228476298723,1,1,4270.2,4258.1,4258.8,4293.0,sl,-12.25,-1225.0,L-Rev|M15|high@4269.80
1764583475052076826,1764593711852976567,1,1,4292.1,4281.2,4281.275000000001,4313.449999999999,sl,-11.05,-1105.0,L-Rev|M15|high@4291.80
1764596459151584552,1764597061869401527,1,1,4298.2,4288.0,4288.250000000002,4317.5,sl,-10.35,-1035.0,L-Rev|M15|high@4297.80
1764576189370940948,1764599752538209798,1,1,4282.1,4270.0,4270.099999999999,4306.099999999999,sl,-12.25,-1225.0,L-Rev|M15|high@4281.90
1764637350833771464,1764637778398937091,-1,1,4252.3,4237.85,4259.525000000001,4237.85,tp,14.3,1430.0,L-Rev|H1|low@4252.30
1764637436470305639,1764637778639356550,-1,1,4248.0,4227.299999999999,4258.35,4227.299999999999,tp,20.55,2055.0,L-Rev|M15|low@4248.00
1764637350833771464,1764637788825538923,-1,1,4252.3,4215.25,4270.825,4215.25,tp,36.9,3690.0,L-Rev|M15|low@4252.30
1764637778216813935,1764637788825538923,-1,1,4241.1,4218.300000000001,4252.5,4218.300000000001,tp,22.65,2265.0,L-Rev|M15|low@4241.10
1764655405575470030,1764656476713306486,1,1,4257.5,4250.2,4250.299999999999,4271.900000000001,sl,-7.45,-745.0,L-Rev|M15|high@4257.40
1764667043576795049,1764668182755390108,-1,1,4234.4,4213.699999999999,4244.75,4213.699999999999,tp,20.55,2055.0,L-Rev|M15|low@4234.40
1764685520270836330,1764686523274859360,1,1,4258.5,4248.1,4248.15,4279.200000000001,sl,-10.55,-1055.0,L-Rev|M15|high@4258.10
1764690881928509203,1764693728899798207,-1,1,4208.5,4220.7,4220.7,4189.2,sl,-12.35,-1235.0,L-Rev|M15|low@4210.20
1764769946260697987,1764770100871350250,1,1,4260.6,4269.15,4255.875,4269.15,tp,8.4,840.0,L-Rev|H1|high@4260.10
1764769961587788164,1764770883330045345,1,1,4262.5,4254.4,4254.449999999999,4278.599999999999,sl,-8.25,-825.0,L-Rev|H1|high@4262.20
1764769946260697987,1764770887248757491,1,1,4260.6,4253.3,4253.325,4274.25,sl,-7.45,-745.0,L-Rev|M15|high@4260.10
1764769961587606757,1764773627352757073,1,1,4262.4,4241.9,4241.924999999999,4303.35,sl,-20.65,-2065.0,L-Rev|M15|high@4262.20
1764813757240552646,1764817374141966939,-1,1,4232.3,4217.9,4239.5,4217.9,tp,14.25,1425.0,L-Rev|M15|low@4232.30
1764826685781412775,1764832553318930323,-1,1,4216.0,4223.0,4223.0,4202.300000000001,sl,-7.15,-715.0,L-Rev|M15|low@4216.10
1764857751357508628,1764859322666878091,1,1,4236.6,4226.6,4226.775,4256.249999999998,sl,-10.15,-1015.0,L-Rev|M15|high@4236.40
1764865037891848700,1764875228819613568,1,1,4247.6,4236.6,4236.674999999999,4267.949999999999,sl,-11.15,-1115.0,L-Rev|M15|high@4246.90
1764896875701182015,1764902707614138456,-1,1,4229.9,4235.5,4235.449999999999,4218.8,sl,-5.75,-575.0,L-Rev|M15|low@4229.90
1764907568529857643,1764912603772229012,1,1,4241.0,4251.200000000001,4235.9,4251.200000000001,tp,10.05,1005.0,L-Rev|M15|high@4240.90
1764912603772229012,1764918667367555515,1,1,4252.0,4260.55,4246.525,4260.55,tp,8.4,840.0,L-Rev|H1|high@4251.10
1764912603772229012,1764946052220215807,1,1,4252.0,4273.050000000001,4240.424999999999,4273.050000000001,tp,20.9,2090.0,L-Rev|M15|high@4251.10
1764946052220215807,1764950990810007844,1,1,4273.9,4260.1,4260.175,4300.450000000001,sl,-13.95,-1395.0,L-Rev|H4|high@4273.30
1764951113837347740,1764951290733812782,-1,1,4245.8,4235.6,4250.900000000001,4235.6,tp,10.05,1005.0,L-Rev|M15|low@4245.80
1764969592621542859,1765148400783699002,-1,1,4224.6,4229.9,4229.35,4215.1,sl,-5.45,-545.0,L-Rev|H1|low@4224.60
1764969592621542859,1765148400791452030,-1,1,4224.6,4235.5,4233.6,4206.6,sl,-11.05,-1105.0,L-Rev|M15|low@4224.60
1764969381855347142,1765155420757559596,-1,1,4227.8,4241.2,4241.150000000001,4201.1,sl,-13.55,-1355.0,L-Rev|M15|low@4227.80
1765163862108522974,1765180850178482137,1,1,4241.6,4232.8,4232.825000000001,4259.15,sl,-8.95,-895.0,L-Rev|M15|high@4241.30
1765180849968383975,1765181156133283160,-1,1,4233.2,4241.0,4241.0,4217.6,sl,-7.95,-795.0,L-Rev|M15|low@4233.20
1765189871193627274,1765193800260278881,-1,1,4231.8,4241.2,4241.025000000001,4213.35,sl,-9.55,-955.0,L-Rev|M15|low@4231.80
1765201896463789900,1765202821094262913,-1,1,4229.0,4236.6,4236.425,4214.15,sl,-7.75,-775.0,L-Rev|M15|low@4229.00
1765206002212117138,1765206425374437026,-1,1,4221.4,4209.0,4227.599999999999,4209.0,tp,12.25,1225.0,L-Rev|H1|low@4221.40
1765206002212117138,1765206588759381656,-1,1,4221.4,4206.4,4228.9,4206.4,tp,14.85,1485.0,L-Rev|M15|low@4221.40
1765242188375263351,1765246465434061181,1,1,4225.2,4220.2,4220.45,4234.4,sl,-5.15,-515.0,L-Rev|M15|high@4224.80
1765250994971663441,1765255098581606778,1,1,4226.6,4220.9,4220.900000000001,4238.0,sl,-5.85,-585.0,L-Rev|M15|high@4226.50
1765256100448305131,1765260573095309477,-1,1,4214.4,4204.05,4219.574999999999,4204.05,tp,10.2,1020.0,L-Rev|M15|low@4214.40
1765271100370753527,1765271928283552567,1,1,4227.7,4239.25,4221.925,4239.25,tp,11.4,1140.0,L-Rev|M15|high@4227.60
1765296666660437851,1765297092838118572,1,1,4248.3,4243.0,4243.074999999999,4258.749999999999,sl,-5.45,-545.0,L-Rev|H1|high@4247.90
1765296666659207403,1765297155716353412,1,1,4248.2,4241.1,4241.45,4261.7,sl,-7.25,-725.0,L-Rev|M15|high@4247.90
1765295943230438200,1765300995311631201,1,1,4244.2,4235.3,4235.374999999999,4256.750000000002,sl,-9.05,-905.0,L-Rev|M15|high@4242.30
1765295947809039403,1765303066381693004,1,1,4245.5,4232.0,4232.0,4272.5,sl,-13.65,-1365.0,L-Rev|M15|high@4245.10
1765343952270724954,1765344891932378039,-1,1,4230.1,4236.9,4236.85,4216.6,sl,-6.95,-695.0,L-Rev|M15|low@4230.10
1765338745436569271,1765345670185685968,-1,1,4235.2,4242.1,4242.099999999999,4221.4,sl,-7.05,-705.0,L-Rev|M15|low@4235.20
1765393200614683174,1765393204222882447,-1,1,4216.0,4225.2,4225.075000000001,4199.65,sl,-9.35,-935.0,L-Rev|M15|low@4216.60
1765362689321707091,1765393234780643876,-1,1,4218.0,4238.1,4238.025,4177.950000000001,sl,-20.25,-2025.0,L-Rev|M15|low@4218.00
1765393758204847484,1765393804077711570,1,1,4248.0,4243.8,4243.8,4256.4,sl,-4.35,-435.0,L-Rev|H1|high@4247.90
1765393758228124636,1765393819350734165,1,1,4248.1,4242.5,4242.624999999999,4259.049999999999,sl,-5.75,-575.0,L-Rev|M15|high@4247.90
1765393705665747376,1765394059212697974,1,1,4242.8,4236.8,4236.8,4254.8,sl,-6.15,-615.0,L-Rev|M15|high@4242.60
1765397054773130928,1765397497128520029,1,1,4252.0,4259.15,4248.275,4259.15,tp,7.0,700.0,L-Rev|H1|high@4251.70
1765397054773130928,1765411951164516682,1,1,4252.0,4270.050000000001,4242.825000000001,4270.050000000001,tp,17.9,1790.0,L-Rev|M15|high@4251.70
1765462234095646199,1765463875464562845,1,1,4254.2,4269.799999999998,4246.4,4269.799999999998,tp,15.45,1545.0,L-Rev|M15|high@4253.90
1765467653912628425,1765468276363462167,1,1,4278.0,4288.75,4272.474999999999,4288.75,tp,10.6,1060.0,L-Rev|H1|high@4277.70
1765467653912628425,1765471661048790571,1,1,4278.0,4297.1,4268.299999999999,4297.1,tp,18.95,1895.0,L-Rev|M15|high@4277.70
1765552794107333725,1765553408044675043,-1,1,4356.4,4326.35,4371.575,4326.35,tp,29.9,2990.0,L-Rev|M15|low@4356.50
1765557605092451633,1765557858473989698,-1,1,4292.6,4301.4,4301.300000000001,4275.2,sl,-8.95,-895.0,L-Rev|M15|low@4292.60
1765557549156875044,1765557862941348707,-1,1,4295.5,4303.6,4303.375,4279.75,sl,-8.25,-825.0,L-Rev|M15|low@4295.50
1765557528963039080,1765557863307597930,-1,1,4296.8,4303.8,4303.75,4283.5,sl,-7.15,-715.0,L-Rev|M15|low@4297.00
1765816592526802804,1765817071230146255,-1,1,4319.2,4327.1,4326.849999999999,4303.9,sl,-8.05,-805.0,L-Rev|M15|low@4319.20
1765847192589302571,1765847778388428416,-1,1,4327.9,4334.3,4334.2,4315.299999999999,sl,-6.55,-655.0,L-Rev|M15|low@4327.90
1765853870618008496,1765863009950191329,-1,1,4315.6,4303.85,4321.924999999999,4303.85,tp,11.6,1160.0,L-Rev|H1|low@4315.90
1765862990679520470,1765866166573482094,-1,1,4307.2,4316.0,4315.975,4289.649999999999,sl,-8.95,-895.0,L-Rev|M15|low@4307.20
1765853870618008496,1765891227653518367,-1,1,4315.6,4327.0,4326.924999999999,4293.85,sl,-11.55,-1155.0,L-Rev|M15|low@4315.90
1765893780948760720,1765895637309214748,1,1,4347.2,4362.65,4339.474999999999,4362.65,tp,15.3,1530.0,L-Rev|M15|high@4347.00
1765893771727356675,1765897699888592862,1,1,4345.6,4367.5,4334.650000000001,4367.5,tp,21.75,2175.0,L-Rev|M15|high@4345.30
1765933916069774683,1765940009283170933,1,1,4347.6,4341.1,4341.15,4360.5,sl,-6.65,-665.0,L-Rev|M15|high@4346.20
1765948988919587157,1765952555987487483,1,1,4368.4,4361.1,4361.1,4382.4,sl,-7.45,-745.0,L-Rev|H1|high@4367.90
1765948988919587157,1765956289578074388,1,1,4368.4,4350.6,4350.675,4402.65,sl,-17.95,-1795.0,L-Rev|M15|high@4367.90
1765946369833348903,1765957400251556629,1,1,4356.8,4347.4,4347.9,4373.999999999998,sl,-9.55,-955.0,L-Rev|M15|high@4356.40
1765967896245741597,1765969027703681114,-1,1,4337.9,4346.6,4346.525,4320.65,sl,-8.85,-885.0,L-Rev|M15|low@4337.90
1765979170750135874,1765980773627824284,1,1,4374.0,4364.2,4364.225,4393.250000000002,sl,-9.95,-995.0,L-Rev|M15|high@4373.60
1766060924206478690,1766062855966524580,-1,1,4351.0,4356.0,4355.950000000001,4341.099999999999,sl,-5.15,-515.0,L-Rev|M15|low@4351.00
1766048145350213225,1766064601272239158,-1,1,4355.2,4363.5,4362.924999999999,4339.750000000001,sl,-8.45,-845.0,L-Rev|M15|low@4355.20
1766045085813254633,1766064601364004983,-1,1,4358.5,4365.0,4364.65,4346.200000000001,sl,-6.65,-665.0,L-Rev|M15|low@4358.50
1766074199976571452,1766074295789062058,1,1,4379.7,4392.0,4373.55,4392.0,tp,12.15,1215.0,L-Rev|M15|high@4379.40
1766074223306672448,1766074369583824764,1,1,4384.5,4396.350000000001,4377.5250000000015,4396.350000000001,tp,11.7,1170.0,L-Rev|H1|high@4383.60
1766074223306672448,1766077744061096643,1,1,4384.5,4367.0,4367.075,4417.25,sl,-17.65,-1765.0,L-Rev|M15|high@4383.60
1766106020826440229,1766107726683403441,-1,1,4354.6,4338.7,4362.550000000001,4338.7,tp,15.75,1575.0,L-Rev|M15|low@4354.60
1766149816892628292,1766153469343493561,1,1,4362.6,4356.5,4356.674999999999,4374.449999999999,sl,-6.25,-625.0,L-Rev|M15|high@4362.40
1766106034009005192,1766155121093750524,-1,1,4352.4,4367.7,4367.525000000001,4322.75,sl,-15.45,-1545.0,L-Rev|M15|low@4352.60
1766155140482411721,1766155563115340359,1,1,4368.6,4359.2,4359.299999999999,4387.200000000001,sl,-9.55,-955.0,L-Rev|M15|high@4368.40
1766408401793575390,1766409067703924949,1,1,4450.0,4460.250000000002,4444.725,4460.250000000002,tp,10.1,1010.0,L-Rev|M15|high@4449.60
1766408440922994389,1766418935362734251,1,1,4453.2,4468.699999999999,4445.299999999999,4468.699999999999,tp,15.35,1535.0,L-Rev|M15|high@4453.00
1766437491522113473,1766447304587259215,1,1,4477.8,4494.0,4469.699999999999,4494.0,tp,16.05,1605.0,L-Rev|M15|high@4477.70
1766490888770835408,1766492163511676516,1,1,4524.7,4516.9,4516.9,4540.299999999999,sl,-7.95,-795.0,L-Rev|M15|high@4524.50
1766497908820718791,1766498719404420849,-1,1,4510.0,4498.0,4516.0,4498.0,tp,11.85,1185.0,L-Rev|M15|low@4510.00
1766498637999882910,1766498720209302723,-1,1,4502.5,4487.000000000001,4510.4,4487.000000000001,tp,15.35,1535.0,L-Rev|M15|low@4502.60
1766545158996082774,1766551344507833531,-1,1,4512.2,4528.3,4528.175,4480.25,sl,-16.25,-1625.0,L-Rev|M15|low@4512.20
1766582421431893773,1766584446108799750,-1,1,4505.1,4516.0,4515.900000000001,4483.5,sl,-11.05,-1105.0,L-Rev|M15|low@4505.10
1766587824162876576,1766589392393400311,-1,1,4496.5,4503.6,4503.575,4482.35,sl,-7.25,-725.0,L-Rev|H1|low@4496.50
1766587824162876576,1766590983623512357,-1,1,4496.5,4478.950000000001,4505.275,4478.950000000001,tp,17.4,1740.0,L-Rev|M15|low@4496.50
1766747444681563483,1766752257034184428,-1,1,4536.3,4544.1,4543.65,4521.600000000001,sl,-7.95,-795.0,L-Rev|M15|low@4536.30
1766756489403824437,1766756666815950219,1,1,4562.1,4555.5,4555.525000000001,4574.650000000001,sl,-6.75,-675.0,L-Rev|H1|high@4561.60
1766756236789159192,1766760720443921770,1,1,4554.3,4544.0,4544.1,4574.700000000001,sl,-10.45,-1045.0,L-Rev|M15|high@4554.00
1766991606371284154,1767016044176992316,-1,1,4489.4,4439.449999999999,4515.725,4439.449999999999,tp,49.8,4980.0,L-Rev|M15|low@4490.30
1767080969903476780,1767081721090910307,1,1,4395.1,4383.2,4383.4,4418.5,sl,-12.05,-1205.0,L-Rev|M15|high@4394.70
1767137715782788338,1767137822097538681,-1,1,4338.0,4352.6,4352.6,4311.200000000001,sl,-14.75,-1475.0,L-Rev|M15|low@4338.80
1767124052919127498,1767159631289407220,-1,1,4370.5,4332.400000000001,4389.549999999999,4332.400000000001,tp,37.95,3795.0,L-Rev|M15|low@4370.50
1767188762285308013,1767199533325346919,1,1,4349.3,4332.3,4332.35,4383.200000000001,sl,-17.15,-1715.0,L-Rev|M15|high@4349.00
1767315417499920995,1767316102858290967,1,1,4368.4,4359.0,4359.1,4386.700000000001,sl,-9.55,-955.0,L-Rev|H1|high@4367.80
1767315417498202110,1767343574149013903,1,1,4368.2,4403.65,4350.325000000001,4403.65,tp,35.3,3530.0,L-Rev|M15|high@4367.80
1767624900089421812,1767661381280496318,1,1,4452.3,4440.2,4440.299999999999,4475.4000000000015,sl,-12.25,-1225.0,L-Rev|M15|high@4451.70
1767660027460848480,1767662114185842359,-1,1,4443.1,4453.2,4453.099999999999,4423.4,sl,-10.25,-1025.0,L-Rev|M15|low@4443.20
1767666601246001578,1767667204927557767,1,1,4472.0,4461.6,4461.875,4492.25,sl,-10.55,-1055.0,L-Rev|M15|high@4471.60
1767688039117974846,1767688879109393050,1,1,4485.4,4475.3,4475.499999999999,4505.200000000001,sl,-10.25,-1025.0,L-Rev|M15|high@4485.20
1767692830746293165,1767699231848706741,-1,1,4459.9,4469.9,4469.725,4441.149999999999,sl,-10.15,-1015.0,L-Rev|M15|low@4460.20
1767722137828859830,1767727061452164327,1,1,4502.4,4488.3,4488.3,4529.700000000001,sl,-14.25,-1425.0,L-Rev|M15|high@4501.80
1767733050997045439,1767747214986997012,1,1,4504.8,4494.8,4494.950000000002,4524.199999999999,sl,-10.15,-1015.0,L-Rev|M15|high@4504.60
1767709983395906052,1767751030598771498,1,1,4486.3,4472.6,4472.6500000000015,4513.5999999999985,sl,-13.85,-1385.0,L-Rev|M15|high@4486.00
1767748009906174195,1767763980114038735,-1,1,4488.0,4468.800000000001,4497.599999999999,4468.800000000001,tp,19.05,1905.0,L-Rev|M15|low@4488.00
1767763980081561917,1767764892084717270,-1,1,4469.4,4453.75,4478.275000000001,4453.75,tp,15.5,1550.0,L-Rev|M15|low@4470.10
1767768366670595682,1767768750793629072,-1,1,4452.5,4461.0,4460.95,4435.6,sl,-8.65,-865.0,L-Rev|H1|low@4452.50
1767768366670595682,1767770370809244273,-1,1,4452.5,4462.0,4461.875,4433.75,sl,-9.65,-965.0,L-Rev|M15|low@4452.50
1767764049190681193,1767775142426787125,-1,1,4464.1,4481.7,4481.650000000001,4429.0,sl,-17.75,-1775.0,L-Rev|M15|low@4464.10
1767788333520056699,1767789049936275816,-1,1,4451.5,4461.8,4461.775,4430.950000000001,sl,-10.45,-1045.0,L-Rev|M15|low@4451.50
1767791393837566202,1767791467737825037,-1,1,4437.7,4445.2,4445.2,4423.299999999999,sl,-7.65,-765.0,L-Rev|H1|low@4437.90
1767791393837566202,1767792448230478305,-1,1,4437.7,4455.3,4455.299999999999,4403.100000000001,sl,-17.75,-1775.0,L-Rev|M15|low@4437.90
1767834033293391357,1767834340217979776,-1,1,4455.0,4463.9,4463.85,4437.299999999999,sl,-9.05,-905.0,L-Rev|M15|low@4455.00
1767873648026507249,1767875973701382395,-1,1,4427.3,4435.7,4435.575,4411.049999999999,sl,-8.55,-855.0,L-Rev|M15|low@4427.40
1767873890949985194,1767878562116643855,-1,1,4423.3,4439.5,4439.5,4391.800000000001,sl,-16.35,-1635.0,L-Rev|M15|low@4423.60
1767891726054619580,1767896020922277032,1,1,4475.7,4461.3,4461.3,4503.6,sl,-14.55,-1455.0,L-Rev|M15|high@4475.20
1767904303095965422,1767918333213128026,1,1,4485.3,4476.5,4476.525,4502.850000000001,sl,-8.95,-895.0,L-Rev|M15|high@4485.00
1767903940224993575,1767920732570521537,1,1,4476.0,4467.0,4467.075000000001,4493.849999999999,sl,-9.15,-915.0,L-Rev|M15|high@4475.80
1767950423327561168,1767952457728999781,1,1,4486.3,4479.3,4479.300000000001,4500.0,sl,-7.15,-715.0,L-Rev|M15|high@4486.00
1767965557910277896,1767965800663635072,1,1,4494.0,4488.1,4488.125,4505.45,sl,-6.05,-605.0,L-Rev|H1|high@4493.70
1767965557910277896,1767972065731640129,1,1,4494.0,4510.049999999999,4485.975,4510.049999999999,tp,15.9,1590.0,L-Rev|M15|high@4493.70
1767972086550970393,1767981244382588324,1,1,4512.6,4497.3,4497.4749999999985,4542.549999999999,sl,-15.45,-1545.0,L-Rev|H4|high@4512.40
1768223269294584665,1768225856445311177,1,1,4610.0,4626.100000000002,4601.799999999999,4626.100000000002,tp,15.95,1595.0,L-Rev|M15|high@4609.60
1768223295274302581,1768226068664207755,1,1,4613.0,4629.450000000001,4604.625,4629.450000000001,tp,16.3,1630.0,L-Rev|H1|high@4612.70
1768223295274302581,1768259530365104392,1,1,4613.0,4593.0,4593.275,4652.450000000001,sl,-20.15,-2015.0,L-Rev|M15|high@4612.70
1768267912289478684,1768270052269214219,-1,1,4586.4,4597.9,4597.874999999999,4563.450000000001,sl,-11.65,-1165.0,L-Rev|M15|low@4586.40
1768286505309740902,1768291577796645589,-1,1,4584.2,4595.9,4595.85,4561.200000000001,sl,-11.85,-1185.0,L-Rev|M15|low@4584.30
1768309970653034626,1768315475510555887,1,1,4611.5,4633.550000000001,4600.474999999999,4633.550000000001,tp,21.9,2190.0,L-Rev|M15|high@4611.20
1768315636237353090,1768316080845774688,1,1,4640.9,4632.4,4632.45,4657.799999999999,sl,-8.65,-865.0,L-Rev|H1|high@4640.50
1768315636225357702,1768316522693590185,1,1,4640.8,4629.4,4629.575000000001,4662.65,sl,-11.55,-1155.0,L-Rev|M15|high@4640.50
1768336451568898589,1768336819550945182,-1,1,4582.5,4590.0,4589.7,4569.0,sl,-7.65,-765.0,L-Rev|H1|low@4582.80
1768336451568898589,1768337000205854952,-1,1,4582.5,4594.3,4594.200000000001,4559.999999999999,sl,-11.95,-1195.0,L-Rev|M15|low@4582.80
1768336429472375891,1768345667759492973,-1,1,4586.1,4601.7,4601.349999999999,4555.9,sl,-15.75,-1575.0,L-Rev|M15|low@4586.20
1768336335315655946,1768346124282044184,-1,1,4589.5,4603.9,4603.825,4560.85,sl,-14.55,-1455.0,L-Rev|M15|low@4589.50
1768366918435593774,1768370250765388984,1,1,4644.6,4630.5,4630.599999999999,4672.0,sl,-14.25,-1425.0,L-Rev|H1|high@4644.00
1768366918435593774,1768401777581372777,1,1,4644.6,4624.0,4624.025,4684.550000000001,sl,-20.75,-2075.0,L-Rev|M15|high@4644.00
1768401596444813100,1768414743655748813,-1,1,4624.7,4635.4,4635.35,4603.399999999999,sl,-10.85,-1085.0,L-Rev|M15|low@4624.70
1768440255491592747,1768440726908942443,-1,1,4605.6,4588.449999999999,4614.625,4588.449999999999,tp,17.0,1700.0,L-Rev|H1|low@4605.90
1768440255491592747,1768472675399504685,-1,1,4605.6,4620.0,4619.849999999999,4578.0,sl,-14.55,-1455.0,L-Rev|M15|low@4605.90
1768471953972603942,1768483151112074851,1,1,4618.1,4609.4,4609.4,4635.5,sl,-8.85,-885.0,L-Rev|M15|high@4618.00
1768484859090989632,1768484896523771659,-1,1,4584.4,4591.4,4591.275,4570.950000000001,sl,-7.15,-715.0,L-Rev|H1|low@4584.50
1768484859090989632,1768485024577962315,-1,1,4584.4,4595.5,4595.45,4562.6,sl,-11.25,-1125.0,L-Rev|M15|low@4584.50
1768493514949627056,1768494313183716509,1,1,4627.5,4618.7,4618.75,4644.4,sl,-8.95,-895.0,L-Rev|M15|high@4627.00
1768563969597616854,1768566950618127940,1,1,4620.4,4606.3,4606.375,4648.449999999999,sl,-14.25,-1425.0,L-Rev|M15|high@4620.20
1768569405460985871,1768570468029842319,-1,1,4594.6,4600.7,4600.275000000001,4583.25,sl,-6.25,-625.0,L-Rev|H1|low@4594.60
1768569405460985871,1768570540983989467,-1,1,4594.6,4602.0,4601.875,4580.050000000001,sl,-7.55,-755.0,L-Rev|M15|low@4594.60
1768569402902190760,1768572002855567406,-1,1,4597.1,4607.1,4607.075000000001,4577.15,sl,-10.15,-1015.0,L-Rev|M15|low@4597.10
1768577222042442935,1768577391747777088,-1,1,4583.5,4568.7,4591.65,4568.7,tp,14.65,1465.0,L-Rev|H1|low@4584.00
1768577222042442935,1768577617306453277,-1,1,4583.5,4552.049999999999,4599.975,4552.049999999999,tp,31.3,3130.0,L-Rev|M15|low@4584.00
1768845257561722756,1768850454226949690,1,1,4684.5,4675.8,4675.8,4701.9,sl,-8.85,-885.0,L-Rev|M15|high@4684.30
1768881641267951103,1768885153321318670,1,1,4686.5,4701.650000000001,4678.924999999999,4701.650000000001,tp,15.0,1500.0,L-Rev|M15|high@4686.20
1768917595334887668,1768919765592668710,1,1,4743.7,4734.6,4734.799999999999,4759.999999999998,sl,-9.25,-925.0,L-Rev|M15|high@4742.90
1768928115773358988,1768957140732629609,1,1,4756.8,4792.55,4738.7750000000015,4792.55,tp,35.6,3560.0,L-Rev|M15|high@4756.60
1769002675017287429,1769004284886894485,1,1,4880.0,4870.0,4870.5,4898.4,sl,-10.15,-1015.0,L-Rev|M15|high@4879.40
1769008750905979695,1769010831624431375,-1,1,4835.2,4852.0,4851.475,4802.649999999999,sl,-16.95,-1695.0,L-Rev|M15|low@4835.20
1769089369211065515,1769089945269271445,-1,1,4809.6,4824.0,4823.925,4798.05,sl,-14.55,-1455.0,L-Rev|M15|low@4815.30
1769092359776033569,1769094004535794950,1,1,4841.5,4826.8,4831.900000000001,4860.699999999999,sl,-14.85,-1485.0,L-Rev|M15|high@4841.10
1769092321885544067,1769096062800054265,1,1,4838.8,4865.8,4825.3,4865.8,tp,26.85,2685.0,L-Rev|M15|high@4838.50
1769092388662443742,1769102573987247640,1,1,4843.7,4891.700000000001,4818.8,4891.700000000001,tp,47.85,4785.0,L-Rev|M15|high@4842.80
1769102573987247640,1769104993228395003,1,1,4892.9,4912.300000000001,4882.150000000001,4912.300000000001,tp,19.25,1925.0,L-Rev|H1|high@4891.10
1769095739872246954,1769107837755032897,1,1,4857.7,4920.1,4826.049999999999,4920.1,tp,62.25,6225.0,L-Rev|M15|high@4857.20
1769102573987247640,1769118066355796576,1,1,4892.9,4940.35,4866.775000000001,4940.35,tp,47.3,4730.0,L-Rev|M15|high@4891.10
1769102573987247640,1769118160890228609,1,1,4892.9,4942.550000000001,4865.825000000001,4942.550000000001,tp,49.5,4950.0,L-Rev|H4|high@4891.10
1769099913945445504,1769123040166898014,1,1,4884.9,4951.549999999999,4851.425000000001,4951.549999999999,tp,66.5,6650.0,L-Rev|M15|high@4884.50
1769156302703696418,1769156613723627551,-1,1,4939.5,4924.950000000001,4946.775,4924.950000000001,tp,14.4,1440.0,L-Rev|M15|low@4939.50
1769184584688083550,1769185642683341991,1,1,4970.9,4987.35,4961.475,4987.35,tp,16.3,1630.0,L-Rev|H1|high@4970.00
1769198048379510158,1769198827625442663,1,1,4990.4,4977.3,4977.325000000001,5016.249999999999,sl,-13.25,-1325.0,L-Rev|M15|high@4989.90
1769184577307270417,1769382000573549629,1,1,4969.2,4991.4,4958.099999999999,4991.4,tp,22.05,2205.0,L-Rev|M15|high@4969.00
1769184584688083550,1769382000573549629,1,1,4970.9,5000.5,4955.05,5000.5,tp,29.45,2945.0,L-Rev|M15|high@4970.00
1769409902949531823,1769410705289116809,1,1,5091.7,5076.1,5076.25,5122.6,sl,-15.75,-1575.0,L-Rev|M15|high@5091.50
1769432409581479160,1769438274703993032,-1,1,5073.1,5086.9,5086.9,5045.500000000001,sl,-13.95,-1395.0,L-Rev|M15|low@5073.10
1769443410517633208,1769444875569093814,1,1,5097.6,5082.4,5082.6,5127.6,sl,-15.35,-1535.0,L-Rev|M15|high@5097.40
1769443395221968563,1769444930766379224,1,1,5095.9,5075.4,5075.499999999999,5135.799999999999,sl,-20.65,-2065.0,L-Rev|M15|high@5095.40
1769454128420568006,1769456908714501493,-1,1,5051.7,5005.049999999998,5075.475,5005.049999999998,tp,46.5,4650.0,L-Rev|M15|low@5052.00
1769454130606067411,1769463143123647110,-1,1,5048.5,5000.35,5074.375,5000.35,tp,48.0,4800.0,L-Rev|M15|low@5049.70
1769514684697863287,1769517137507886216,-1,1,5068.5,5081.0,5080.950000000001,5043.599999999999,sl,-12.65,-1265.0,L-Rev|M15|low@5068.50
1769492856157121813,1769522743134224954,1,1,5075.6,5057.5,5057.675,5110.55,sl,-18.25,-1825.0,L-Rev|M15|high@5074.80
1769523202913040808,1769524400480188540,-1,1,5051.9,5068.1,5068.025,5019.65,sl,-16.35,-1635.0,L-Rev|M15|low@5051.90
1769530719331263786,1769531732733028359,1,1,5097.7,5087.1,5087.1,5118.9,sl,-10.75,-1075.0,L-Rev|H1|high@5097.30
1769530719112500185,1769532200536112042,1,1,5096.7,5085.9,5086.1,5117.6,sl,-10.95,-1095.0,L-Rev|M15|high@5096.30
1769530719331263786,1769532222237126602,1,1,5097.7,5082.8,5082.974999999999,5126.849999999999,sl,-15.05,-1505.0,L-Rev|M15|high@5097.30
1769544180983372455,1769544648758653166,1,1,5101.8,5134.799999999998,5083.5,5134.799999999998,tp,32.85,3285.0,L-Rev|M15|high@5100.30
1769544182460710470,1769545241877834216,1,1,5103.6,5147.550000000001,5081.625,5147.550000000001,tp,43.8,4380.0,L-Rev|H1|high@5103.00
1769544181537588963,1769546796985963495,1,1,5103.2,5154.35,5077.625,5154.35,tp,51.0,5100.0,L-Rev|M15|high@5103.00
1769986972193788234,1769987484132954631,1,1,4854.3,4783.7,4783.725,4988.249999999999,sl,-70.75,-7075.0,L-Rev|M15|high@4971.90
1770011058556018485,1770024378471956237,-1,1,4601.6,4696.8,4695.95,4421.0,sl,-95.35,-9535.0,L-Rev|M15|low@4604.30
1770078273371159876,1770080484509018578,1,1,4839.2,4789.6,4789.924999999999,4937.75,sl,-49.75,-4975.0,L-Rev|H1|high@4837.60
1770126380390753663,1770127234465033983,1,1,4976.3,4945.3,4945.800000000001,5036.7,sl,-31.15,-3115.0,L-Rev|M15|high@4975.50
1770099602479583946,1770135383069288545,1,1,4883.9,4982.099999999999,4833.599999999999,4982.099999999999,tp,98.05,9805.0,L-Rev|M15|high@4882.00
1770145582919986852,1770146106136183827,-1,1,4905.1,4941.6,4941.575,4832.45,sl,-36.65,-3665.0,L-Rev|M15|low@4905.20
1770143551909185794,1770147480350346523,-1,1,4917.6,4961.3,4960.575000000001,4831.65,sl,-43.85,-4385.0,L-Rev|M15|low@4917.60
1770197559070798127,1770215863814292869,-1,1,5071.0,5017.75,5097.625,5017.75,tp,53.1,5310.0,L-Rev|M15|low@5071.00
1770215568192989677,1770218569850744125,-1,1,5035.5,4977.199999999999,5065.400000000001,4977.199999999999,tp,58.15,5815.0,L-Rev|M15|low@5036.00
1770164268931694067,1770219072899768036,1,1,5019.0,4963.0,4963.5,5129.100000000001,sl,-56.15,-5615.0,L-Rev|M15|high@5018.10
1770259668150451039,1770259961064520173,-1,1,4867.7,4824.65,4889.224999999999,4824.65,tp,42.9,4290.0,L-Rev|H1|low@4867.70
1770259668150451039,1770270343380191788,-1,1,4867.7,4920.3,4920.2,4762.7,sl,-52.75,-5275.0,L-Rev|M15|low@4867.70
1770293980717666245,1770294912871819520,-1,1,4842.0,4888.0,4887.825,4750.35,sl,-46.15,-4615.0,L-Rev|M15|low@4842.00
1770306477223409409,1770309514628959126,-1,1,4822.0,4883.2,4882.749999999999,4700.500000000002,sl,-61.35,-6135.0,L-Rev|M15|low@4822.00
1770324901534495194,1770335349581759071,-1,1,4820.7,4739.200000000001,4861.6,4739.200000000001,tp,81.35,8135.0,L-Rev|M15|low@4820.80
1770355526242962412,1770382896715169928,1,1,4865.0,4939.6,4827.55,4939.6,tp,74.45,7445.0,L-Rev|M15|high@4863.50
1770375642668779474,1770388649069107831,1,1,4904.8,4968.25,4873.075,4968.25,tp,63.3,6330.0,L-Rev|M15|high@4904.50
1770379630135585114,1770390395030325025,1,1,4922.4,4987.05,4889.175,4987.05,tp,64.5,6450.0,L-Rev|M15|high@4921.60
1770382820543195159,1770401555012869729,1,1,4931.3,4995.5,4898.75,4995.5,tp,64.05,6405.0,L-Rev|M15|high@4930.00
1770388642982277721,1770593150961249993,1,1,4963.6,5030.85,4929.825,5030.85,tp,67.1,6710.0,L-Rev|M15|high@4962.00
1770399035851634266,1770593580032137507,1,1,4989.7,5059.549999999999,4954.475,5059.549999999999,tp,69.7,6970.0,L-Rev|M15|high@4988.80
1770632824507897123,1770637375405850787,-1,1,5015.2,5034.2,5033.425,4978.75,sl,-19.15,-1915.0,L-Rev|M15|low@5015.20
1770669176783356319,1770671695358093079,1,1,5107.0,5086.7,5087.325000000001,5146.050000000001,sl,-20.45,-2045.0,L-Rev|M15|high@5106.80
1770648302924193386,1770678600760476024,1,1,5062.9,5033.7,5036.975000000001,5114.15,sl,-29.35,-2935.0,L-Rev|M15|high@5062.60
1770678589911406810,1770678610867096039,-1,1,5062.7,5028.55,5082.324999999999,5028.55,tp,34.0,3400.0,L-Rev|M15|low@5064.40
1770712906269595138,1770727487478562947,1,1,5069.6,5050.7,5050.750000000001,5106.999999999998,sl,-19.05,-1905.0,L-Rev|M15|high@5068.40
1770732974008347623,1770734721724164231,1,1,5086.0,5067.2,5067.4,5123.200000000001,sl,-18.95,-1895.0,L-Rev|M15|high@5085.30
1770737877565106309,1770743844829714738,-1,1,5032.6,5054.4,5054.174999999999,4990.050000000001,sl,-21.95,-2195.0,L-Rev|M15|low@5032.80
1770737833544029547,1770756503840787258,-1,1,5042.0,5066.6,5066.224999999999,4993.550000000001,sl,-24.75,-2475.0,L-Rev|M15|low@5042.00
1770775266169522951,1770775599924832745,1,1,5078.0,5060.5,5060.7249999999985,5112.250000000002,sl,-17.65,-1765.0,L-Rev|M15|high@5077.40
1770803189160244477,1770806658647434922,1,1,5093.8,5120.05,5080.675,5120.05,tp,26.1,2610.0,L-Rev|M15|high@5093.30
1770877936417394663,1770880103686513672,-1,1,5072.2,5084.7,5084.574999999999,5047.450000000001,sl,-12.65,-1265.0,L-Rev|M15|low@5072.20
1770904050836778726,1770905047696566325,1,1,5103.3,5093.7,5093.775000000001,5122.35,sl,-9.75,-975.0,L-Rev|M15|high@5102.50
1770980755772840267,1770985054668043607,-1,1,4962.6,4989.0,4988.775,4912.050000000001,sl,-26.55,-2655.0,L-Rev|M15|low@4963.20
1771008860143962379,1771196534079271254,1,1,5057.8,5035.3,5035.674999999999,5100.250000000001,sl,-22.65,-2265.0,L-Rev|M15|high@5056.80
1771209911570277030,1771213763586509453,-1,1,5018.2,4983.25,5035.675,4983.25,tp,34.8,3480.0,L-Rev|M15|low@5018.20
1771288956973687111,1771289551984814083,-1,1,4988.5,4970.65,4998.325000000001,4970.65,tp,17.7,1770.0,L-Rev|M15|low@4989.10
1771336583899074335,1771336709268487509,-1,1,4924.0,4891.35,4943.775000000001,4891.35,tp,32.5,3250.0,L-Rev|M15|low@4926.30
1771419531236631418,1771421795589497566,1,1,4962.8,4983.6500000000015,4952.375,4983.6500000000015,tp,20.7,2070.0,L-Rev|M15|high@4962.20
1771419531129577976,1771421798896483461,1,1,4962.6,4986.25,4950.474999999999,4986.25,tp,23.5,2350.0,L-Rev|M15|high@4961.80
1771419558253403039,1771425526536141799,1,1,4965.0,5005.400000000001,4944.650000000001,5005.400000000001,tp,40.25,4025.0,L-Rev|M15|high@4964.00
1771483505718092002,1771493317281089048,1,1,5032.6,5023.3,5023.324999999999,5050.8499999999985,sl,-9.45,-945.0,L-Rev|H1|high@5031.90
1771483505718092002,1771493318246682963,1,1,5032.6,5022.4,5022.674999999999,5052.15,sl,-10.35,-1035.0,L-Rev|M15|high@5031.90
1771515050212969511,1771517147237490693,1,1,5041.5,5023.1,5024.4,5075.700000000001,sl,-18.55,-1855.0,L-Rev|M15|high@5040.90
1771558920109372437,1771562454621670143,-1,1,5003.5,5019.7,5019.625,4971.25,sl,-16.35,-1635.0,L-Rev|M15|low@5003.50
1771568731554008138,1771571041836764328,1,1,5043.5,5034.4,5034.674999999999,5060.85,sl,-9.25,-925.0,L-Rev|H1|high@5042.80
1771568731554008138,1771574194409149290,1,1,5043.5,5027.0,5027.075,5076.35,sl,-16.65,-1665.0,L-Rev|M15|high@5042.80
1771567262315022967,1771578413139257247,1,1,5034.4,5057.500000000001,5022.4,5057.500000000001,tp,22.95,2295.0,L-Rev|M15|high@5033.40
1771599979286837626,1771600100737059533,-1,1,5025.5,5039.0,5038.75,4999.5999999999985,sl,-13.65,-1365.0,L-Rev|M15|low@5025.70
1771814498051989139,1771829731625241515,1,1,5195.3,5167.0,5167.199999999999,5250.0,sl,-28.45,-2845.0,L-Rev|M15|high@5194.20
1771857409378370191,1771857934063909952,1,1,5199.1,5217.65,5189.825000000001,5217.65,tp,18.4,1840.0,L-Rev|H1|high@5198.80
1771857409418106203,1771863552120409883,1,1,5199.5,5235.1,5181.55,5235.1,tp,35.45,3545.0,L-Rev|M15|high@5198.80
1771877005648532888,1771894807643105762,1,1,5241.2,5224.1,5224.174999999998,5275.25,sl,-17.25,-1725.0,L-Rev|M15|high@5240.90
1771914906038789892,1771917473543351634,-1,1,5181.0,5195.7,5195.7,5151.6,sl,-14.85,-1485.0,L-Rev|M15|low@5181.00
1771937689316916707,1771938030841137392,-1,1,5164.1,5175.2,5174.950000000001,5142.4,sl,-11.25,-1125.0,L-Rev|H1|low@5164.10
1771935499261481541,1771940999084781895,-1,1,5173.4,5144.049999999999,5188.375000000001,5144.049999999999,tp,29.2,2920.0,L-Rev|M15|low@5173.60
1771940999084781895,1771942416019262337,-1,1,5142.0,5122.5,5152.95,5122.5,tp,19.35,1935.0,L-Rev|H1|low@5142.80
1771940999084781895,1771942416126669351,-1,1,5142.0,5121.5,5153.45,5121.5,tp,20.35,2035.0,L-Rev|M15|low@5142.80
1771937689316916707,1771942416332960051,-1,1,5164.1,5118.95,5186.675000000001,5118.95,tp,45.0,4500.0,L-Rev|M15|low@5164.10
1771940382076598376,1771942416460993368,-1,1,5161.0,5114.400000000001,5185.049999999999,5114.400000000001,tp,46.45,4645.0,L-Rev|M15|low@5161.50
1771965229517511272,1771966548169205343,1,1,5189.0,5176.1,5176.675,5213.35,sl,-13.05,-1305.0,L-Rev|M15|high@5188.50
1771969063819376894,1771981440574691563,-1,1,5163.8,5178.6,5178.45,5135.7,sl,-14.95,-1495.0,L-Rev|M15|low@5164.20
1771982963373741464,1771987862671069744,1,1,5206.0,5187.4,5188.599999999999,5240.800000000001,sl,-18.75,-1875.0,L-Rev|M15|high@5205.60
1771996700792762160,1772010225212910671,1,1,5213.0,5198.6,5198.675,5240.75,sl,-14.55,-1455.0,L-Rev|M15|high@5212.00
1772031851884452154,1772033048834081722,1,1,5217.6,5204.6,5204.675,5242.250000000002,sl,-13.15,-1315.0,L-Rev|M15|high@5216.60
1772037975123118919,1772048710415637376,1,1,5230.5,5220.3,5220.775,5249.95,sl,-10.35,-1035.0,L-Rev|H1|high@5230.00
1772037975108173880,1772048710430979275,1,1,5230.2,5218.4,5219.475,5251.649999999999,sl,-11.95,-1195.0,L-Rev|M15|high@5230.00
1772079139166045522,1772093240280267106,1,1,5214.0,5195.8,5195.849999999999,5250.299999999999,sl,-18.35,-1835.0,L-Rev|M15|high@5213.40
1772116241339595013,1772116459301075811,-1,1,5163.0,5175.0,5174.675,5140.550000000001,sl,-12.15,-1215.0,L-Rev|H1|low@5163.30
1772116241339595013,1772116535124882733,-1,1,5163.0,5184.4,5184.0,5121.9000000000015,sl,-21.55,-2155.0,L-Rev|M15|low@5163.30
1772116234551182879,1772116590925851775,-1,1,5172.9,5190.1,5189.975,5139.35,sl,-17.35,-1735.0,L-Rev|M15|low@5173.10
1772171914384045920,1772175279391171803,1,1,5216.3,5204.5,5204.675,5239.549999999997,sl,-11.95,-1195.0,L-Rev|M15|high@5216.20
1772197646654457171,1772198126454139269,1,1,5219.0,5235.0,5210.4,5235.0,tp,15.85,1585.0,L-Rev|H1|high@5218.20
1772197646649808698,1772198447603809650,1,1,5217.8,5240.1500000000015,5206.625,5240.1500000000015,tp,22.2,2220.0,L-Rev|M15|high@5217.50
1772197646654457171,1772198451595999605,1,1,5219.0,5242.250000000002,5207.374999999999,5242.250000000002,tp,23.1,2310.0,L-Rev|M15|high@5218.20
1772197659618784037,1772198462145242875,1,1,5222.5,5244.299999999999,5211.45,5244.299999999999,tp,21.65,2165.0,L-Rev|M15|high@5221.90
1772198131478546207,1772198859674060631,1,1,5238.0,5258.75,5227.475,5258.75,tp,20.6,2060.0,L-Rev|H1|high@5237.30
1772198131478546207,1772208826068976671,1,1,5238.0,5271.150000000001,5221.275000000001,5271.150000000001,tp,33.0,3300.0,L-Rev|H4|high@5237.30
1772207546208506487,1772406000583907951,1,1,5259.9,5312.999999999997,5232.900000000001,5312.999999999997,tp,52.95,5295.0,L-Rev|M15|high@5259.30
1772223717792450623,1772406000583907951,1,1,5276.7,5305.35,5262.375,5305.35,tp,28.5,2850.0,L-Rev|M15|high@5276.60
1772460598952871194,1772461571694770487,-1,1,5386.0,5329.299999999999,5414.35,5329.299999999999,tp,56.55,5655.0,L-Rev|M15|low@5386.00
1772461551154720615,1772467224638781741,-1,1,5353.1,5311.25,5374.474999999999,5311.25,tp,41.7,4170.0,L-Rev|M15|low@5353.40
1772529935907834018,1772530064063097719,-1,1,5267.0,5246.5,5286.099999999999,5246.5,tp,20.35,2035.0,L-Rev|H1|low@5272.90
1772529914293145858,1772536069993325285,-1,1,5292.1,5233.1500000000015,5321.575,5233.1500000000015,tp,58.8,5880.0,L-Rev|M15|low@5292.10
1772529935907834018,1772536080031569279,-1,1,5267.0,5203.449999999999,5307.625,5203.449999999999,tp,63.4,6340.0,L-Rev|M15|low@5272.90
1772647862616537467,1772656674553844061,-1,1,5130.0,5154.0,5153.700000000001,5082.599999999999,sl,-24.15,-2415.0,L-Rev|M15|low@5130.00
1772635682425266671,1772673010200537271,-1,1,5167.6,5194.0,5193.925,5115.8499999999985,sl,-26.55,-2655.0,L-Rev|M15|low@5167.90
1772716930776550565,1772716996331876856,-1,1,5111.0,5086.1,5136.049999999999,5086.1,tp,24.75,2475.0,L-Rev|M15|low@5119.40
1772716930776550565,1772716996331876856,-1,1,5111.0,5098.4,5129.9,5098.4,tp,12.45,1245.0,L-Rev|H1|low@5119.40
1772761213500609947,1772789779847633014,1,1,5120.0,5094.0,5096.450000000001,5167.099999999999,sl,-26.15,-2615.0,L-Rev|M15|high@5119.20
1772809317180343691,1772809383975884618,1,1,5152.0,5168.049999999999,5143.975,5168.049999999999,tp,15.9,1590.0,L-Rev|H1|high@5151.30
1772809317180343691,1772815208106562231,1,1,5152.0,5135.5,5136.175,5183.65,sl,-16.65,-1665.0,L-Rev|M15|high@5151.30
1772824621237072334,1772827852683723237,1,1,5183.8,5163.1,5163.175,5224.15,sl,-20.85,-2085.0,L-Rev|M15|high@5182.70
1772834253745412392,1773007508520109090,1,1,5185.1,5161.7,5169.375000000001,5213.250000000001,sl,-23.55,-2355.0,L-Rev|M15|high@5183.80
1772824618545956012,1773007509490871706,1,1,5182.9,5155.1,5155.65,5237.0999999999985,sl,-27.95,-2795.0,L-Rev|M15|high@5182.00
1773053471517504632,1773059311398750134,-1,1,5094.8,5115.5,5115.299999999999,5054.100000000001,sl,-20.85,-2085.0,L-Rev|M15|low@5094.90
1773055228079382253,1773059328516297024,-1,1,5087.0,5116.3,5116.275000000001,5028.75,sl,-29.45,-2945.0,L-Rev|M15|low@5087.10
1773081417668211816,1773097178729921835,1,1,5125.5,5160.95,5107.175000000001,5160.95,tp,35.3,3530.0,L-Rev|M15|high@5124.70
1773083970907685513,1773105970591301285,1,1,5141.2,5176.399999999998,5123.300000000001,5176.399999999998,tp,35.05,3505.0,L-Rev|M15|high@5140.50
1773084038577323538,1773107966260214336,1,1,5148.2,5192.950000000001,5125.675,5192.950000000001,tp,44.6,4460.0,L-Rev|M15|high@5147.60
1773131454369040383,1773137933637326524,1,1,5196.3,5183.2,5183.400000000001,5222.1,sl,-13.25,-1325.0,L-Rev|M15|high@5195.80
1773147651511902995,1773148929395274003,1,1,5204.7,5230.799999999999,5191.2,5230.799999999999,tp,25.95,2595.0,L-Rev|M15|high@5204.00
1773236975930852048,1773237525820526608,-1,1,5165.6,5185.0,5184.950000000001,5126.9,sl,-19.55,-1955.0,L-Rev|M15|low@5165.60
1773234066761577792,1773237691476805343,-1,1,5169.0,5191.3,5191.2,5124.6,sl,-22.45,-2245.0,L-Rev|M15|low@5169.00
1773302460884906897,1773317158215940843,1,1,5192.0,5176.3,5178.099999999999,5219.5,sl,-15.85,-1585.0,L-Rev|M15|high@5191.50
1773301333316329677,1773318117570181066,1,1,5181.3,5168.4,5170.250000000001,5203.1,sl,-13.05,-1305.0,L-Rev|M15|high@5180.60
1773327653925987181,1773328273080034693,-1,1,5141.9,5117.4,5154.3,5117.4,tp,24.35,2435.0,L-Rev|M15|low@5142.00
1773328262822041371,1773330787345855151,-1,1,5130.0,5140.8,5140.7,5108.6,sl,-10.95,-1095.0,L-Rev|H1|low@5130.00
1773328262822041371,1773342175406528483,-1,1,5130.0,5091.450000000001,5149.275,5091.450000000001,tp,38.4,3840.0,L-Rev|M15|low@5130.00
1773337315692420528,1773347426145291947,-1,1,5114.3,5073.050000000001,5135.375,5073.050000000001,tp,41.1,4110.0,L-Rev|M15|low@5114.60
1773413723580266082,1773413823363187096,-1,1,5056.9,5040.799999999999,5066.9,5040.799999999999,tp,15.95,1595.0,L-Rev|H1|low@5058.20
1773413723580266082,1773414769174886923,-1,1,5056.9,5072.0,5072.0,5030.6,sl,-15.25,-1525.0,L-Rev|M15|low@5058.20
1773413572336542509,1773417301802459296,-1,1,5065.9,5035.099999999999,5081.450000000001,5035.099999999999,tp,30.65,3065.0,L-Rev|M15|low@5066.00
1773641760880864008,1773643719353721813,1,1,5036.4,5013.0,5013.4,5081.799999999998,sl,-23.55,-2355.0,L-Rev|M15|high@5035.40
1773712243079894456,1773724629646755688,1,1,5028.4,5047.8,5018.55,5047.8,tp,19.25,1925.0,L-Rev|M15|high@5028.00
1773722686351181762,1773726345173069633,1,1,5045.1,5034.3,5034.475,5066.35,sl,-10.95,-1095.0,L-Rev|H1|high@5044.50
1773722686342121947,1773727285022318186,1,1,5044.8,5021.4,5021.475,5091.449999999999,sl,-23.55,-2355.0,L-Rev|M15|high@5044.50
1773742007379789771,1773750073305891813,-1,1,5009.0,5021.2,5021.15,4984.700000000001,sl,-12.35,-1235.0,L-Rev|M15|low@5009.00
1773754808881492872,1773755470559416523,1,1,5034.2,5022.4,5022.649999999999,5056.4000000000015,sl,-11.95,-1195.0,L-Rev|M15|high@5033.50
1773762106175888222,1773762407673925355,-1,1,4978.0,4995.2,4995.175000000001,4945.45,sl,-17.35,-1735.0,L-Rev|M15|low@4978.60
1773761758896824627,1773764987850566567,-1,1,4994.1,5009.9,5009.650000000001,4965.1,sl,-15.95,-1595.0,L-Rev|M15|low@4994.80
1773798732516207813,1773799232769924429,-1,1,4996.8,5004.2,5004.1,4982.499999999999,sl,-7.55,-755.0,L-Rev|M15|low@4996.90
1773823536682676459,1773825642441575693,-1,1,4984.5,4996.9,4996.75,4961.199999999999,sl,-12.55,-1255.0,L-Rev|M15|low@4984.90
1773830134363933629,1773830138303321853,-1,1,4976.3,4965.85,4982.575,4965.85,tp,10.3,1030.0,L-Rev|H1|low@4977.00
1773830134363933629,1773833250070813736,-1,1,4976.3,4953.6,4988.7,4953.6,tp,22.55,2255.0,L-Rev|M15|low@4977.00
1773902110927696403,1773902862425805791,-1,1,4806.0,4767.299999999999,4825.35,4767.299999999999,tp,38.55,3855.0,L-Rev|M15|low@4806.00
1773968868860085445,1773969123259441723,1,1,4680.0,4658.0,4658.450000000001,4722.799999999999,sl,-22.15,-2215.0,L-Rev|M15|high@4679.50
1774000702092439192,1774008113939294735,-1,1,4661.4,4683.7,4683.650000000001,4617.5,sl,-22.45,-2245.0,L-Rev|M15|low@4661.60
1774030972962903426,1774216800552028339,-1,1,4541.8,4467.1,4579.6,4467.1,tp,74.55,7455.0,L-Rev|M15|low@4542.10
1774216800583174679,1774217244385151222,-1,1,4450.0,4510.7,4509.75,4415.699999999998,sl,-60.85,-6085.0,L-Rev|M15|low@4478.40
1774244834167237942,1774248207175426929,-1,1,4322.0,4206.799999999999,4379.6,4206.799999999999,tp,115.05,11505.0,L-Rev|M15|low@4322.00
1774312441849214147,1774333623732394384,-1,1,4363.5,4399.7,4399.049999999999,4292.400000000001,sl,-36.35,-3635.0,L-Rev|M15|low@4363.50
1774312760128834622,1774335399833320553,-1,1,4350.6,4404.0,4403.975,4244.450000000001,sl,-53.55,-5355.0,L-Rev|M15|low@4350.80
1774349846678296438,1774350095466963559,1,1,4438.3,4409.0,4409.175,4496.250000000002,sl,-29.45,-2945.0,L-Rev|M15|high@4437.60
1774383823310024103,1774394180223188854,1,1,4435.9,4490.4,4408.05,4490.4,tp,54.35,5435.0,L-Rev|M15|high@4435.00
1774383848259280801,1774394180522741266,1,1,4443.8,4491.549999999999,4419.924999999999,4491.549999999999,tp,47.6,4760.0,L-Rev|H1|high@4443.20
1774383848178048526,1774395401838050599,1,1,4443.6,4523.200000000001,4403.499999999999,4523.200000000001,tp,79.45,7945.0,L-Rev|M15|high@4443.20
1774383896109799834,1774395423767681476,1,1,4467.1,4531.599999999999,4434.849999999999,4531.599999999999,tp,64.35,6435.0,L-Rev|M15|high@4469.50
1774383859439542614,1774396807403910997,1,1,4451.4,4556.199999999999,4398.700000000002,4556.199999999999,tp,104.65,10465.0,L-Rev|M15|high@4450.50
1774395370272578609,1774402308790048412,1,1,4517.0,4579.65,4485.675,4579.65,tp,62.5,6250.0,L-Rev|H1|high@4516.50
1774432094696111745,1774432752704419724,-1,1,4532.5,4552.8,4552.75,4492.0,sl,-20.45,-2045.0,L-Rev|M15|low@4532.50
1774437738904160147,1774441675862453265,1,1,4569.6,4550.6,4550.825,4605.95,sl,-19.15,-1915.0,L-Rev|M15|high@4568.70
1774441903220746929,1774442126366326153,-1,1,4523.3,4541.6,4541.224999999999,4494.65,sl,-18.45,-1845.0,L-Rev|M15|low@4525.70
1774465728327755656,1774465915528930321,-1,1,4522.0,4485.849999999999,4540.075000000001,4485.849999999999,tp,36.0,3600.0,L-Rev|M15|low@4522.00
1774395370286715656,1774504480074028635,1,1,4517.2,4456.3,4457.175000000001,4636.95,sl,-61.05,-6105.0,L-Rev|M15|high@4516.50
1774503006122946556,1774504581087327902,-1,1,4484.3,4454.3,4499.3,4454.3,tp,29.85,2985.0,L-Rev|H1|low@4484.30
1774503006122946556,1774504905773884342,-1,1,4484.3,4425.200000000001,4513.85,4425.200000000001,tp,58.95,5895.0,L-Rev|M15|low@4484.30
1774514636998070279,1774520525063451753,-1,1,4412.0,4437.5,4437.225,4361.85,sl,-25.65,-2565.0,L-Rev|M15|low@4412.10
1774554883334726028,1774555922863994948,-1,1,4359.6,4388.3,4387.85,4312.700000000001,sl,-28.85,-2885.0,L-Rev|M15|low@4362.80
1774849771629322938,1774871090778004565,1,1,4549.1,4583.699999999999,4531.049999999999,4583.699999999999,tp,34.45,3445.0,L-Rev|M15|high@4548.00
1774870956907978439,1774878545574307452,1,1,4580.1,4563.1,4563.674999999999,4612.049999999999,sl,-17.15,-1715.0,L-Rev|M15|high@4579.20
1774893430581357977,1774917880622168401,-1,1,4542.0,4564.6,4564.500000000001,4496.999999999998,sl,-22.75,-2275.0,L-Rev|M15|low@4542.00
1774919933327565867,1774921208953036265,1,1,4587.8,4624.450000000001,4568.875000000001,4624.450000000001,tp,36.5,3650.0,L-Rev|M15|high@4587.10
1774920296158971510,1774921434377063196,1,1,4611.9,4643.75,4595.974999999999,4643.75,tp,31.7,3170.0,L-Rev|H1|high@4611.40
1774920296161167375,1774927483160464707,1,1,4612.0,4589.0,4589.05,4657.9,sl,-23.15,-2315.0,L-Rev|M15|high@4611.40
1774941568854202463,1774943954828108035,-1,1,4575.7,4595.9,4595.8,4535.5,sl,-20.35,-2035.0,L-Rev|M15|low@4575.70
1774956080049131254,1774965236619010260,1,1,4606.2,4631.1,4593.75,4631.1,tp,24.75,2475.0,L-Rev|M15|high@4605.50
1774956354965687241,1774965694888044248,1,1,4610.5,4647.250000000002,4592.124999999999,4647.250000000002,tp,36.6,3660.0,L-Rev|M15|high@4610.20
1774965770944436729,1774966046519480191,1,1,4650.5,4636.7,4636.75,4676.5,sl,-13.95,-1395.0,L-Rev|H1|high@4649.50
1774965770944436729,1774983617767873004,1,1,4650.5,4704.1500000000015,4623.375,4704.1500000000015,tp,53.5,5350.0,L-Rev|M15|high@4649.50
1775043024269151529,1775048193571577201,1,1,4774.8,4751.8,4751.950000000001,4819.9,sl,-23.15,-2315.0,L-Rev|M15|high@4774.20
1775026109648660422,1775055273297838540,1,1,4752.3,4794.45,4731.2249999999985,4794.45,tp,42.0,4200.0,L-Rev|M15|high@4751.90
1775085312299012441,1775087152791721676,1,1,4821.7,4806.0,4806.374999999999,4852.049999999999,sl,-15.85,-1585.0,L-Rev|M15|high@4821.00
1775055218973386609,1775091861207735900,1,1,4792.5,4762.0,4764.900000000001,4847.699999999999,sl,-30.65,-3065.0,L-Rev|M15|high@4791.50
1775092824011451390,1775093536615707399,-1,1,4742.8,4689.0,4770.45,4689.0,tp,53.65,5365.0,L-Rev|M15|low@4743.30
1775093536615707399,1775093786814271168,-1,1,4687.1,4715.7,4715.35,4639.299999999999,sl,-28.75,-2875.0,L-Rev|M15|low@4690.00
1775108031937177924,1775109724202897555,-1,1,4675.7,4612.7,4707.2,4612.7,tp,62.85,6285.0,L-Rev|M15|low@4675.70
1775138312190460441,1775140633943785622,1,1,4679.2,4720.7,4655.45,4720.7,tp,41.35,4135.0,L-Rev|M15|high@4677.00
1775452253921733729,1775455153017895623,1,1,4698.0,4680.9,4680.975,4732.049999999999,sl,-17.25,-1725.0,L-Rev|M15|high@4697.50
1775461879880336599,1775481715069590200,1,1,4704.8,4684.6,4684.699999999999,4745.0,sl,-20.35,-2035.0,L-Rev|M15|high@4704.40
1775550044203706077,1775550195939126071,1,1,4695.5,4713.949999999999,4686.274999999999,4713.949999999999,tp,18.3,1830.0,L-Rev|M15|high@4694.90
1775549673708002945,1775560240778256156,1,1,4690.8,4670.8,4670.85,4730.700000000001,sl,-20.15,-2015.0,L-Rev|M15|high@4690.30
1775550031529054980,1775560253093104833,1,1,4692.3,4666.4,4666.55,4743.5,sl,-26.05,-2605.0,L-Rev|M15|high@4692.00
1775570688158281341,1775571856439289262,-1,1,4648.2,4666.5,4666.474999999999,4612.25,sl,-18.45,-1845.0,L-Rev|M15|low@4648.40
1775570588204745049,1775572431213672596,-1,1,4653.9,4678.4,4678.049999999999,4605.600000000001,sl,-24.65,-2465.0,L-Rev|M15|low@4653.90
1775589614275430220,1775599209557112222,1,1,4721.7,4754.950000000001,4704.925,4754.950000000001,tp,33.1,3310.0,L-Rev|H1|high@4721.20
1775589615720106679,1775599239030758790,1,1,4724.7,4767.199999999999,4703.299999999999,4767.199999999999,tp,42.35,4235.0,L-Rev|M15|high@4724.00
1775637769290551870,1775658674406031776,-1,1,4819.8,4786.799999999999,4836.300000000001,4786.799999999999,tp,32.85,3285.0,L-Rev|M15|low@4819.80
1775641397167873626,1775658779408755486,-1,1,4817.2,4780.6,4835.5,4780.6,tp,36.45,3645.0,L-Rev|M15|low@4817.20
1775724273422158124,1775736077336575331,1,1,4757.1,4782.9,4744.200000000001,4782.9,tp,25.65,2565.0,L-Rev|M15|high@4756.60
1775724536165235451,1775741930674408953,1,1,4758.7,4792.449999999999,4740.924999999999,4792.449999999999,tp,33.6,3360.0,L-Rev|M15|high@4757.70
1775823536217667401,1775823795352956676,1,1,4794.9,4786.0,4786.275,4812.15,sl,-9.05,-905.0,L-Rev|M15|high@4794.60
1775830542433566236,1775832179157239297,1,1,4810.6,4799.0,4800.825,4829.85,sl,-11.75,-1175.0,L-Rev|M15|high@4810.00
1775852731531050527,1776031200572157655,-1,1,4768.4,4742.299999999999,4781.45,4742.299999999999,tp,25.95,2595.0,L-Rev|M15|low@4768.40
1776059827019171041,1776072907515830431,1,1,4750.0,4736.1,4736.175,4777.3499999999985,sl,-14.05,-1405.0,L-Rev|M15|high@4749.50
1776088193193431073,1776088390335490434,1,1,4762.9,4748.0,4748.0999999999985,4792.2,sl,-15.05,-1505.0,L-Rev|M15|high@4762.50
1776092755419668182,1776096812154511661,-1,1,4724.8,4743.3,4743.2,4689.2,sl,-18.65,-1865.0,L-Rev|M15|low@4725.20
1776150533719668673,1776151152730959857,1,1,4820.3,4809.0,4809.075000000001,4842.75,sl,-11.45,-1145.0,L-Rev|H1|high@4820.00
1776149612976795607,1776163121868631275,1,1,4803.5,4787.6,4789.749999999999,4830.700000000001,sl,-16.05,-1605.0,L-Rev|M15|high@4802.80
1776163141983420583,1776163984613253180,-1,1,4778.2,4794.8,4794.775,4750.450000000001,sl,-16.75,-1675.0,L-Rev|M15|low@4780.00
1776173862122613142,1776186347586046659,1,1,4821.0,4847.75,4807.025,4847.75,tp,26.6,2660.0,L-Rev|M15|high@4820.40
1776231423128303473,1776244265397128883,-1,1,4841.0,4824.049999999999,4849.475,4824.049999999999,tp,16.8,1680.0,L-Rev|M15|low@4841.00
1776315968286260391,1776317931797199689,1,1,4860.3,4848.2,4848.2,4884.2,sl,-12.25,-1225.0,L-Rev|M15|high@4859.70
1776326702311376382,1776340598359467086,-1,1,4832.6,4844.2,4844.149999999999,4810.4000000000015,sl,-11.75,-1175.0,L-Rev|M15|low@4832.90
1776347538377361252,1776347723743168283,-1,1,4825.4,4806.700000000001,4835.05,4806.700000000001,tp,18.55,1855.0,L-Rev|M15|low@4825.60
1776388174367430926,1776388339987603038,-1,1,4805.8,4791.299999999999,4813.35,4791.299999999999,tp,14.35,1435.0,L-Rev|M15|low@4806.00
1776388228071186166,1776390942079668257,-1,1,4802.0,4811.5,4811.45,4783.1,sl,-9.65,-965.0,L-Rev|M15|low@4802.00
1776400967806706353,1776406291499051460,1,1,4822.5,4809.3,4809.375,4848.75,sl,-13.35,-1335.0,L-Rev|M15|high@4822.20
1776426324480465625,1776428745245369443,1,1,4823.0,4840.6,4814.049999999999,4840.6,tp,17.45,1745.0,L-Rev|M15|high@4822.70
1776429602317907017,1776431455091020412,1,1,4846.5,4897.950000000001,4820.775,4897.950000000001,tp,51.3,5130.0,L-Rev|M15|high@4846.20
1776431453602213034,1776432034824839470,1,1,4896.4,4879.9,4879.924999999999,4927.85,sl,-16.65,-1665.0,L-Rev|H4|high@4895.40
1776455704174672157,1776458986749529315,-1,1,4875.0,4854.150000000001,4885.424999999999,4854.150000000001,tp,20.7,2070.0,L-Rev|M15|low@4875.00
1776687527172906862,1776688513674477243,1,1,4834.9,4823.1,4823.499999999999,4857.700000000001,sl,-11.95,-1195.0,L-Rev|M15|high@4834.50
1776750763069627558,1776771707797093386,-1,1,4803.1,4813.4,4813.375000000001,4782.549999999999,sl,-10.45,-1045.0,L-Rev|M15|low@4803.10
1776742920050698106,1776774633371250430,-1,1,4811.8,4782.950000000001,4826.374999999999,4782.950000000001,tp,28.7,2870.0,L-Rev|M15|low@4811.90
1776782800195316918,1776784219153494046,-1,1,4751.3,4761.0,4760.725,4734.549999999999,sl,-9.85,-985.0,L-Rev|H1|low@4752.00
1776782800195316918,1776784428074176451,-1,1,4751.3,4768.4,4768.4,4719.2,sl,-17.25,-1725.0,L-Rev|H4|low@4752.00
1776852170684423929,1776855593543104593,-1,1,4769.7,4779.3,4779.275,4751.15,sl,-9.75,-975.0,L-Rev|M15|low@4769.90
1776861708829089895,1776865451591253044,-1,1,4764.3,4773.2,4773.075,4746.75,sl,-9.05,-905.0,L-Rev|M15|low@4764.30
1776904219748061606,1776906660997427604,1,1,4768.6,4759.0,4759.324999999999,4786.55,sl,-9.75,-975.0,L-Rev|M15|high@4770.20
1776922225014604979,1776922445671216443,-1,1,4713.3,4722.7,4722.6,4696.499999999999,sl,-9.55,-955.0,L-Rev|M15|low@4713.90
1776922246590325266,1776923508133211137,-1,1,4710.4,4730.5,4730.424999999999,4670.35,sl,-20.25,-2025.0,L-Rev|M15|low@4710.40
1776939124153848451,1776944237646234870,-1,1,4705.7,4720.2,4720.175,4676.75,sl,-14.65,-1465.0,L-Rev|M15|low@4705.70
1776945645491985238,1776964158062236121,1,1,4742.5,4731.4,4731.4,4764.700000000001,sl,-11.25,-1125.0,L-Rev|M15|high@4742.10
1776997481294390118,1777004713955251222,-1,1,4702.0,4676.799999999998,4714.6,4676.799999999998,tp,25.05,2505.0,L-Rev|M15|low@4702.00
1777028846542117966,1777030103147216801,1,1,4713.0,4732.35,4703.325,4732.35,tp,19.2,1920.0,L-Rev|M15|high@4712.70
1777029870515614126,1777034959036703246,1,1,4727.2,4709.0,4709.500000000001,4761.700000000001,sl,-18.35,-1835.0,L-Rev|M15|high@4726.70
1777038520996496507,1777240800741776812,1,1,4734.3,4711.4,4718.400000000001,4766.1,sl,-23.05,-2305.0,L-Rev|M15|high@4733.90
1777278410981052342,1777296925121347194,-1,1,4724.0,4707.200000000001,4732.4,4707.200000000001,tp,16.65,1665.0,L-Rev|M15|low@4724.00
1777302149326851585,1777303775646712667,-1,1,4686.3,4694.8,4694.700000000001,4670.400000000001,sl,-8.65,-865.0,L-Rev|H1|low@4686.60
1777302149326851585,1777311225947641878,-1,1,4686.3,4699.3,4699.200000000001,4661.4,sl,-13.15,-1315.0,L-Rev|M15|low@4686.60
1777341378679481331,1777341730227922217,-1,1,4691.7,4680.299999999999,4697.4,4680.299999999999,tp,11.25,1125.0,L-Rev|M15|low@4691.70
1777350193594217564,1777352779561853534,-1,1,4679.9,4663.699999999998,4688.0,4663.699999999998,tp,16.05,1605.0,L-Rev|M15|low@4679.90
1777456222861680103,1777457117927049007,-1,1,4567.6,4576.9,4576.875,4549.05,sl,-9.45,-945.0,L-Rev|H1|low@4567.60
1777447479412187692,1777467296055482144,-1,1,4589.1,4558.200000000001,4604.55,4558.200000000001,tp,30.75,3075.0,L-Rev|M15|low@4589.10
1777506329914753483,1777509974436425708,1,1,4567.6,4582.75,4560.025000000001,4582.75,tp,15.0,1500.0,L-Rev|M15|high@4567.30
1777507221765816783,1777521659506085903,1,1,4579.0,4566.1,4566.225,4604.25,sl,-13.05,-1305.0,L-Rev|M15|high@4578.30
1777456222861680103,1777532110935863175,-1,1,4567.6,4597.5,4597.375000000001,4508.049999999999,sl,-30.05,-3005.0,L-Rev|M15|low@4567.60
1777531977303206697,1777535823690355038,1,1,4594.6,4616.1500000000015,4583.525,4616.1500000000015,tp,21.4,2140.0,L-Rev|M15|high@4594.10
1777536247096675667,1777541441942010671,1,1,4624.8,4641.800000000001,4616.0,4641.800000000001,tp,16.85,1685.0,L-Rev|H1|high@4624.30
1777536245918337169,1777544519105067991,1,1,4621.8,4644.0,4610.7,4644.0,tp,22.05,2205.0,L-Rev|M15|high@4621.30
1777536247096675667,1777545000091680582,1,1,4624.8,4656.199999999999,4608.950000000001,4656.199999999999,tp,31.25,3125.0,L-Rev|M15|high@4624.30
1777597905612452390,1777601006364590691,-1,1,4627.6,4635.4,4635.349999999999,4612.4,sl,-7.95,-795.0,L-Rev|M15|low@4627.70
1777609968488847487,1777616982094163617,-1,1,4625.8,4604.9,4636.4,4604.9,tp,20.75,2075.0,L-Rev|M15|low@4625.90
1777614940283787167,1777621578402283596,-1,1,4618.0,4595.200000000001,4629.4,4595.200000000001,tp,22.65,2265.0,L-Rev|M15|low@4618.00
1777644126284904803,1777644184628244707,1,1,4652.8,4646.1,4646.775,4663.6500000000015,sl,-6.85,-685.0,L-Rev|M15|high@4652.00
1777644040398012438,1777644771545464204,1,1,4648.9,4669.95,4637.7750000000015,4669.95,tp,20.9,2090.0,L-Rev|M15|high@4648.10
1777644738877962571,1777646161167943536,1,1,4659.0,4650.2,4650.225,4676.549999999999,sl,-8.95,-895.0,L-Rev|H1|high@4658.80
1777644738880805847,1777646514638751513,1,1,4659.1,4644.5,4644.625000000001,4688.049999999999,sl,-14.75,-1475.0,L-Rev|M15|high@4658.80
1777644738880805847,1777647010250583780,1,1,4659.1,4639.6,4639.825000000001,4697.65,sl,-19.65,-1965.0,L-Rev|M15|high@4658.60
1777852898511062719,1777876734557132911,-1,1,4618.7,4595.150000000001,4630.924999999999,4595.150000000001,tp,23.4,2340.0,L-Rev|M15|low@4619.00
1777874715795566808,1777889019824721392,-1,1,4601.6,4574.699999999999,4615.650000000001,4574.699999999999,tp,26.75,2675.0,L-Rev|M15|low@4602.00
1777908097789248392,1777908577155421652,-1,1,4534.3,4550.3,4550.150000000001,4504.699999999999,sl,-16.15,-1615.0,L-Rev|M15|low@4535.00
1777959304605842862,1777961884667899774,1,1,4556.8,4549.4,4549.674999999999,4571.049999999999,sl,-7.55,-755.0,L-Rev|M15|high@4556.40
1778010982125223129,1778021719076777259,-1,1,4563.8,4572.6,4572.5,4546.4,sl,-8.95,-895.0,L-Rev|M15|low@4563.80
1778022770871119886,1778028084960416491,1,1,4597.9,4620.85,4585.975,4620.85,tp,22.8,2280.0,L-Rev|M15|high@4597.50
1778118523260557927,1778119974060418958,1,1,4729.0,4714.5,4714.574999999999,4757.55,sl,-14.65,-1465.0,L-Rev|M15|high@4728.70
1778116219318365263,1778128458283649830,1,1,4711.7,4701.6,4701.675000000001,4731.15,sl,-10.25,-1025.0,L-Rev|M15|high@4711.30
1778135491495399477,1778135961599585651,1,1,4730.8,4749.000000000001,4721.549999999999,4749.000000000001,tp,18.05,1805.0,L-Rev|M15|high@4730.50
1778135510385219479,1778136237452905825,1,1,4735.3,4758.450000000001,4723.125,4758.450000000001,tp,23.0,2300.0,L-Rev|H1|high@4734.60
1778160776631924690,1778161672010898439,1,1,4764.0,4749.2,4749.45,4793.1,sl,-14.95,-1495.0,L-Rev|M15|high@4763.60
1778135510385219479,1778170749545573450,1,1,4735.3,4713.5,4714.049999999999,4776.6,sl,-21.95,-2195.0,L-Rev|M15|high@4734.60
1778169872870361529,1778174820896736155,-1,1,4732.0,4706.349999999999,4744.825000000001,4706.349999999999,tp,25.5,2550.0,L-Rev|M15|low@4732.00
1778174829826959363,1778174948866510759,-1,1,4700.4,4710.8,4710.75,4679.699999999999,sl,-10.55,-1055.0,L-Rev|M15|low@4700.40
1778187429944251108,1778198404343449992,-1,1,4696.3,4715.8,4715.725000000001,4658.3499999999985,sl,-19.65,-1965.0,L-Rev|M15|low@4696.60
1778247033615127799,1778249431011141740,1,1,4744.0,4729.5,4729.525,4772.950000000001,sl,-14.65,-1465.0,L-Rev|M15|high@4743.50
1778504505548637441,1778507160721828882,1,1,4714.5,4757.75,4692.725,4757.75,tp,43.1,4310.0,L-Rev|M15|high@4714.10
1778504694165626273,1778507160721828882,1,1,4718.8,4757.599999999999,4699.25,4757.599999999999,tp,38.65,3865.0,L-Rev|H4|high@4775.20
1778565612656711119,1778569422720800052,-1,1,4716.6,4700.15,4725.125,4700.15,tp,16.3,1630.0,L-Rev|M15|low@4716.80
1778599367776937675,1778599797478975183,-1,1,4653.8,4664.1,4663.975,4637.35,sl,-10.45,-1045.0,L-Rev|H1|low@4655.10
1778599367776937675,1778599811015299489,-1,1,4653.8,4667.0,4666.950000000001,4631.4,sl,-13.35,-1335.0,L-Rev|M15|low@4655.10
1778599365485107243,1778599999458883678,-1,1,4658.5,4668.9,4668.75,4638.6,sl,-10.55,-1055.0,L-Rev|M15|low@4658.70
1778615642246717393,1778664153286407006,1,1,4720.4,4692.3,4693.75,4773.4000000000015,sl,-28.25,-2825.0,L-Rev|M15|high@4719.80
1778664153071915995,1778665848549912448,-1,1,4696.0,4705.3,4705.075,4677.85,sl,-9.45,-945.0,L-Rev|M15|low@4696.00
1778663677589760651,1778666921823118243,-1,1,4701.3,4714.9,4714.8,4674.3,sl,-13.75,-1375.0,L-Rev|M15|low@4701.30
1778674961138606596,1778686627481681008,-1,1,4692.0,4704.9,4704.824999999999,4667.250000000002,sl,-13.05,-1305.0,L-Rev|M15|low@4692.30
1778729940457442942,1778732489743985236,-1,1,4685.5,4693.3,4693.150000000001,4670.199999999999,sl,-7.95,-795.0,L-Rev|M15|low@4685.50
1778733373725539660,1778734991251592918,1,1,4718.5,4707.5,4707.549999999999,4740.400000000001,sl,-11.15,-1115.0,L-Rev|M15|high@4718.20
1778733373643233031,1778735712273057855,1,1,4718.4,4706.0,4706.125,4742.35,sl,-12.55,-1255.0,L-Rev|M15|high@4717.90
1778744193692413670,1778744826697320537,1,1,4723.4,4713.1,4713.300000000001,4743.0,sl,-10.45,-1045.0,L-Rev|M15|high@4723.10
1778744106998776547,1778745020418480363,1,1,4720.4,4708.4,4708.75,4743.4000000000015,sl,-12.15,-1215.0,L-Rev|M15|high@4719.70
1778765382943883303,1778766148919581773,-1,1,4694.4,4673.9,4704.950000000001,4673.9,tp,20.35,2035.0,L-Rev|M15|low@4694.60
1778766148927890006,1778766214332604263,-1,1,4673.1,4681.1,4680.925,4657.75,sl,-8.15,-815.0,L-Rev|H1|low@4673.20
1778766148927890006,1778766411372914764,-1,1,4673.1,4688.9,4688.724999999999,4642.15,sl,-15.95,-1595.0,L-Rev|M15|low@4673.20
1778803284008089224,1778803396641957070,-1,1,4648.6,4656.7,4656.425,4635.05,sl,-8.25,-825.0,L-Rev|M15|low@4649.30
1778804717934180046,1778808603112596977,-1,1,4645.2,4612.3,4661.65,4612.3,tp,32.75,3275.0,L-Rev|H4|low@4645.20
1778820220929642521,1778823065606006939,-1,1,4611.0,4582.199999999999,4625.400000000001,4582.199999999999,tp,28.65,2865.0,L-Rev|M15|low@4611.00
1778833024967152305,1778852700064048715,-1,1,4560.1,4523.6500000000015,4578.325,4523.6500000000015,tp,36.3,3630.0,L-Rev|M15|low@4560.10
1778852246746365416,1778854421161865203,-1,1,4535.4,4553.3,4553.1,4499.999999999999,sl,-18.05,-1805.0,L-Rev|M15|low@4535.40
1779102611241001240,1779104120655242993,-1,1,4533.1,4551.5,4551.025000000001,4497.25,sl,-18.55,-1855.0,L-Rev|M15|low@4533.10
1779104422958174499,1779105842360431433,1,1,4564.5,4551.1,4551.125000000002,4590.949999999999,sl,-13.55,-1355.0,L-Rev|M15|high@4564.00
1779168250643333311,1779171530034459143,-1,1,4533.4,4552.0,4551.95,4496.6,sl,-18.75,-1875.0,L-Rev|M15|low@4533.50
1779187421029502345,1779188590075612177,-1,1,4533.0,4551.1,4550.924999999999,4499.850000000001,sl,-18.25,-1825.0,L-Rev|M15|low@4533.90
1779197481579485023,1779198655290399245,-1,1,4482.2,4494.7,4494.7,4461.1,sl,-12.65,-1265.0,L-Rev|H1|low@4483.50
1779197481579485023,1779198848620451542,-1,1,4482.2,4501.2,4501.075,4448.35,sl,-19.15,-1915.0,L-Rev|H4|low@4483.50
1779197481579485023,1779199499143798454,-1,1,4482.2,4515.5,4515.225,4420.049999999998,sl,-33.45,-3345.0,L-Rev|M15|low@4483.50
1779240445436260324,1779246480384148721,-1,1,4480.0,4456.150000000001,4491.924999999999,4456.150000000001,tp,23.7,2370.0,L-Rev|M15|low@4480.00
1779286264085016683,1779286560395925951,-1,1,4475.0,4487.6,4487.325,4450.6500000000015,sl,-12.75,-1275.0,L-Rev|M15|low@4475.10
1779287413650027635,1779288910942138175,1,1,4516.4,4533.4,4507.75,4533.4,tp,16.85,1685.0,L-Rev|M15|high@4516.00
1779290163146309871,1779290707129824187,1,1,4552.0,4537.7,4537.875,4579.949999999998,sl,-14.45,-1445.0,L-Rev|M15|high@4551.50
1779322536054327387,1779322702751039420,1,1,4554.6,4546.4,4546.6,4569.999999999999,sl,-8.35,-835.0,L-Rev|M15|high@4553.80
1779382824477006095,1779385780190006179,1,1,4523.0,4555.050000000001,4506.674999999999,4555.050000000001,tp,31.9,3190.0,L-Rev|M15|high@4522.30
1779384029643124578,1779389696388817499,1,1,4544.3,4530.1,4530.275,4572.350000000001,sl,-14.35,-1435.0,L-Rev|M15|high@4544.20
1779429389492256956,1779431387711924708,-1,1,4519.1,4527.2,4527.05,4504.0999999999985,sl,-8.25,-825.0,L-Rev|M15|low@4519.40
1779443660106195805,1779445896996626307,1,1,4535.8,4523.5,4523.775,4559.549999999999,sl,-12.45,-1245.0,L-Rev|M15|high@4535.40
1779457357470757705,1779459295465490635,-1,1,4510.9,4490.1,4522.049999999999,4490.1,tp,20.65,2065.0,L-Rev|M15|low@4511.40
1779458430311814268,1779459295465490635,-1,1,4508.1,4484.35,4520.125,4484.35,tp,23.6,2360.0,L-Rev|M15|low@4508.20
1779458430311814268,1779459295465490635,-1,1,4508.1,4488.1,4518.25,4488.1,tp,19.85,1985.0,L-Rev|H1|low@4508.20
1779286948087240107,1779664034047551843,1,1,4514.2,4573.4,4482.05,4573.4,tp,59.05,5905.0,L-Rev|M15|high@4512.00
1779701774954757987,1779711252179905134,1,1,4567.3,4558.4,4558.6,4584.699999999999,sl,-9.05,-905.0,L-Rev|M15|high@4567.20
1779753709629421970,1779759455136182398,-1,1,4554.2,4535.65,4563.775,4535.65,tp,18.4,1840.0,L-Rev|M15|low@4554.40
1779770220260252755,1779776749814199467,-1,1,4528.1,4536.8,4536.650000000001,4511.0,sl,-8.85,-885.0,L-Rev|M15|low@4528.10
1779779842121263343,1779781728915931459,-1,1,4523.3,4532.4,4532.4,4505.4,sl,-9.25,-925.0,L-Rev|M15|low@4523.40
1779792627029052752,1779794569065744803,1,1,4540.3,4526.4,4526.424999999999,4568.049999999999,sl,-14.05,-1405.0,L-Rev|M15|high@4539.90
1780034409002339372,1780035480035625618,1,1,4551.8,4540.8,4541.2,4572.7,sl,-11.15,-1115.0,L-Rev|M15|high@4551.20
1780063309164397707,1780064834234079700,1,1,4574.9,4559.0,4559.0,4606.699999999999,sl,-16.05,-1605.0,L-Rev|M15|high@4574.40
1780283900825753358,1780292984590641878,-1,1,4545.5,4555.0,4554.950000000001,4526.599999999999,sl,-9.65,-965.0,L-Rev|M15|low@4545.50
1780319483252383627,1780320160096636671,-1,1,4518.4,4496.8499999999985,4529.475000000001,4496.8499999999985,tp,21.4,2140.0,L-Rev|M15|low@4518.60
1780360333054379564,1780360475752332764,1,1,4526.1,4520.6,4520.6,4535.9000000000015,sl,-5.65,-565.0,L-Rev|M15|high@4525.60
1780370954690050103,1780381342788021111,1,1,4527.6,4559.6,4511.000000000001,4559.6,tp,31.85,3185.0,L-Rev|M15|high@4526.80
1780378222628722375,1780405201550251839,1,1,4556.8,4542.3,4542.4,4581.999999999998,sl,-14.65,-1465.0,L-Rev|M15|high@4555.40
1780404457851202928,1780408491207821764,-1,1,4550.7,4535.450000000001,4558.624999999999,4535.450000000001,tp,15.1,1510.0,L-Rev|M15|low@4550.90
1780375603816213847,1780408801154812886,1,1,4543.3,4525.1,4529.025,4571.549999999999,sl,-18.35,-1835.0,L-Rev|M15|high@4542.80
1780441838827392691,1780442608004798881,-1,1,4508.0,4495.700000000001,4514.15,4495.700000000001,tp,12.15,1215.0,L-Rev|M15|low@4508.00
1780442926039579409,1780443738756906497,-1,1,4491.5,4499.5,4499.5,4477.900000000001,sl,-8.15,-815.0,L-Rev|H1|low@4492.30
1780442926039579409,1780444833389499761,-1,1,4491.5,4507.3,4507.150000000001,4462.6,sl,-15.95,-1595.0,L-Rev|M15|low@4492.30
1780494169865075046,1780495858123519929,-1,1,4467.2,4482.2,4482.125,4437.35,sl,-15.15,-1515.0,L-Rev|M15|low@4467.20
1780518866934292787,1780527391563197438,-1,1,4461.1,4471.3,4470.4,4442.500000000001,sl,-10.35,-1035.0,L-Rev|M15|low@4461.10
1780524972801284438,1780527423609462067,-1,1,4453.9,4473.5,4473.5,4415.0,sl,-19.75,-1975.0,L-Rev|M15|low@4454.00
1780536020839654703,1780537938911274652,1,1,4496.8,4484.3,4484.35,4521.700000000001,sl,-12.65,-1265.0,L-Rev|M15|high@4496.50
1780572402363010673,1780574226989203798,1,1,4511.5,4536.299999999999,4498.95,4536.299999999999,tp,24.65,2465.0,L-Rev|M15|high@4511.20
1780573589106696966,1780583356879862454,1,1,4525.8,4511.3,4511.5,4552.9,sl,-14.65,-1465.0,L-Rev|M15|high@4525.10
1780572431458611303,1780584212156113227,1,1,4517.1,4502.6,4502.65,4543.600000000001,sl,-14.65,-1465.0,L-Rev|M15|high@4516.10
1780618336482917486,1780619713772593191,-1,1,4483.8,4488.6,4488.6,4474.200000000001,sl,-4.95,-495.0,L-Rev|H1|low@4483.80
1780618336482917486,1780621509390696078,-1,1,4483.8,4496.2,4496.175,4459.05,sl,-12.55,-1255.0,L-Rev|M15|low@4483.80
1780640100496529060,1780640678850880402,-1,1,4461.2,4471.0,4470.799999999999,4442.000000000001,sl,-9.95,-995.0,L-Rev|M15|low@4461.20
1780624879046367867,1780643536989856219,-1,1,4470.0,4486.9,4486.8,4436.4,sl,-17.05,-1705.0,L-Rev|M15|low@4470.00
1780660287566925451,1780662601148957463,1,1,4497.0,4480.0,4487.400000000001,4515.300000000001,sl,-17.15,-1715.0,L-Rev|M15|high@4496.60
1780663917707956959,1780664400547182577,-1,1,4454.4,4429.1500000000015,4467.625,4429.1500000000015,tp,25.1,2510.0,L-Rev|M15|low@4454.80
1780663959473826927,1780664400626817012,-1,1,4448.4,4428.650000000001,4460.825000000001,4428.650000000001,tp,19.6,1960.0,L-Rev|H1|low@4450.10
1780663959473826927,1780666674501541964,-1,1,4448.4,4415.1,4467.6,4415.1,tp,33.15,3315.0,L-Rev|H4|low@4450.10
1780882219684823849,1780883142107027796,-1,1,4333.2,4352.6,4352.6,4294.999999999999,sl,-19.55,-1955.0,L-Rev|M15|low@4333.40
1780896852578734815,1780903476238015159,-1,1,4323.6,4341.6,4339.275,4292.250000000001,sl,-18.15,-1815.0,L-Rev|M15|low@4323.60
1780917299032391993,1780925876910492074,1,1,4343.3,4367.2,4329.8499999999985,4367.2,tp,23.75,2375.0,L-Rev|M15|high@4342.00
1780983721395572965,1780985625683740911,1,1,4372.0,4364.8,4364.8,4386.4,sl,-7.35,-735.0,L-Rev|H1|high@4371.50
1780983711586868863,1780986625749981187,1,1,4371.3,4361.2,4361.224999999999,4391.15,sl,-10.25,-1025.0,L-Rev|M15|high@4371.00
1780983149979809651,1780986666789149547,1,1,4366.9,4356.7,4356.975,4386.450000000001,sl,-10.35,-1035.0,L-Rev|M15|high@4366.50
1780983721384101543,1780989278697200758,1,1,4371.8,4351.5,4351.699999999999,4412.000000000002,sl,-20.45,-2045.0,L-Rev|M15|high@4371.50
1780989303431037324,1780992772072254691,-1,1,4348.6,4359.4,4359.4,4327.000000000001,sl,-10.95,-1095.0,L-Rev|M15|low@4348.60
1780917302661344548,1781012939466244647,1,1,4346.8,4379.8,4330.3,4379.8,tp,32.85,3285.0,L-Rev|M15|high@4346.40
1781012927050741757,1781013162047134858,1,1,4375.9,4362.5,4362.85,4401.999999999999,sl,-13.55,-1355.0,L-Rev|M15|high@4375.70
1781014633120671474,1781014974870991551,-1,1,4336.0,4344.1,4343.975,4320.05,sl,-8.25,-825.0,L-Rev|H1|low@4336.00
1781014633120671474,1781015177507880155,-1,1,4336.0,4347.9,4347.700000000001,4312.599999999999,sl,-12.05,-1205.0,L-Rev|M15|low@4336.00
1781014443130993894,1781016153072034606,-1,1,4344.5,4324.400000000001,4354.549999999999,4324.400000000001,tp,19.95,1995.0,L-Rev|M15|low@4344.50
1781019095034509896,1781045503207809035,-1,1,4297.0,4259.1500000000015,4316.075,4259.1500000000015,tp,37.7,3770.0,L-Rev|M15|low@4297.10
1781078593992942859,1781093459511017390,-1,1,4194.2,4163.45,4209.575,4163.45,tp,30.6,3060.0,L-Rev|M15|low@4194.20
1781103368031352846,1781121722707430782,-1,1,4150.8,4101.449999999999,4177.275000000001,4101.449999999999,tp,49.2,4920.0,L-Rev|M15|low@4152.00
1781179840455068518,1781185591471522918,-1,1,4098.1,4109.3,4109.275000000001,4075.7499999999995,sl,-11.35,-1135.0,L-Rev|M15|low@4098.10
1781187166059708825,1781187730811432351,-1,1,4073.4,4091.3,4091.25,4037.7,sl,-18.05,-1805.0,L-Rev|M15|low@4073.40
1781199010712956887,1781199218647607727,1,1,4133.8,4161.25,4120.075,4161.25,tp,27.3,2730.0,L-Rev|M15|high@4133.60
1781199015857631969,1781199713564089817,1,1,4139.1,4181.850000000001,4117.725,4181.850000000001,tp,42.6,4260.0,L-Rev|M15|high@4138.50
1781243913097305884,1781251013734147544,-1,1,4192.6,4209.2,4209.025,4160.65,sl,-16.75,-1675.0,L-Rev|M15|low@4192.90
1781252115765682022,1781254530728823638,1,1,4227.0,4244.700000000001,4218.15,4244.700000000001,tp,17.55,1755.0,L-Rev|M15|high@4226.70
1781487164782309585,1781491113467860821,1,1,4330.0,4353.949999999999,4317.725,4353.949999999999,tp,23.8,2380.0,L-Rev|M15|high@4329.60
1781523032721076225,1781523966120191521,1,1,4366.3,4356.1,4356.175000000001,4386.549999999999,sl,-10.35,-1035.0,L-Rev|M15|high@4366.10
1781512351206745744,1781525843388638964,1,1,4357.4,4347.2,4347.225,4377.1500000000015,sl,-10.35,-1035.0,L-Rev|M15|high@4356.80
1781512329600068934,1781530245211665100,1,1,4354.1,4378.099999999999,4342.099999999999,4378.099999999999,tp,23.85,2385.0,L-Rev|M15|high@4353.90
1781580943659063697,1781589528771833481,1,1,4347.3,4335.9,4335.900000000001,4370.1,sl,-11.55,-1155.0,L-Rev|M15|high@4346.80
1781544968614872479,1781597782877857031,-1,1,4345.3,4362.3,4362.175,4311.55,sl,-17.15,-1715.0,L-Rev|M15|low@4345.30
1781596330140550527,1781600951661277465,1,1,4354.6,4369.35,4347.075000000001,4369.35,tp,14.6,1460.0,L-Rev|M15|high@4354.10
1781658438754309180,1781659211717801503,1,1,4368.6,4359.2,4359.275,4386.950000000003,sl,-9.55,-955.0,L-Rev|M15|high@4368.10
1781688617193611209,1781696105036006880,1,1,4354.2,4344.7,4344.725,4372.85,sl,-9.65,-965.0,L-Rev|M15|high@4353.80
1781666104237302375,1781702580256195740,-1,1,4348.2,4358.4,4358.325,4327.95,sl,-10.35,-1035.0,L-Rev|M15|low@4348.20
1781706210644957294,1781706610171439196,1,1,4370.4,4382.75,4363.775000000001,4382.75,tp,12.2,1220.0,L-Rev|H1|high@4369.80
1781706248658820107,1781707288151129153,1,1,4376.8,4368.0,4368.249999999999,4393.9,sl,-8.95,-895.0,L-Rev|H1|high@4376.50
1781706248658820107,1781707638058435356,1,1,4376.8,4361.2,4361.200000000001,4407.999999999999,sl,-15.75,-1575.0,L-Rev|M15|high@4376.50
1781706210644957294,1781707638951855038,1,1,4370.4,4359.7,4359.975,4390.35,sl,-10.85,-1085.0,L-Rev|M15|high@4369.80
1781717616743077619,1781719205033718740,1,1,4391.8,4378.7,4379.399999999999,4416.6,sl,-13.25,-1325.0,L-Rev|H4|high@4391.50
1781719498568366268,1781719542693600270,-1,1,4335.5,4322.25,4342.275000000001,4322.25,tp,13.1,1310.0,L-Rev|M15|low@4335.60
1781719517316961154,1781719543109651459,-1,1,4333.7,4321.4,4339.85,4321.4,tp,12.15,1215.0,L-Rev|H1|low@4333.70
1781719498568366268,1781719686626958663,-1,1,4335.5,4320.05,4343.375,4320.05,tp,15.3,1530.0,L-Rev|H1|low@4335.60
1781719482031769207,1781719713830403122,-1,1,4338.6,4316.949999999999,4349.575000000001,4316.949999999999,tp,21.5,2150.0,L-Rev|M15|low@4338.70
1781719517316961154,1781719716122400139,-1,1,4333.7,4311.500000000001,4344.799999999999,4311.500000000001,tp,22.05,2205.0,L-Rev|M15|low@4333.70
1781791444536173400,1781824478708852263,-1,1,4257.3,4214.4,4279.65,4214.4,tp,42.75,4275.0,L-Rev|M15|low@4257.90
1781809358889094358,1781824478708852263,-1,1,4233.0,4214.550000000001,4242.224999999999,4214.550000000001,tp,18.3,1830.0,L-Rev|M15|low@4233.00
1781823764306975375,1781828315062460687,-1,1,4220.2,4202.600000000001,4229.15,4202.600000000001,tp,17.45,1745.0,L-Rev|M15|low@4220.30
1782119184065818739,1782132655160193013,1,1,4225.7,4216.1,4216.474999999999,4244.15,sl,-9.75,-975.0,L-Rev|M15|high@4225.40
1782134874777585631,1782136007337287652,-1,1,4206.5,4216.5,4216.025000000001,4187.449999999999,sl,-10.15,-1015.0,L-Rev|M15|low@4206.50
1782143399619086561,1782143746797353751,-1,1,4188.1,4198.9,4198.825000000001,4166.65,sl,-10.95,-1095.0,L-Rev|M15|low@4188.10
1782178415508734087,1782178925388803859,-1,1,4187.3,4177.9,4192.6,4177.9,tp,9.25,925.0,L-Rev|H1|low@4187.70
1782178415508734087,1782183715017727140,-1,1,4187.3,4162.499999999998,4200.300000000001,4162.499999999998,tp,24.65,2465.0,L-Rev|M15|low@4187.70
1782222532500857955,1782239121300176483,1,1,4151.9,4139.7,4139.700000000001,4175.700000000001,sl,-12.35,-1235.0,L-Rev|M15|high@4151.10
1782324207148191005,1782324671863535206,-1,1,3980.3,4007.7,4007.525,3925.8500000000004,sl,-27.55,-2755.0,L-Rev|M15|low@3980.30
1782390622817681251,1782390905879657279,1,1,4018.4,4007.6,4007.95,4039.0000000000005,sl,-10.95,-1095.0,L-Rev|M15|high@4017.90
1782400948257387991,1782440389983291504,1,1,4050.5,4024.7,4024.75,4101.7,sl,-25.95,-2595.0,L-Rev|M15|high@4049.90
1782391711698389705,1782441462952243887,1,1,4034.4,4010.7,4010.8500000000004,4081.4999999999995,sl,-23.85,-2385.0,L-Rev|M15|high@4033.90
1782703342923480596,1782707795649942895,1,1,4089.0,4071.5,4071.5750000000003,4123.55,sl,-17.65,-1765.0,L-Rev|M15|high@4088.70
1782741817274211079,1782742547044124211,-1,1,4037.8,4014.25,4050.025,4014.25,tp,23.4,2340.0,L-Rev|M15|low@4038.10
1782779826154533784,1782780969626680500,-1,1,4012.0,3998.55,4018.725,3998.55,tp,13.3,1330.0,L-Rev|H1|low@4012.00
1782779826154533784,1782781596090754163,-1,1,4012.0,3985.0,4025.5,3985.0,tp,26.85,2685.0,L-Rev|M15|low@4012.00
1782801318122884844,1782801397599103142,1,1,4046.9,4039.9,4039.925,4060.8499999999995,sl,-7.15,-715.0,L-Rev|M15|high@4046.70
1782801148554867977,1782824294227197027,1,1,4037.6,4022.0,4022.025,4068.15,sl,-15.75,-1575.0,L-Rev|M15|high@4036.70
1782824151523948453,1782824869293319766,-1,1,4025.8,4033.9,4033.85,4010.0,sl,-8.25,-825.0,L-Rev|M15|low@4025.90
1782828559733349895,1782829420828796015,1,1,4052.3,4073.3500000000004,4041.6250000000005,4073.3500000000004,tp,20.9,2090.0,L-Rev|M15|high@4051.80
1782829268472448995,1782831722738291831,1,1,4067.4,4050.3,4050.3749999999995,4101.45,sl,-17.25,-1725.0,L-Rev|M15|high@4067.00
1782828559802829676,1782839629620666348,1,1,4053.1,4034.7,4034.7749999999996,4088.550000000001,sl,-18.55,-1855.0,L-Rev|M15|high@4051.40
1782848885083774576,1782852940163363241,-1,1,4034.8,4023.0500000000006,4040.825,4023.0500000000006,tp,11.6,1160.0,L-Rev|M15|low@4034.90
1782852940994956985,1782886038400048756,-1,1,4022.1,3978.6,4043.85,3978.6,tp,43.35,4335.0,L-Rev|M15|low@4022.10
1782906632084544038,1782907318500505892,1,1,4049.2,4043.2,4043.275,4061.0499999999993,sl,-6.15,-615.0,L-Rev|M15|high@4048.70
1782913137742743730,1782913221556682697,1,1,4078.4,4092.05,4071.5750000000003,4092.05,tp,13.5,1350.0,L-Rev|H1|high@4078.10
1782913137742743730,1782913490594070496,1,1,4078.4,4110.950000000001,4062.125,4110.950000000001,tp,32.4,3240.0,L-Rev|M15|high@4078.10
1782964166324188545,1782970401346026940,1,1,4080.9,4066.0,4066.0750000000003,4109.950000000001,sl,-15.05,-1505.0,L-Rev|M15|high@4080.50
1782972142308561441,1782976995299276273,1,1,4087.2,4076.1,4076.3999999999996,4107.0,sl,-11.25,-1125.0,L-Rev|M15|high@4086.30
1783084151533592380,1783087739130197526,-1,1,4180.6,4169.299999999999,4186.4,4169.299999999999,tp,11.15,1115.0,L-Rev|M15|low@4180.70
1783087634536389390,1783090992633959318,-1,1,4173.1,4184.1,4184.025000000001,4152.75,sl,-11.15,-1115.0,L-Rev|M15|low@4173.60
1783302491366700209,1783303626978450223,1,1,4214.4,4191.7,4191.85,4258.9000000000015,sl,-22.85,-2285.0,L-Rev|M15|high@4214.10
1783314212998523277,1783323927064453252,-1,1,4167.7,4177.1,4177.05,4149.0,sl,-9.55,-955.0,L-Rev|H1|low@4167.70
1783305345130122239,1783387669156501985,-1,1,4182.3,4140.1,4203.549999999999,4140.1,tp,42.05,4205.0,L-Rev|M15|low@4182.40
1783387669156501985,1783387820824907627,-1,1,4139.7,4146.7,4146.55,4128.700000000001,sl,-7.15,-715.0,L-Rev|H1|low@4140.60
1783387669156501985,1783388675068449859,-1,1,4139.7,4153.5,4153.5,4114.800000000001,sl,-13.95,-1395.0,L-Rev|M15|low@4140.60
1783423115375613462,1783426193262471380,1,1,4151.4,4182.799999999999,4135.549999999999,4182.799999999999,tp,31.25,3125.0,L-Rev|M15|high@4150.90
1783426182687010948,1783427210859650100,1,1,4180.0,4174.3,4174.424999999999,4190.25,sl,-5.85,-585.0,L-Rev|H1|high@4179.60
1783426182687010948,1783427776425233589,1,1,4180.0,4174.1,4174.125,4191.449999999999,sl,-6.05,-605.0,L-Rev|M15|high@4179.60
1783426182687010948,1783427837554010686,1,1,4180.0,4173.6,4173.775,4192.450000000001,sl,-6.55,-655.0,L-Rev|M15|high@4179.50
1783450154662231881,1783451233977939973,-1,1,4146.9,4127.999999999999,4156.35,4127.999999999999,tp,18.75,1875.0,L-Rev|M15|low@4146.90
1783451233977939973,1783451707903400934,-1,1,4127.0,4113.45,4134.825,4113.45,tp,13.4,1340.0,L-Rev|H1|low@4127.70
1783450866312289177,1783451711117375549,-1,1,4130.6,4113.050000000001,4139.375,4113.050000000001,tp,17.4,1740.0,L-Rev|M15|low@4130.60
1783451233977939973,1783451766809665774,-1,1,4127.0,4107.6,4137.75,4107.6,tp,19.25,1925.0,L-Rev|M15|low@4127.70
1783479712608614481,1783498613736357289,1,1,4137.4,4118.3,4118.475000000001,4174.950000000001,sl,-19.25,-1925.0,L-Rev|M15|high@4137.10
1783498677616129477,1783499794638692766,-1,1,4102.3,4084.5499999999997,4111.775,4084.5499999999997,tp,17.6,1760.0,L-Rev|H1|low@4102.70
1783498677616129477,1783499971622895251,-1,1,4102.3,4078.1000000000004,4115.0,4078.1000000000004,tp,24.05,2405.0,L-Rev|M15|low@4102.70
1783521825867723330,1783529028954140195,-1,1,4047.7,4063.2,4063.2,4023.6000000000004,sl,-15.65,-1565.0,L-Rev|M15|low@4050.00
1783536391190600699,1783559029468910222,1,1,4097.3,4075.8,4075.8,4139.700000000001,sl,-21.65,-2165.0,L-Rev|M15|high@4096.80
1783576819636079294,1783580384554608169,1,1,4102.6,4116.65,4094.3750000000005,4116.65,tp,13.9,1390.0,L-Rev|H1|high@4101.60
1783576819636079294,1783585272421282553,1,1,4102.6,4123.35,4091.625000000001,4123.35,tp,20.6,2060.0,L-Rev|M15|high@4101.60
1783576817566016721,1783598926221771147,1,1,4099.4,4127.9,4085.1499999999996,4127.9,tp,28.35,2835.0,L-Rev|M15|high@4099.10
1783598926196410567,1783599549307988560,1,1,4127.8,4118.4,4118.525,4145.75,sl,-9.55,-955.0,L-Rev|M15|high@4127.40
1783605941747845057,1783606218577329549,1,1,4145.3,4135.5,4135.525,4164.550000000001,sl,-9.95,-995.0,L-Rev|M15|high@4144.70
1783614756070949777,1783616391022603236,1,1,4147.8,4137.8,4137.874999999998,4167.349999999999,sl,-10.15,-1015.0,L-Rev|M15|high@4147.40
1783643078834099572,1783644313501288230,-1,1,4128.3,4133.8,4133.699999999999,4117.500000000002,sl,-5.65,-565.0,L-Rev|M15|low@4128.30
1783690021350125871,1783691027295005054,-1,1,4102.6,4110.3,4110.275,4088.4500000000003,sl,-7.85,-785.0,L-Rev|M15|low@4103.00
1783690021350125871,1783693721293068396,-1,1,4102.6,4117.5,4117.05,4074.3,sl,-15.05,-1505.0,L-Rev|M15|low@4102.80
1783911988703492655,1783930959881323878,-1,1,4069.4,4087.5,4087.4,4033.4,sl,-18.25,-1825.0,L-Rev|M15|low@4069.40
1783930266971936474,1783939315953477182,1,1,4081.4,4063.0,4063.45,4117.0,sl,-18.55,-1855.0,L-Rev|M15|high@4080.90
1783950678295366366,1783952205562575294,-1,1,4055.0,4027.8499999999995,4068.5750000000003,4027.8499999999995,tp,27.0,2700.0,L-Rev|M15|low@4055.00
1784030602219686500,1784030909941824300,1,1,4040.6,4033.0,4033.0249999999996,4055.7500000000005,sl,-7.75,-775.0,L-Rev|M15|high@4040.40
1784079340045588196,1784092292996341886,-1,1,4052.7,4032.9,4062.5999999999995,4032.9,tp,19.65,1965.0,L-Rev|M15|low@4052.70
1784115690291516565,1784119075649754685,1,1,4045.0,4070.6999999999994,4032.0,4070.6999999999994,tp,25.55,2555.0,L-Rev|M15|high@4044.70
1784119020072542441,1784128370187552255,1,1,4068.8,4057.0,4057.175,4092.0499999999993,sl,-11.95,-1195.0,L-Rev|M15|high@4068.60
1784140194954336767,1784141832330857700,1,1,4081.2,4066.7,4066.7,4109.9,sl,-14.65,-1465.0,L-Rev|M15|high@4080.70
1784183705007136067,1784188927444908358,-1,1,4029.4,4037.7,4037.65,4012.9,sl,-8.45,-845.0,L-Rev|M15|low@4029.40
1784201143459895351,1784201762565045398,-1,1,4027.7,4036.3,4036.2499999999995,4010.6000000000004,sl,-8.75,-875.0,L-Rev|M15|low@4027.70
1784202381200067217,1784202595494366167,1,1,4043.5,4036.8,4036.9750000000004,4056.5499999999997,sl,-6.85,-685.0,L-Rev|M15|high@4043.20
1784230524449024435,1784246393841537951,-1,1,3977.1,3989.7,3998.025,3935.25,manual,-12.75,-1275.0,L-Rev|M15|low@3977.10
