entry_time,exit_time,seg,tf,dir,level,entry,sl,tp,exit,reason,pnl,pnl_net,mtr,sld,wait_h,trend_h4
2025-12-29 07:00:06.371284154,2025-12-29 13:47:24.176992316,GCG6,M15,-1,4490.3,4489.4,4515.725,4439.45,4439.45,tp,49.95,49.8,16.95,25.425,4.2518,1.0
2025-12-29 11:40:11.724788496,2025-12-29 12:38:24.224960721,GCG6,M15,-1,4463.3,4463.0,4479.425,4431.05,4479.7,sl,-16.7,-16.85,10.75,16.125,2.4199,-1.0
2025-12-30 07:49:29.902522982,2025-12-30 08:02:01.090910307,GCG6,M15,1,4394.7,4395.0,4383.3,4418.4,4383.2,sl,-11.8,-11.95,7.8,11.7,0.075,-1.0
2025-12-30 10:30:09.993771596,2025-12-30 14:41:19.763799937,GCG6,M15,1,4398.5,4398.9,4382.375,4431.65,4380.4,sl,-18.5,-18.65,10.95,16.425,0.5028,-1.0
2025-12-30 19:47:32.919127498,2025-12-31 05:40:31.289407220,GCG6,M15,-1,4370.5,4370.5,4389.55,4332.4,4332.4,tp,38.1,37.95,12.7,19.05,2.7925,-1.0
2025-12-30 19:48:50.261205862,2025-12-30 23:35:15.780752345,GCG6,M15,-1,4366.6,4366.6,4379.575,4340.65,4340.65,tp,25.95,25.8,8.65,12.975,9.064,-1.0
2025-12-30 23:35:15.782788338,2025-12-30 23:37:02.097538681,GCG6,M15,-1,4338.8,4338.0,4352.6,4311.2,4352.6,sl,-14.6,-14.75,9.2,13.8,22.0877,-1.0
2025-12-31 12:24:53.619493420,2025-12-31 13:22:57.988387857,GCG6,M15,-1,4315.5,4315.5,4334.625,4277.25,4335.1,sl,-19.6,-19.75,12.75,19.125,1.4149,-1.0
2025-12-31 13:46:02.285308013,2025-12-31 16:45:33.325346919,GCG6,M15,1,4349.0,4349.3,4332.35,4383.2,4332.3,sl,-17.0,-17.15,11.3,16.95,2.0173,-1.0
2025-12-31 13:46:02.285308013,2025-12-31 16:39:27.265369646,GCG6,M15,1,4349.0,4349.3,4335.125,4377.65,4335.1,sl,-14.2,-14.35,9.45,14.175,1.7673,-1.0
2026-01-02 00:56:57.495284852,2026-01-02 01:08:59.890978348,GCG6,H1,1,4367.8,4368.0,4358.8,4386.4,4358.8,sl,-9.2,-9.35,18.4,9.2,0.9493,-1.0
2026-01-02 00:56:57.499920995,2026-01-02 08:46:14.149013903,GCG6,M15,1,4367.8,4368.4,4350.425,4403.75,4403.75,tp,35.35,35.2,11.85,17.775,31.9493,-1.0
2026-01-05 14:55:00.089421812,2026-01-06 01:03:01.280496318,GCG6,M15,1,4451.7,4452.3,4440.3,4475.4,4440.2,sl,-12.1,-12.25,7.8,11.7,1.9167,1.0
2026-01-05 23:00:49.605442140,2026-01-05 23:32:19.988535946,GCG6,M15,1,4461.0,4461.4,4452.375,4479.15,4452.0,sl,-9.4,-9.55,5.95,8.925,1.7638,1.0
2026-01-05 23:09:49.166966431,2026-01-05 23:32:31.588607394,GCG6,M15,1,4467.6,4468.0,4450.5,4502.7,4450.3,sl,-17.7,-17.85,11.6,17.4,5.9137,1.0
2026-01-06 00:40:27.460848480,2026-01-06 01:15:14.185842359,GCG6,M15,-1,4443.2,4443.1,4453.1,4423.4,4453.2,sl,-10.1,-10.25,6.6,9.9,5.4243,1.0
2026-01-06 02:30:01.232158157,2026-01-06 02:40:04.927557767,GCG6,M15,1,4471.6,4471.9,4461.775,4492.15,4461.6,sl,-10.3,-10.45,6.75,10.125,1.2503,1.0
2026-01-06 08:27:19.129533963,2026-01-06 08:41:18.239628653,GCG6,M15,1,4485.2,4485.6,4475.7,4505.4,4475.5,sl,-10.1,-10.25,6.6,9.9,0.7053,1.0
2026-01-06 09:47:10.746293165,2026-01-06 11:33:51.848706741,GCG6,M15,-1,4460.2,4459.9,4469.725,4441.15,4469.9,sl,-10.0,-10.15,6.35,9.525,1.7863,1.0
2026-01-06 14:33:03.395906052,2026-01-07 01:57:10.599406216,GCG6,M15,1,4486.0,4486.3,4472.55,4513.5,4472.5,sl,-13.8,-13.95,9.1,13.65,4.0509,1.0
2026-01-06 17:55:37.828859830,2026-01-06 19:17:42.792648062,GCG6,M15,1,4501.8,4502.4,4488.2,4529.6,4488.2,sl,-14.2,-14.35,9.2,13.8,0.6772,1.0
2026-01-06 20:57:30.997153185,2026-01-07 00:53:34.435046785,GCG6,M15,1,4504.6,4504.9,4495.05,4524.3,4495.0,sl,-9.9,-10.05,6.5,9.75,0.4586,1.0
2026-01-07 01:06:49.906174195,2026-01-07 05:33:00.114038735,GCG6,M15,-1,4488.0,4488.0,4497.6,4468.8,4468.8,tp,19.2,19.05,6.4,9.6,3.6139,1.0
2026-01-07 05:33:00.081561917,2026-01-07 05:48:12.084717270,GCG6,M15,-1,4470.1,4469.4,4478.275,4453.75,4453.75,tp,15.65,15.5,5.45,8.175,1.3,1.0
2026-01-07 05:34:09.190681193,2026-01-07 08:39:02.426787125,GCG6,M15,-1,4464.1,4464.1,4481.65,4429.0,4481.7,sl,-17.6,-17.75,11.7,17.55,13.5692,1.0
2026-01-07 06:46:06.670595682,2026-01-07 07:19:30.809244273,GCG6,M15,-1,4452.5,4452.5,4461.875,4433.75,4462.0,sl,-9.5,-9.65,6.25,9.375,18.5185,1.0
2026-01-07 06:46:06.670595682,2026-01-07 06:52:30.793629072,GCG6,H1,-1,4452.5,4452.5,4460.95,4435.6,4461.0,sl,-8.5,-8.65,16.9,8.45,11.7685,1.0
2026-01-07 12:18:53.520056699,2026-01-07 12:30:49.936275816,GCG6,M15,-1,4451.5,4451.5,4461.775,4430.95,4461.8,sl,-10.3,-10.45,6.85,10.275,3.3149,1.0
2026-01-07 13:09:53.837566202,2026-01-07 13:11:07.737825037,GCG6,H1,-1,4437.9,4437.7,4445.2,4423.3,4445.2,sl,-7.5,-7.65,14.6,7.3,27.165,1.0
2026-01-07 13:09:53.837566202,2026-01-07 13:27:28.230478305,GCG6,M15,-1,4437.9,4437.7,4455.3,4403.1,4455.3,sl,-17.6,-17.75,11.6,17.4,33.915,1.0
2026-01-08 01:00:33.293391357,2026-01-08 01:05:40.217979776,GCG6,M15,-1,4455.0,4455.0,4463.85,4437.3,4463.9,sl,-8.9,-9.05,5.9,8.85,3.5092,1.0
2026-01-08 05:16:32.856248742,2026-01-08 06:31:48.128026561,GCG6,H1,-1,4432.9,4432.4,4439.0,4420.7,4439.0,sl,-6.6,-6.75,12.2,6.1,4.2758,1.0
2026-01-08 05:16:32.856248742,2026-01-08 07:09:06.222482322,GCG6,M15,-1,4432.9,4432.4,4446.925,4404.85,4447.0,sl,-14.6,-14.75,9.35,14.025,11.7758,1.0
2026-01-08 12:00:48.026507249,2026-01-08 12:39:33.701382395,GCG6,M15,-1,4427.4,4427.3,4435.575,4411.05,4435.7,sl,-8.4,-8.55,5.45,8.175,1.2633,-1.0
2026-01-08 12:04:50.949985194,2026-01-08 13:22:42.116643855,GCG6,M15,-1,4423.6,4423.3,4439.5,4391.8,4439.5,sl,-16.2,-16.35,10.6,15.9,4.3308,-1.0
2026-01-08 12:04:50.949985194,2026-01-08 12:41:39.983689859,GCG6,M15,-1,4423.6,4423.3,4437.25,4396.3,4437.3,sl,-14.0,-14.15,9.1,13.65,4.0808,-1.0
2026-01-08 15:05:57.337881708,2026-01-08 16:34:08.460716073,GCG6,M15,1,4448.4,4448.7,4437.75,4470.6,4470.6,tp,21.9,21.75,7.3,10.95,5.8493,-1.0
2026-01-08 17:02:06.054619580,2026-01-08 18:12:27.408408934,GCG6,M15,1,4475.2,4475.7,4461.5,4503.8,4461.5,sl,-14.2,-14.35,9.4,14.1,14.535,1.0
2026-01-08 20:25:40.241566109,2026-01-09 01:05:32.570521537,GCG6,M15,1,4475.8,4476.2,4467.175,4493.95,4467.0,sl,-9.2,-9.35,5.95,8.925,1.1778,-1.0
2026-01-08 20:27:01.989777947,2026-01-09 01:04:43.520931567,GCG6,M15,1,4478.4,4478.7,4468.125,4499.85,4468.0,sl,-10.7,-10.85,7.05,10.575,25.4506,1.0
2026-01-08 20:31:43.057755284,2026-01-09 00:25:33.231178539,GCG6,M15,1,4485.0,4485.2,4476.425,4502.75,4476.4,sl,-8.8,-8.95,5.85,8.775,33.7786,1.0
2026-01-09 09:20:23.354562106,2026-01-09 09:54:09.071222480,GCG6,M15,1,4486.0,4486.5,4479.5,4500.2,4479.5,sl,-7.0,-7.15,4.6,6.9,0.3398,1.0
2026-01-09 12:00:41.798362708,2026-01-09 12:21:05.085767277,GCG6,M15,1,4486.4,4486.6,4479.7,4500.4,4479.7,sl,-6.9,-7.05,4.6,6.9,0.5116,1.0
2026-01-09 12:33:04.440487721,2026-01-09 13:05:19.123823636,GCG6,M15,-1,4472.8,4472.8,4479.625,4459.15,4479.8,sl,-7.0,-7.15,4.55,6.825,1.5512,1.0
2026-01-09 13:32:37.910277896,2026-01-09 13:36:40.663635072,GCG6,H1,1,4493.7,4494.0,4488.125,4505.45,4488.1,sl,-5.9,-6.05,11.55,5.775,5.5439,1.0
2026-01-09 13:32:37.910277896,2026-01-09 15:21:05.731640129,GCG6,M15,1,4493.7,4494.0,4485.975,4510.05,4510.05,tp,16.05,15.9,5.35,8.025,12.2939,1.0
2026-01-09 15:21:26.550970393,2026-01-09 17:54:04.379010192,GCG6,H4,1,4512.4,4512.6,4497.575,4542.65,4497.5,sl,-15.1,-15.25,30.05,15.025,31.3574,-1.0
2026-01-12 13:07:49.294584665,2026-01-12 13:50:56.445311177,GCG6,M15,1,4609.6,4610.0,4601.8,4626.1,4626.1,tp,16.1,15.95,5.4,8.1,1.6304,1.0
2026-01-12 13:08:15.274302581,2026-01-12 23:12:10.365104392,GCG6,M15,1,4612.7,4613.0,4593.175,4652.35,4593.0,sl,-20.0,-20.15,13.15,19.725,10.1376,1.0
2026-01-12 13:08:15.274302581,2026-01-12 13:54:28.678511853,GCG6,H1,1,4612.7,4613.0,4604.725,4629.55,4629.55,tp,16.55,16.4,16.55,8.275,4.1376,1.0
2026-01-12 23:12:14.565578215,2026-01-12 23:51:18.654455835,GCG6,M15,-1,4587.6,4587.5,4599.6,4563.6,4599.6,sl,-12.1,-12.25,8.0,12.0,8.954,1.0
2026-01-13 01:31:52.289478684,2026-01-13 02:07:32.269214219,GCG6,M15,-1,4586.4,4586.4,4597.875,4563.45,4597.9,sl,-11.5,-11.65,7.65,11.475,0.2812,1.0
2026-01-13 06:41:45.309740902,2026-01-13 08:06:17.796645589,GCG6,M15,-1,4584.3,4584.2,4595.85,4561.2,4595.9,sl,-11.7,-11.85,7.7,11.55,2.9459,1.0
2026-01-13 13:08:13.083923975,2026-01-13 13:30:30.757442306,GCG6,M15,1,4605.4,4605.7,4597.075,4622.95,4622.95,tp,17.25,17.1,5.75,8.625,2.387,1.0
2026-01-13 13:12:50.653034626,2026-01-13 14:44:35.510555887,GCG6,M15,1,4611.2,4611.5,4600.475,4633.55,4633.55,tp,22.05,21.9,7.35,11.025,5.4641,1.0
2026-01-13 14:47:16.225357702,2026-01-13 15:02:02.693590185,GCG6,M15,1,4640.5,4640.8,4629.575,4662.65,4629.4,sl,-11.4,-11.55,7.35,11.025,20.2878,1.0
2026-01-13 14:47:16.237353090,2026-01-13 14:54:40.845774688,GCG6,H1,1,4640.5,4640.9,4632.45,4657.8,4632.4,sl,-8.5,-8.65,16.9,8.45,12.7878,1.0
2026-01-13 20:32:15.315655946,2026-01-13 23:15:24.282044184,GCG6,M15,-1,4589.5,4589.5,4603.825,4560.85,4603.9,sl,-14.4,-14.55,9.55,14.325,0.0376,1.0
2026-01-13 20:33:49.472375891,2026-01-13 23:07:47.759492973,GCG6,M15,-1,4586.2,4586.1,4601.35,4555.9,4601.7,sl,-15.6,-15.75,10.1,15.15,6.0637,1.0
2026-01-13 20:34:11.568898589,2026-01-13 20:40:19.550945182,GCG6,H1,-1,4582.8,4582.5,4589.7,4569.0,4590.0,sl,-7.5,-7.65,13.8,6.9,5.5699,1.0
2026-01-13 20:34:11.568898589,2026-01-13 20:43:20.205854952,GCG6,M15,-1,4582.8,4582.5,4594.2,4560.0,4594.3,sl,-11.8,-11.95,7.6,11.4,11.8199,1.0
2026-01-14 05:01:58.435593774,2026-01-14 14:39:57.183697012,GCG6,M15,1,4644.0,4644.6,4624.125,4684.65,4624.1,sl,-20.5,-20.65,13.45,20.175,12.0329,1.0
2026-01-14 05:01:58.435593774,2026-01-14 05:57:30.765388984,GCG6,H1,1,4644.0,4644.6,4630.6,4672.0,4630.5,sl,-14.1,-14.25,27.6,13.8,5.0329,1.0
2026-01-14 12:59:02.880220271,2026-01-14 13:14:05.597823589,GCG6,M15,1,4647.6,4648.5,4636.5,4670.7,4636.5,sl,-12.0,-12.15,7.6,11.4,5.2341,1.0
2026-01-14 14:39:56.444813100,2026-01-14 18:19:03.655748813,GCG6,M15,-1,4624.7,4624.7,4635.35,4603.4,4635.4,sl,-10.7,-10.85,7.1,10.65,6.6657,1.0
2026-01-14 23:41:09.811277173,2026-01-15 00:04:17.386949234,GCG6,M15,-1,4607.7,4607.7,4621.05,4581.0,4621.1,sl,-13.4,-13.55,8.9,13.35,3.9361,1.0
2026-01-15 01:24:15.491592747,2026-01-15 10:24:35.399504685,GCG6,M15,-1,4605.9,4605.6,4619.85,4578.0,4620.0,sl,-14.4,-14.55,9.3,13.95,8.1543,1.0
2026-01-15 01:24:15.491592747,2026-01-15 01:32:06.908942443,GCG6,H1,-1,4605.9,4605.6,4614.625,4588.45,4588.45,tp,17.15,17.0,17.45,8.725,0.4043,1.0
2026-01-15 10:12:33.975739967,2026-01-15 13:19:11.112074851,GCG6,M15,1,4618.0,4618.2,4609.5,4635.6,4609.4,sl,-8.8,-8.95,5.8,8.7,0.7094,-1.0
2026-01-15 13:47:39.090989632,2026-01-15 13:50:24.577962315,GCG6,M15,-1,4584.5,4584.4,4595.45,4562.6,4595.5,sl,-11.1,-11.25,7.3,10.95,8.0442,-1.0
2026-01-15 13:47:39.090989632,2026-01-15 13:48:16.523771659,GCG6,H1,-1,4584.5,4584.4,4591.275,4570.95,4591.4,sl,-7.0,-7.15,13.55,6.775,1.7942,1.0
2026-01-15 16:11:54.949627056,2026-01-15 16:25:13.183716509,GCG6,M15,1,4627.0,4627.5,4618.75,4644.4,4618.7,sl,-8.8,-8.95,5.7,8.55,2.4486,1.0
2026-01-16 00:46:35.380238407,2026-01-16 05:47:06.936312198,GCG6,M15,-1,4604.2,4604.2,4612.975,4586.65,4613.0,sl,-8.8,-8.95,5.85,8.775,1.2765,1.0
2026-01-16 11:46:09.595798463,2026-01-16 12:51:33.382906729,GCG6,M15,1,4620.2,4620.3,4606.275,4648.35,4606.2,sl,-14.1,-14.25,9.35,14.025,3.7693,-1.0
2026-01-16 13:16:42.902190760,2026-01-16 14:00:02.855567406,GCG6,M15,-1,4597.1,4597.1,4607.075,4577.15,4607.1,sl,-10.0,-10.15,6.65,9.975,4.2786,-1.0
2026-01-16 13:16:45.460985871,2026-01-16 13:34:28.029842319,GCG6,H1,-1,4594.6,4594.6,4600.275,4583.25,4600.7,sl,-6.1,-6.25,11.35,5.675,2.2793,-1.0
2026-01-16 13:16:45.460985871,2026-01-16 13:35:40.983989467,GCG6,M15,-1,4594.6,4594.6,4601.875,4580.05,4602.0,sl,-7.4,-7.55,4.85,7.275,8.5293,-1.0
2026-01-16 15:05:00.096820156,2026-01-16 15:19:56.709165242,GCG6,M15,1,4620.5,4621.3,4607.975,4646.45,4607.8,sl,-13.5,-13.65,8.55,12.825,1.0834,-1.0
2026-01-16 15:27:02.042442935,2026-01-16 15:29:51.747777088,GCG6,H1,-1,4584.0,4583.5,4591.65,4568.7,4568.7,tp,14.8,14.65,15.3,7.65,17.4506,1.0
2026-01-16 15:27:02.042442935,2026-01-16 15:33:37.306453277,GCG6,M15,-1,4584.0,4583.5,4599.975,4552.05,4552.05,tp,31.45,31.3,10.65,15.975,23.4506,1.0
2026-01-19 15:54:19.911044730,2026-01-19 23:28:01.138754862,GCG6,M15,1,4678.8,4679.1,4671.0,4695.3,4671.0,sl,-8.1,-8.25,5.4,8.1,0.1555,1.0
2026-01-19 18:22:20.129129521,2026-01-19 19:20:54.226949690,GCG6,M15,1,4684.3,4684.7,4675.9,4702.0,4675.8,sl,-8.9,-9.05,5.8,8.7,9.3723,1.0
2026-01-20 04:00:41.267951103,2026-01-20 04:59:13.321318670,GCG6,M15,1,4686.2,4686.5,4678.925,4701.65,4701.65,tp,15.15,15.0,5.05,7.575,4.0115,1.0
2026-01-20 04:42:04.632337869,2026-01-20 09:29:14.443283935,GCG6,M15,1,4698.0,4698.9,4678.425,4738.05,4738.05,tp,39.15,39.0,13.25,19.875,26.9513,1.0
2026-01-20 04:42:04.632337869,2026-01-20 05:34:44.118491190,GCG6,H1,1,4698.0,4698.9,4692.375,4710.15,4710.15,tp,11.25,11.1,11.85,5.925,20.7013,1.0
2026-01-20 13:59:55.334887668,2026-01-20 14:36:05.592668710,GCG6,M15,1,4742.9,4743.7,4734.8,4760.0,4734.6,sl,-9.1,-9.25,5.6,8.4,1.9987,1.0
2026-01-20 16:55:15.776329235,2026-01-21 00:59:00.732629609,GCG6,M15,1,4756.6,4756.9,4738.875,4792.65,4792.65,tp,35.75,35.6,11.95,17.925,0.171,1.0
2026-01-20 23:44:12.967458041,2026-01-21 01:01:10.579588135,GCG6,M15,1,4771.5,4771.8,4761.225,4792.95,4792.95,tp,21.15,21.0,7.05,10.575,2.2369,1.0
2026-01-21 13:37:54.958436858,2026-01-21 14:04:44.886894485,GCG6,M15,1,4879.4,4879.5,4870.2,4898.1,4870.0,sl,-9.5,-9.65,6.2,9.3,1.8819,1.0
2026-01-21 15:19:10.905979695,2026-01-21 15:53:51.624431375,GCG6,M15,-1,4835.2,4835.2,4851.475,4802.65,4852.0,sl,-16.8,-16.95,10.85,16.275,5.8197,1.0
2026-01-22 13:42:49.211065515,2026-01-22 13:52:25.269271445,GCG6,M15,-1,4815.3,4809.6,4823.925,4798.05,4824.0,sl,-14.4,-14.55,5.75,8.625,1.9637,1.0
2026-01-22 14:32:01.885544067,2026-01-22 15:34:22.800054265,GCG6,M15,1,4838.5,4838.8,4825.3,4865.8,4865.8,tp,27.0,26.85,9.0,13.5,0.5339,1.0
2026-01-22 14:32:40.166331119,2026-01-22 15:00:04.535794950,GCG6,M15,1,4841.1,4841.6,4831.9,4860.7,4826.8,sl,-14.8,-14.95,6.4,9.6,4.7945,1.0
2026-01-22 14:33:08.662443742,2026-01-22 17:22:53.987247640,GCG6,M15,1,4842.8,4843.7,4818.8,4891.7,4891.7,tp,48.0,47.85,16.2,24.3,13.5524,1.0
2026-01-22 15:28:59.872246954,2026-01-22 18:50:37.759031902,GCG6,M15,1,4857.2,4857.7,4826.15,4920.2,4920.2,tp,62.5,62.35,20.9,31.35,17.9833,1.0
2026-01-22 16:38:33.865911210,2026-01-22 23:04:00.166898014,GCG6,M15,1,4884.5,4884.7,4851.325,4951.45,4951.45,tp,66.75,66.6,22.25,33.375,24.3927,1.0
2026-01-22 17:22:53.987247640,2026-01-22 21:41:06.355796576,GCG6,M15,1,4891.1,4892.9,4866.775,4940.35,4940.35,tp,47.45,47.3,16.35,24.525,32.8817,1.0
2026-01-22 17:22:53.987247640,2026-01-22 21:42:40.890228609,GCG6,H4,1,4891.1,4892.9,4865.825,4942.55,4942.55,tp,49.65,49.5,51.15,25.575,1.3817,1.0
2026-01-22 17:22:53.987247640,2026-01-22 18:03:13.228395003,GCG6,H1,1,4891.1,4892.9,4882.15,4912.3,4912.3,tp,19.4,19.25,20.1,10.05,26.3817,1.0
2026-01-23 08:18:22.703696418,2026-01-23 08:23:33.723627551,GCG6,M15,-1,4939.5,4939.5,4946.775,4924.95,4924.95,tp,14.55,14.4,4.85,7.275,2.8063,1.0
2026-01-23 16:09:37.307270417,2026-01-25 23:00:00.573549629,GCG6,M15,1,4969.0,4969.2,4958.1,4991.4,4991.4,tp,22.2,22.05,7.4,11.1,8.1604,1.0
2026-01-23 16:09:44.688083550,2026-01-23 16:27:27.119375736,GCG6,H1,1,4970.0,4970.9,4961.775,4987.65,4987.65,tp,16.75,16.6,17.25,8.625,6.1624,1.0
2026-01-23 16:09:44.688083550,2026-01-25 23:00:00.573549629,GCG6,M15,1,4970.0,4970.9,4955.15,5000.6,5000.6,tp,29.7,29.55,10.1,15.15,12.9124,1.0
2026-01-23 19:54:08.379510158,2026-01-23 20:07:07.625442663,GCG6,M15,1,4989.9,4990.4,4977.325,5016.25,4977.3,sl,-13.1,-13.25,8.65,12.975,1.1523,1.0
2026-01-26 06:45:03.785991703,2026-01-26 06:58:24.909972947,GCG6,M15,1,5091.5,5091.9,5076.45,5122.8,5076.4,sl,-15.5,-15.65,10.3,15.45,2.0011,1.0
2026-01-26 13:00:09.581479160,2026-01-26 14:37:54.703993032,GCG6,M15,-1,5073.1,5073.1,5086.9,5045.5,5086.9,sl,-13.8,-13.95,9.2,13.8,1.0027,1.0
2026-01-26 16:03:15.221968563,2026-01-26 16:28:50.766379224,GCG6,M15,1,5095.4,5095.9,5075.5,5135.8,5075.4,sl,-20.5,-20.65,13.4,20.1,1.5542,1.0
2026-01-26 16:03:32.284717370,2026-01-26 16:27:55.569093814,GCG6,M15,1,5097.4,5097.7,5082.7,5127.7,5082.4,sl,-15.3,-15.45,10.0,15.0,4.309,1.0
2026-01-26 19:02:08.420568006,2026-01-26 19:48:28.714501493,GCG6,M15,-1,5052.0,5051.7,5075.475,5005.05,5005.05,tp,46.65,46.5,15.65,23.475,3.2857,1.0
2026-01-26 19:02:10.606067411,2026-01-26 21:32:23.123647110,GCG6,M15,-1,5049.7,5048.5,5074.375,5000.35,5000.35,tp,48.15,48.0,16.45,24.675,11.5363,1.0
2026-01-27 05:47:36.157121813,2026-01-27 14:05:43.134224954,GCG6,M15,1,5074.8,5075.6,5057.575,5110.45,5057.5,sl,-18.1,-18.25,11.75,17.625,0.7934,1.0
2026-01-27 11:51:24.697863287,2026-01-27 12:32:17.507886216,GCG6,M15,-1,5068.5,5068.5,5080.95,5043.6,5081.0,sl,-12.5,-12.65,8.3,12.45,1.1069,1.0
2026-01-27 14:05:28.233082350,2026-01-27 15:37:16.976253646,GCG6,M15,-1,5062.2,5062.2,5081.475,5023.65,5081.6,sl,-19.4,-19.55,12.85,19.275,0.0912,1.0
2026-01-27 14:13:22.913040808,2026-01-27 14:33:20.480188540,GCG6,M15,-1,5051.9,5051.9,5068.025,5019.65,5068.1,sl,-16.2,-16.35,10.75,16.125,6.973,1.0
2026-01-27 16:11:05.624817673,2026-01-27 20:46:19.539482273,GCG6,M15,1,5089.4,5089.9,5057.675,5153.75,5153.75,tp,63.85,63.7,21.35,32.025,0.6849,1.0
2026-01-27 16:18:39.112500185,2026-01-27 16:43:20.516243291,GCG6,M15,1,5096.3,5096.7,5086.2,5117.7,5086.2,sl,-10.5,-10.65,7.0,10.5,4.3109,1.0
2026-01-27 16:18:39.331263786,2026-01-27 16:35:32.733028359,GCG6,H1,1,5097.3,5097.7,5087.1,5118.9,5087.1,sl,-10.6,-10.75,21.2,10.6,0.3109,1.0
2026-01-27 16:18:39.331263786,2026-01-27 16:43:42.237126602,GCG6,M15,1,5097.3,5097.7,5082.975,5126.85,5082.8,sl,-14.9,-15.05,9.75,14.625,6.5609,1.0
2026-01-27 20:03:00.983372455,2026-01-27 20:10:48.758653166,GCG6,M15,1,5100.3,5101.8,5083.4,5134.7,5134.7,tp,32.9,32.75,11.4,17.1,1.5503,1.0
2026-01-27 20:03:02.015445240,2026-01-27 20:46:37.392864286,GCG6,M15,1,5103.0,5103.5,5077.925,5154.65,5154.65,tp,51.15,51.0,17.05,25.575,25.8006,1.0
2026-01-27 20:03:02.460710470,2026-01-27 20:20:41.877834216,GCG6,H1,1,5103.0,5103.6,5081.625,5147.55,5147.55,tp,43.95,43.8,43.95,21.975,18.0507,1.0
2026-01-29 15:26:31.822939081,2026-01-29 15:26:49.960357790,GCG6,M15,-1,5265.1,5251.0,5307.025,5181.25,5360.0,sl,-109.0,-109.15,27.95,41.925,18.1922,1.0
2026-02-02 05:44:18.556018485,2026-02-02 09:26:18.471956237,GCJ6,M15,-1,4604.3,4601.6,4695.95,4421.0,4696.8,sl,-95.2,-95.35,61.1,91.65,2.4885,-1.0
2026-02-03 06:20:02.479583946,2026-02-03 16:16:21.536699751,GCJ6,M15,1,4882.0,4883.9,4833.0,4981.5,4981.5,tp,97.6,97.45,33.0,49.5,2.584,-1.0
2026-02-03 13:46:20.390753663,2026-02-03 14:00:34.465033983,GCJ6,M15,1,4975.5,4976.3,4946.0,5036.9,4945.3,sl,-31.0,-31.15,20.2,30.3,3.0223,-1.0
2026-02-03 18:32:31.909185794,2026-02-03 19:38:00.350346523,GCJ6,M15,-1,4917.6,4917.6,4960.575,4831.65,4961.3,sl,-43.7,-43.85,28.65,42.975,1.7922,-1.0
2026-02-03 19:06:22.919986852,2026-02-03 19:15:06.136183827,GCJ6,M15,-1,4905.2,4905.1,4941.575,4832.45,4941.6,sl,-36.5,-36.65,24.25,36.375,5.6064,-1.0
2026-02-04 00:17:48.931694067,2026-02-04 15:31:12.899768036,GCJ6,M15,1,5018.1,5019.0,4963.3,5128.9,4963.0,sl,-56.0,-56.15,36.8,55.2,5.5469,-1.0
2026-02-04 09:32:39.070798127,2026-02-04 14:37:43.814292869,GCJ6,M15,-1,5071.0,5071.0,5097.625,5017.75,5017.75,tp,53.25,53.1,17.75,26.625,1.0442,1.0
2026-02-04 14:32:48.192989677,2026-02-04 15:22:49.850744125,GCJ6,M15,-1,5036.0,5035.5,5065.4,4977.2,4977.2,tp,58.3,58.15,19.6,29.4,1.0467,1.0
2026-02-05 02:47:48.150451039,2026-02-05 02:52:41.064520173,GCJ6,H1,-1,4867.7,4867.7,4889.225,4824.65,4824.65,tp,43.05,42.9,43.05,21.525,0.7967,1.0
2026-02-05 02:47:48.150451039,2026-02-05 05:45:43.380191788,GCJ6,M15,-1,4867.7,4867.7,4920.2,4762.7,4920.3,sl,-52.6,-52.75,35.0,52.5,7.7967,1.0
2026-02-05 12:19:40.717666245,2026-02-05 12:35:12.871819520,GCJ6,M15,-1,4842.0,4842.0,4887.825,4750.35,4888.0,sl,-46.0,-46.15,30.55,45.825,4.578,1.0
2026-02-05 15:47:57.223409409,2026-02-05 16:38:34.628959126,GCJ6,M15,-1,4822.0,4822.0,4882.75,4700.5,4883.2,sl,-61.2,-61.35,40.5,60.75,0.5492,-1.0
2026-02-05 20:55:01.534495194,2026-02-05 23:49:09.581759071,GCJ6,M15,-1,4820.8,4820.7,4861.6,4739.2,4739.2,tp,81.5,81.35,27.2,40.8,2.9171,-1.0
2026-02-06 05:25:26.242962412,2026-02-06 13:01:36.243012039,GCJ6,M15,1,4863.5,4865.0,4827.05,4939.1,4939.1,tp,74.1,73.95,24.9,37.35,0.674,-1.0
2026-02-06 11:01:47.521544127,2026-02-06 14:37:37.662018068,GCJ6,M15,1,4904.5,4905.6,4873.775,4968.95,4968.95,tp,63.35,63.2,21.15,31.725,0.2799,-1.0
2026-02-06 12:07:10.135585114,2026-02-06 15:06:35.030325025,GCJ6,M15,1,4921.6,4922.4,4889.475,4987.35,4987.35,tp,64.95,64.8,21.75,32.625,3.8695,-1.0
2026-02-06 13:00:20.543195159,2026-02-06 18:12:35.012869729,GCJ6,M15,1,4930.0,4931.3,4898.65,4995.4,4995.4,tp,64.1,63.95,21.5,32.25,18.0057,-1.0
2026-02-06 14:37:22.982277721,2026-02-08 23:25:53.089089824,GCJ6,M15,1,4962.0,4963.6,4929.925,5030.95,5030.95,tp,67.35,67.2,22.45,33.675,28.1231,1.0
2026-02-06 17:30:35.851634266,2026-02-08 23:33:00.032137507,GCJ6,M15,1,4988.8,4989.7,4954.575,5059.65,5059.65,tp,69.95,69.8,23.35,35.025,0.26,1.0
2026-02-09 10:27:04.507897123,2026-02-09 11:42:55.405850787,GCJ6,M15,-1,5015.2,5015.2,5033.425,4978.75,5034.2,sl,-19.0,-19.15,12.15,18.225,0.9513,1.0
2026-02-09 15:01:00.998556168,2026-02-09 23:10:00.760476024,GCJ6,M15,1,5062.6,5063.7,5037.975,5115.15,5033.7,sl,-30.0,-30.15,17.15,25.725,3.7669,1.0
2026-02-09 15:33:09.162895493,2026-02-09 23:10:00.737584331,GCJ6,M15,1,5067.6,5068.1,5045.525,5113.25,5042.2,sl,-25.9,-26.05,15.05,22.575,7.3025,1.0
2026-02-09 15:33:09.271806442,2026-02-09 23:10:00.760476024,GCJ6,M15,1,5069.0,5073.0,5037.5,5135.6,5033.7,sl,-39.3,-39.45,21.8,32.7,13.5526,1.0
2026-02-09 15:33:09.271806442,2026-02-09 16:25:51.626192200,GCJ6,H1,1,5069.0,5073.0,5052.55,5103.1,5103.1,tp,30.1,29.95,33.7,16.85,7.5526,1.0
2026-02-09 20:33:09.749294072,2026-02-09 21:14:55.356851154,GCJ6,M15,1,5106.8,5107.5,5087.825,5146.55,5087.5,sl,-20.0,-20.15,13.05,19.575,1.5527,1.0
2026-02-09 23:09:49.911406810,2026-02-09 23:10:10.867096039,GCJ6,M15,-1,5064.4,5062.7,5082.325,5028.55,5028.55,tp,34.15,34.0,11.95,17.925,3.1639,1.0
2026-02-10 08:41:42.302458744,2026-02-10 12:44:47.915461739,GCJ6,M15,1,5068.4,5069.0,5049.85,5106.1,5049.5,sl,-19.5,-19.65,12.5,18.75,0.4451,1.0
2026-02-10 14:16:25.246030575,2026-02-10 14:45:21.724164231,GCJ6,M15,1,5085.3,5086.2,5067.5,5123.3,5067.2,sl,-19.0,-19.15,12.4,18.6,3.0237,1.0
2026-02-10 15:37:13.544029547,2026-02-10 20:48:23.840787258,GCJ6,M15,-1,5042.0,5042.0,5066.225,4993.55,5066.6,sl,-24.6,-24.75,16.15,24.225,0.6204,1.0
2026-02-10 15:37:57.565106309,2026-02-10 17:17:24.829714738,GCJ6,M15,-1,5032.8,5032.6,5054.175,4990.05,5054.4,sl,-21.8,-21.95,14.25,21.375,8.1327,1.0
2026-02-10 20:48:22.885190306,2026-02-10 21:24:19.998559677,GCJ6,M15,1,5064.0,5066.0,5047.45,5098.3,5046.8,sl,-19.2,-19.35,11.3,16.95,0.8064,1.0
2026-02-11 02:01:06.189687735,2026-02-11 02:06:37.900253946,GCJ6,M15,1,5077.4,5078.5,5061.325,5112.85,5061.3,sl,-17.2,-17.35,11.45,17.175,0.5184,1.0
2026-02-11 09:47:10.778840882,2026-02-11 10:44:18.647434922,GCJ6,M15,1,5093.3,5094.2,5080.975,5120.35,5120.35,tp,26.15,26.0,8.75,13.125,0.5363,1.0
2026-02-11 10:41:01.919624140,2026-02-11 12:41:21.039941415,GCJ6,M15,1,5102.7,5107.1,5074.425,5161.05,5072.7,sl,-34.4,-34.55,19.25,28.875,17.9339,1.0
2026-02-11 10:41:01.919624140,2026-02-11 10:44:18.647434922,GCJ6,H1,1,5102.7,5107.1,5091.7,5126.5,5126.5,tp,19.4,19.25,23.2,11.6,10.6839,1.0
2026-02-11 10:44:18.647434922,2026-02-11 11:47:33.441642354,GCJ6,H1,1,5111.1,5112.9,5099.025,5138.25,5138.25,tp,25.35,25.2,26.15,13.075,28.7385,1.0
2026-02-11 10:44:18.647434922,2026-02-11 12:41:19.743369496,GCJ6,H4,1,5111.1,5112.9,5093.45,5148.2,5084.9,sl,-28.0,-28.15,36.5,18.25,2.7385,1.0
2026-02-11 10:44:18.647434922,2026-02-11 12:41:19.743369496,GCJ6,M15,1,5111.1,5112.9,5088.575,5161.25,5084.9,sl,-28.0,-28.15,16.15,24.225,34.9885,1.0
2026-02-12 06:32:16.417394663,2026-02-12 07:08:23.686513672,GCJ6,M15,-1,5072.2,5072.2,5084.575,5047.45,5084.7,sl,-12.5,-12.65,8.25,12.375,0.0379,1.0
2026-02-12 09:50:48.905894895,2026-02-12 10:19:58.974680674,GCJ6,M15,1,5099.3,5100.3,5085.075,5129.85,5085.0,sl,-15.3,-15.45,9.95,14.925,2.5969,1.0
2026-02-12 13:47:30.836778726,2026-02-12 14:04:07.696566325,GCJ6,M15,1,5102.5,5103.3,5093.775,5122.35,5093.7,sl,-9.6,-9.75,6.35,9.525,1.7919,1.0
2026-02-13 11:05:55.772840267,2026-02-13 12:17:34.668043607,GCJ6,M15,-1,4963.2,4962.6,4988.775,4912.05,4989.0,sl,-26.4,-26.55,17.05,25.575,3.0988,-1.0
2026-02-13 18:54:20.143962379,2026-02-15 23:02:05.985046115,GCJ6,M15,1,5056.8,5057.8,5035.775,5100.35,5035.7,sl,-22.1,-22.25,14.35,21.525,0.4056,-1.0
2026-02-16 02:45:11.570277030,2026-02-16 03:49:23.586509453,GCJ6,M15,-1,5018.2,5018.2,5035.675,4983.25,4983.25,tp,34.95,34.8,11.65,17.475,0.5032,-1.0
2026-02-17 00:42:36.973687111,2026-02-17 00:52:31.984814083,GCJ6,M15,-1,4989.1,4988.5,4998.325,4970.65,4970.65,tp,17.85,17.7,6.15,9.225,7.4603,-1.0
2026-02-17 12:15:27.472960885,2026-02-17 13:03:59.862023501,GCJ6,M15,1,4959.5,4961.2,4946.1,4988.4,4946.1,sl,-15.1,-15.25,9.4,14.1,0.0076,-1.0
2026-02-17 13:56:23.899074335,2026-02-17 13:58:29.268487509,GCJ6,M15,-1,4926.3,4924.0,4943.775,4891.35,4891.35,tp,32.65,32.5,11.65,17.475,1.94,-1.0
2026-02-17 14:01:20.846205018,2026-02-17 14:05:57.052826874,GCJ6,M15,-1,4875.2,4875.2,4898.75,4828.1,4898.8,sl,-23.6,-23.75,15.7,23.55,6.2725,-1.0
2026-02-17 14:01:20.846205018,2026-02-17 14:04:13.396085170,GCJ6,H1,-1,4875.2,4875.2,4886.375,4852.85,4886.4,sl,-11.2,-11.35,22.35,11.175,0.0225,-1.0
2026-02-18 03:04:52.579552395,2026-02-18 04:53:05.208110647,GCJ6,M15,1,4931.0,4931.6,4917.125,4960.55,4960.55,tp,28.95,28.8,9.65,14.475,6.0813,-1.0
2026-02-18 12:58:51.129577976,2026-02-18 13:36:38.908395803,GCJ6,M15,1,4961.8,4962.6,4950.675,4986.45,4986.45,tp,23.85,23.7,7.95,11.925,5.9809,-1.0
2026-02-18 12:58:51.236631418,2026-02-18 13:36:35.589497566,GCJ6,M15,1,4962.2,4962.8,4952.375,4983.65,4983.65,tp,20.85,20.7,6.95,10.425,3.4809,-1.0
2026-02-18 12:59:18.243464581,2026-02-18 14:38:46.536141799,GCJ6,M15,1,4964.0,4964.6,4944.25,5005.0,5005.0,tp,40.4,40.25,13.5,20.25,22.4884,-1.0
2026-02-19 06:45:05.718092002,2026-02-19 09:28:37.278337792,GCJ6,H1,1,5031.9,5032.6,5023.425,5050.95,5023.4,sl,-9.2,-9.35,18.35,9.175,4.7516,1.0
2026-02-19 06:45:05.718092002,2026-02-19 09:28:38.246682963,GCJ6,M15,1,5031.9,5032.6,5022.775,5052.25,5022.4,sl,-10.2,-10.35,6.55,9.825,11.7516,1.0
2026-02-19 15:30:50.212969511,2026-02-19 16:05:47.237490693,GCJ6,M15,1,5040.9,5041.5,5024.4,5075.7,5023.1,sl,-18.4,-18.55,11.4,17.1,4.5139,1.0
2026-02-20 03:42:00.109372437,2026-02-20 04:40:53.985247413,GCJ6,M15,-1,5003.5,5003.5,5017.9,4974.7,5018.0,sl,-14.5,-14.65,9.6,14.4,1.45,1.0
2026-02-20 03:42:00.109372437,2026-02-20 04:40:54.621670143,GCJ6,M15,-1,5003.5,5003.5,5019.625,4971.25,5019.7,sl,-16.2,-16.35,10.75,16.125,1.7,1.0
2026-02-20 06:01:02.315022967,2026-02-20 09:06:53.139257247,GCJ6,M15,1,5033.4,5034.4,5022.4,5057.5,5057.5,tp,23.1,22.95,7.8,11.7,2.7673,1.0
2026-02-20 06:25:31.554008138,2026-02-20 07:56:49.223841526,GCJ6,M15,1,5042.8,5043.5,5026.775,5076.05,5026.6,sl,-16.9,-17.05,10.95,16.425,12.6754,1.0
2026-02-20 06:25:31.562222218,2026-02-20 07:03:32.981781440,GCJ6,H1,1,5042.8,5043.9,5034.975,5061.15,5034.9,sl,-9.0,-9.15,17.45,8.725,5.4254,1.0
2026-02-20 15:06:19.286837626,2026-02-20 15:08:20.737059533,GCJ6,M15,-1,5025.7,5025.5,5038.75,4999.6,5039.0,sl,-13.5,-13.65,8.7,13.05,0.3554,1.0
2026-02-23 02:41:38.051989139,2026-02-23 06:45:34.197227584,GCJ6,M15,1,5194.2,5195.3,5167.3,5250.1,5167.3,sl,-28.0,-28.15,18.4,27.6,0.6939,1.0
2026-02-23 14:36:49.387589722,2026-02-23 16:19:12.119371160,GCJ6,M15,1,5198.8,5199.2,5181.35,5234.9,5234.9,tp,35.7,35.55,11.9,17.85,9.8637,1.0
2026-02-23 14:36:49.402607175,2026-02-23 14:45:41.747545147,GCJ6,H1,1,5198.8,5199.4,5190.025,5217.85,5217.85,tp,18.45,18.3,18.55,9.275,3.6137,1.0
2026-02-23 20:03:25.648532888,2026-02-24 01:00:07.643105762,GCJ6,M15,1,5240.9,5241.2,5224.175,5275.25,5224.1,sl,-17.1,-17.25,11.35,17.025,1.5571,1.0
2026-02-24 06:35:06.038789892,2026-02-24 07:17:53.543351634,GCJ6,M15,-1,5181.0,5181.0,5195.7,5151.6,5195.7,sl,-14.7,-14.85,9.8,14.7,0.335,1.0
2026-02-24 12:18:19.261481541,2026-02-24 13:49:59.084781895,GCJ6,M15,-1,5173.6,5173.4,5188.375,5144.05,5144.05,tp,29.35,29.2,9.85,14.775,3.5554,1.0
2026-02-24 12:54:49.316916707,2026-02-24 13:00:30.841137392,GCJ6,H1,-1,5164.1,5164.1,5174.95,5142.4,5175.2,sl,-11.1,-11.25,21.7,10.85,2.9137,1.0
2026-02-24 12:54:49.316916707,2026-02-24 14:13:36.332960051,GCJ6,M15,-1,5164.1,5164.1,5186.675,5118.95,5118.95,tp,45.15,45.0,15.05,22.575,9.4137,1.0
2026-02-24 13:39:42.076598376,2026-02-24 14:13:36.460993368,GCJ6,M15,-1,5161.5,5161.0,5185.05,5114.4,5114.4,tp,46.6,46.45,15.7,23.55,21.4117,1.0
2026-02-24 13:49:59.084781895,2026-02-24 14:13:36.019262337,GCJ6,H1,-1,5142.8,5142.0,5152.95,5122.5,5122.5,tp,19.5,19.35,20.3,10.15,20.8331,1.0
2026-02-24 13:49:59.084781895,2026-02-24 14:13:36.126669351,GCJ6,M15,-1,5142.8,5142.0,5153.45,5121.5,5121.5,tp,20.5,20.35,7.1,10.65,27.0831,1.0
2026-02-24 20:33:44.078804960,2026-02-24 20:55:48.169205343,GCJ6,M15,1,5188.5,5188.6,5176.375,5213.05,5176.1,sl,-12.5,-12.65,8.15,12.225,0.3122,1.0
2026-02-24 21:37:43.819376894,2026-02-25 01:04:00.574691563,GCJ6,M15,-1,5164.2,5163.8,5178.45,5135.7,5178.6,sl,-14.8,-14.95,9.5,14.25,0.1288,1.0
2026-02-25 05:18:20.792762160,2026-02-25 09:03:45.203823613,GCJ6,M15,1,5212.0,5213.0,5198.775,5240.85,5198.7,sl,-14.3,-14.45,9.35,14.025,0.8058,1.0
2026-02-25 15:04:11.774846917,2026-02-25 15:24:08.834081722,GCJ6,M15,1,5216.6,5217.2,5204.675,5242.25,5204.6,sl,-12.6,-12.75,8.35,12.525,4.3199,1.0
2026-02-25 16:46:15.123118919,2026-02-25 19:45:10.430979275,GCJ6,M15,1,5230.0,5230.5,5219.775,5251.95,5218.4,sl,-12.1,-12.25,7.15,10.725,8.7709,1.0
2026-02-25 16:46:15.123118919,2026-02-25 19:45:10.415637376,GCJ6,H1,1,5230.0,5230.5,5220.775,5249.95,5220.3,sl,-10.2,-10.35,19.45,9.725,2.7709,1.0
2026-02-26 04:12:18.802026717,2026-02-26 08:27:12.993317728,GCJ6,M15,1,5213.4,5213.8,5195.65,5250.1,5195.2,sl,-18.6,-18.75,12.1,18.15,0.9552,-1.0
2026-02-26 08:33:59.609436802,2026-02-26 09:48:20.658666999,GCJ6,M15,-1,5188.8,5188.8,5200.575,5165.25,5200.6,sl,-11.8,-11.95,7.85,11.775,3.8166,1.0
2026-02-26 14:30:34.551182879,2026-02-26 14:36:30.925851775,GCJ6,M15,-1,5173.1,5172.9,5189.975,5139.35,5190.1,sl,-17.2,-17.35,11.25,16.875,0.2596,-1.0
2026-02-26 14:30:41.339595013,2026-02-26 14:35:35.124882733,GCJ6,M15,-1,5163.3,5163.0,5184.0,5121.9,5184.4,sl,-21.4,-21.55,13.8,20.7,14.5115,-1.0
2026-02-26 14:30:41.339595013,2026-02-26 14:34:19.301075811,GCJ6,H1,-1,5163.3,5163.0,5174.675,5140.55,5175.0,sl,-12.0,-12.15,22.75,11.375,8.5115,1.0
2026-02-26 15:51:17.212290270,2026-02-26 16:14:03.096766992,GCJ6,M15,1,5204.2,5204.8,5190.2,5233.4,5190.2,sl,-14.6,-14.75,9.6,14.4,0.8548,-1.0
2026-02-26 19:48:08.142827024,2026-02-26 23:02:01.982560583,GCJ6,M15,1,5210.1,5210.6,5194.5,5242.2,5194.3,sl,-16.3,-16.45,10.6,15.9,1.8023,1.0
2026-02-27 05:58:34.409326122,2026-02-27 06:54:30.339841155,GCJ6,M15,1,5216.2,5216.7,5204.775,5239.65,5204.7,sl,-12.0,-12.15,7.75,11.625,1.7262,1.0
2026-02-27 13:07:26.651639335,2026-02-27 13:20:47.603809650,GCJ6,M15,1,5217.5,5218.0,5206.825,5240.35,5240.35,tp,22.35,22.2,7.45,11.175,5.1241,-1.0
2026-02-27 13:07:26.654457171,2026-02-27 13:15:26.454139269,GCJ6,H1,1,5218.2,5219.0,5210.6,5235.2,5235.2,tp,16.2,16.05,16.4,8.2,7.1241,1.0
2026-02-27 13:07:26.654457171,2026-02-27 13:20:50.877668912,GCJ6,M15,1,5218.2,5219.0,5207.175,5242.05,5242.05,tp,23.05,22.9,7.75,11.625,13.1241,1.0
2026-02-27 13:07:39.618784037,2026-02-27 13:21:00.592431522,GCJ6,M15,1,5221.9,5222.5,5211.25,5244.1,5244.1,tp,21.6,21.45,7.3,10.95,29.6277,1.0
2026-02-27 13:15:31.133420490,2026-02-27 16:13:39.311614205,GCJ6,H4,1,5237.3,5237.6,5220.975,5270.85,5270.85,tp,33.25,33.1,33.25,16.625,9.2586,1.0
2026-02-27 13:15:31.143742294,2026-02-27 13:26:53.578778557,GCJ6,H1,1,5237.3,5237.8,5227.375,5258.65,5258.65,tp,20.85,20.7,20.85,10.425,34.2587,-1.0
2026-02-27 15:52:26.208506487,2026-03-01 23:00:00.583907951,GCJ6,M15,1,5259.3,5259.9,5233.1,5313.2,5313.2,tp,53.3,53.15,17.8,26.7,0.3739,1.0
2026-02-27 20:21:57.792450623,2026-03-01 23:00:00.583907951,GCJ6,M15,1,5276.6,5276.7,5262.375,5305.35,5305.35,tp,28.65,28.5,9.55,14.325,1.8661,1.0
2026-03-02 14:09:58.952871194,2026-03-02 14:26:11.694770487,GCJ6,M15,-1,5386.0,5386.0,5414.35,5329.3,5329.3,tp,56.7,56.55,18.9,28.35,0.1664,1.0
2026-03-02 14:25:51.154720615,2026-03-02 16:00:24.638781741,GCJ6,M15,-1,5353.4,5353.1,5374.475,5311.25,5311.25,tp,41.85,41.7,14.05,21.075,6.9309,1.0
2026-03-03 05:48:39.898520616,2026-03-03 06:12:22.601118328,GCJ6,M15,-1,5346.7,5346.0,5362.0,5316.1,5316.1,tp,29.9,29.75,10.2,15.3,1.5611,1.0
2026-03-03 05:49:49.928939363,2026-03-03 09:25:14.457009242,GCJ6,M15,-1,5334.9,5334.8,5356.275,5292.15,5292.15,tp,42.65,42.5,14.25,21.375,4.5805,1.0
2026-03-03 09:25:14.293145858,2026-03-03 11:07:49.993325285,GCJ6,M15,-1,5292.1,5292.1,5321.575,5233.15,5233.15,tp,58.95,58.8,19.65,29.475,1.1706,1.0
2026-03-03 09:25:35.907834018,2026-03-03 09:27:44.063097719,GCJ6,H1,-1,5272.9,5267.0,5286.1,5246.5,5246.5,tp,20.5,20.35,26.4,13.2,7.4266,1.0
2026-03-03 09:25:35.907834018,2026-03-03 11:08:00.031569279,GCJ6,M15,-1,5272.9,5267.0,5307.625,5203.45,5203.45,tp,63.55,63.4,23.15,34.725,15.1766,1.0
2026-03-04 10:08:19.244756555,2026-03-04 12:40:15.412953279,GCJ6,M15,1,5200.7,5201.6,5174.95,5254.6,5173.2,sl,-28.4,-28.55,17.7,26.55,5.8887,-1.0
2026-03-04 14:48:02.425266671,2026-03-05 01:10:10.200537271,GCJ6,M15,-1,5167.9,5167.6,5193.925,5115.85,5194.0,sl,-26.4,-26.55,17.35,26.025,0.0507,-1.0
2026-03-04 18:11:02.616537467,2026-03-04 20:37:54.553844061,GCJ6,M15,-1,5130.0,5130.0,5153.7,5082.6,5154.0,sl,-24.0,-24.15,15.8,23.7,9.9341,-1.0
2026-03-05 13:22:10.776550565,2026-03-05 13:23:16.331876856,GCJ6,M15,-1,5119.4,5111.0,5136.05,5086.1,5086.1,tp,24.9,24.75,11.1,16.65,16.6197,-1.0
2026-03-05 13:22:10.776550565,2026-03-05 13:23:16.331876856,GCJ6,H1,-1,5119.4,5111.0,5129.9,5098.4,5098.4,tp,12.6,12.45,21.0,10.5,9.3697,-1.0
2026-03-06 01:40:23.012828856,2026-03-06 09:36:19.847633014,GCJ6,M15,1,5119.2,5120.4,5096.75,5167.4,5094.0,sl,-26.4,-26.55,15.7,23.55,0.4231,-1.0
2026-03-06 15:01:57.051705866,2026-03-06 16:40:08.106562231,GCJ6,M15,1,5151.3,5151.9,5135.875,5183.35,5135.5,sl,-16.4,-16.55,10.55,15.825,11.0325,-1.0
2026-03-06 15:01:57.193416979,2026-03-06 15:03:03.975884618,GCJ6,H1,1,5151.3,5152.5,5144.175,5168.25,5168.25,tp,15.75,15.6,16.05,8.025,5.0326,-1.0
2026-03-06 19:16:51.147175437,2026-03-08 22:05:09.490871706,GCJ6,M15,1,5182.0,5182.5,5155.25,5236.7,5155.1,sl,-27.4,-27.55,18.1,27.15,1.7809,1.0
2026-03-06 19:17:01.237072334,2026-03-06 20:10:52.683723237,GCJ6,M15,1,5182.7,5183.8,5163.275,5224.25,5163.1,sl,-20.7,-20.85,13.55,20.325,29.0337,-1.0
2026-03-06 21:57:33.745412392,2026-03-08 22:05:08.520109090,GCJ6,M15,1,5183.8,5185.1,5169.575,5213.45,5161.7,sl,-23.4,-23.55,9.75,14.625,0.4594,1.0
2026-03-09 10:51:11.517504632,2026-03-09 12:28:31.398750134,GCJ6,M15,-1,5094.9,5094.8,5115.3,5054.1,5115.5,sl,-20.7,-20.85,13.6,20.4,0.1032,-1.0
2026-03-09 11:20:28.079382253,2026-03-09 12:28:48.516297024,GCJ6,M15,-1,5087.1,5087.0,5116.275,5028.75,5116.3,sl,-29.3,-29.45,19.45,29.175,4.0911,-1.0
2026-03-09 13:42:44.146116335,2026-03-09 14:39:01.111631553,GCJ6,M15,-1,5086.5,5086.5,5104.125,5051.25,5104.2,sl,-17.7,-17.85,11.75,17.625,0.2123,-1.0
2026-03-09 18:36:57.208182239,2026-03-09 22:59:38.729921835,GCJ6,M15,1,5124.7,5125.0,5106.875,5160.65,5160.65,tp,35.65,35.5,11.95,17.925,1.6159,-1.0
2026-03-09 19:19:30.907685513,2026-03-10 01:26:10.623329493,GCJ6,M15,1,5140.5,5141.2,5123.4,5176.5,5176.5,tp,35.3,35.15,11.8,17.7,7.5753,-1.0
2026-03-09 19:20:38.577323538,2026-03-10 01:59:26.260214336,GCJ6,M15,1,5147.6,5148.2,5125.675,5192.95,5192.95,tp,44.75,44.6,14.95,22.425,11.344,-1.0
2026-03-10 08:30:54.369040383,2026-03-10 10:18:53.637326524,GCJ6,M15,1,5195.8,5196.3,5183.4,5222.1,5183.2,sl,-13.1,-13.25,8.6,12.9,4.2651,1.0
2026-03-10 13:00:51.511902995,2026-03-10 13:22:09.395274003,GCJ6,M15,1,5204.0,5204.7,5191.2,5230.8,5230.8,tp,26.1,25.95,8.8,13.2,2.2643,1.0
2026-03-10 15:31:33.255463434,2026-03-10 18:17:16.161845183,GCJ6,M15,1,5238.9,5239.3,5208.55,5300.8,5208.4,sl,-30.9,-31.05,20.5,30.75,0.0259,1.0
2026-03-11 13:01:06.761577792,2026-03-11 14:01:31.476805343,GCJ6,M15,-1,5169.0,5169.0,5191.2,5124.6,5191.3,sl,-22.3,-22.45,14.8,22.2,16.5185,1.0
2026-03-11 13:49:35.930852048,2026-03-11 13:58:45.820526608,GCJ6,M15,-1,5165.6,5165.6,5184.95,5126.9,5185.0,sl,-19.4,-19.55,12.9,19.35,25.0766,1.0
2026-03-12 07:42:13.314788746,2026-03-12 12:21:57.570181066,GCJ6,M15,1,5180.6,5181.1,5170.05,5202.9,5168.4,sl,-12.7,-12.85,7.3,10.95,3.2037,-1.0
2026-03-12 08:01:09.929438226,2026-03-12 11:20:14.488689975,GCJ6,M15,1,5191.5,5192.4,5178.5,5219.9,5178.5,sl,-13.9,-14.05,9.2,13.8,8.7694,1.0
2026-03-12 15:00:53.925987181,2026-03-12 15:11:13.080034693,GCJ6,M15,-1,5142.0,5141.9,5154.3,5117.4,5117.4,tp,24.5,24.35,8.2,12.3,7.515,-1.0
2026-03-12 15:11:02.822041371,2026-03-12 15:53:07.345855151,GCJ6,H1,-1,5130.0,5130.0,5140.7,5108.6,5140.8,sl,-10.8,-10.95,21.4,10.7,6.1841,1.0
2026-03-12 15:11:02.822041371,2026-03-12 19:02:55.406528483,GCJ6,M15,-1,5130.0,5130.0,5149.275,5091.45,5091.45,tp,38.55,38.4,12.85,19.275,12.9341,-1.0
2026-03-12 17:41:55.692420528,2026-03-12 20:30:26.145291947,GCJ6,M15,-1,5114.6,5114.3,5135.375,5073.05,5073.05,tp,41.25,41.1,13.85,20.775,0.4488,-1.0
2026-03-13 14:52:52.336542509,2026-03-13 15:55:01.802459296,GCJ6,M15,-1,5066.0,5065.9,5081.45,5035.1,5035.1,tp,30.8,30.65,10.3,15.45,4.3812,-1.0
2026-03-13 14:55:23.580266082,2026-03-13 14:57:03.363187096,GCJ6,H1,-1,5058.2,5056.9,5066.9,5040.8,5040.8,tp,16.1,15.95,17.4,8.7,8.9232,-1.0
2026-03-13 14:55:23.580266082,2026-03-13 15:12:49.174886923,GCJ6,M15,-1,5058.2,5056.9,5072.0,5030.6,5072.0,sl,-15.1,-15.25,9.2,13.8,15.1732,-1.0
2026-03-16 06:16:00.880864008,2026-03-16 06:48:39.353721813,GCJ6,M15,1,5035.4,5036.4,5013.4,5081.8,5013.0,sl,-23.4,-23.55,15.2,22.8,3.5169,-1.0
2026-03-17 01:50:44.145006109,2026-03-17 05:17:09.646755688,GCJ6,M15,1,5028.0,5028.5,5018.75,5048.0,5048.0,tp,19.5,19.35,6.5,9.75,2.5956,-1.0
2026-03-17 04:44:46.346870435,2026-03-17 06:01:24.674468483,GCJ6,M15,1,5044.5,5044.9,5021.575,5091.55,5021.5,sl,-23.4,-23.55,15.55,23.325,12.4962,-1.0
2026-03-17 04:44:46.351303848,2026-03-17 05:45:45.171766290,GCJ6,H1,1,5044.5,5045.5,5034.575,5066.45,5034.5,sl,-11.0,-11.15,21.25,10.625,4.7462,-1.0
2026-03-17 10:06:47.379789771,2026-03-17 12:21:13.305891813,GCJ6,M15,-1,5009.0,5009.0,5021.15,4984.7,5021.2,sl,-12.2,-12.35,8.1,12.15,1.6132,-1.0
2026-03-17 13:40:08.881492872,2026-03-17 13:51:10.559416523,GCJ6,M15,1,5033.5,5034.2,5022.65,5056.4,5022.4,sl,-11.8,-11.95,7.5,11.25,3.1691,-1.0
2026-03-17 15:35:58.896824627,2026-03-17 16:29:47.850566567,GCJ6,M15,-1,4994.8,4994.1,5009.65,4965.1,5009.9,sl,-15.8,-15.95,9.9,14.85,2.8497,-1.0
2026-03-17 15:41:46.175888222,2026-03-17 15:46:47.673925355,GCJ6,M15,-1,4978.6,4978.0,4995.175,4945.45,4995.2,sl,-17.2,-17.35,11.05,16.575,20.9462,-1.0
2026-03-18 01:52:12.516207813,2026-03-18 02:00:32.769924429,GCJ6,M15,-1,4996.9,4996.8,5004.1,4982.5,5004.2,sl,-7.4,-7.55,4.8,7.2,0.8701,-1.0
2026-03-18 08:45:36.682676459,2026-03-18 09:20:42.441575693,GCJ6,M15,-1,4984.9,4984.5,4996.75,4961.2,4996.9,sl,-12.4,-12.55,7.9,11.85,2.0102,-1.0
2026-03-18 10:35:34.363933629,2026-03-18 11:27:30.070813736,GCJ6,M15,-1,4977.0,4976.3,4988.7,4953.6,4953.6,tp,22.7,22.55,7.8,11.7,16.8429,-1.0
2026-03-18 10:35:34.363933629,2026-03-18 10:35:38.303321853,GCJ6,H1,-1,4977.0,4976.3,4982.575,4965.85,4965.85,tp,10.45,10.3,11.15,5.575,9.5929,-1.0
2026-03-19 06:35:10.927696403,2026-03-19 06:47:42.425805791,GCJ6,M15,-1,4806.0,4806.0,4825.35,4767.3,4767.3,tp,38.7,38.55,12.9,19.35,6.0864,-1.0
2026-03-20 01:07:48.138173551,2026-03-20 01:12:03.259441723,GCJ6,M15,1,4679.5,4679.6,4658.15,4722.5,4658.0,sl,-21.6,-21.75,14.3,21.45,0.63,-1.0
2026-03-20 09:58:22.092439192,2026-03-20 12:01:53.939294735,GCJ6,M15,-1,4661.6,4661.4,4683.65,4617.5,4683.7,sl,-22.3,-22.45,14.7,22.05,1.2228,-1.0
2026-03-20 18:22:52.962903426,2026-03-22 22:00:00.552028339,GCJ6,M15,-1,4542.1,4541.8,4579.6,4467.1,4467.1,tp,74.7,74.55,25.0,37.5,0.8814,-1.0
2026-03-23 05:47:14.167237942,2026-03-23 06:43:27.175426929,GCJ6,M15,-1,4322.0,4322.0,4379.6,4206.8,4206.8,tp,115.2,115.05,38.4,57.6,2.7873,-1.0
2026-03-24 00:34:01.849214147,2026-03-24 06:27:03.732394384,GCJ6,M15,-1,4363.5,4363.5,4399.05,4292.4,4399.7,sl,-36.2,-36.35,23.7,35.55,0.3172,-1.0
2026-03-24 00:39:20.128834622,2026-03-24 06:56:39.833320553,GCJ6,M15,-1,4350.8,4350.6,4403.975,4244.45,4404.0,sl,-53.4,-53.55,35.45,53.175,6.6556,-1.0
2026-03-24 10:56:08.407319131,2026-03-24 11:01:35.469026779,GCJ6,M15,1,4437.6,4438.1,4408.975,4496.05,4408.6,sl,-29.5,-29.65,19.35,29.025,0.9357,-1.0
2026-03-24 20:23:43.310024103,2026-03-24 23:16:20.223188854,GCJ6,M15,1,4435.0,4435.9,4408.05,4490.4,4490.4,tp,54.5,54.35,18.3,27.45,3.3954,-1.0
2026-03-24 20:24:08.178048526,2026-03-24 23:16:20.522741266,GCJ6,H1,1,4443.2,4443.6,4419.625,4491.25,4491.25,tp,47.65,47.5,47.75,23.875,0.4023,-1.0
2026-03-24 20:24:08.245507188,2026-03-24 23:36:41.841354651,GCJ6,M15,1,4443.2,4443.7,4403.8,4523.5,4523.5,tp,79.8,79.65,26.6,39.9,7.1523,-1.0
2026-03-24 20:24:19.491962807,2026-03-25 00:05:05.810247799,GCJ6,M15,1,4450.5,4453.0,4399.7,4557.2,4557.2,tp,104.2,104.05,35.0,52.5,18.9054,-1.0
2026-03-24 23:36:10.272578609,2026-03-25 01:31:48.659710143,GCJ6,H1,1,4516.5,4517.0,4485.575,4579.55,4579.55,tp,62.55,62.4,62.65,31.325,23.6029,-1.0
2026-03-24 23:36:10.272578609,2026-03-26 05:54:40.074028635,GCJ6,M15,1,4516.5,4517.0,4457.075,4636.85,4456.3,sl,-60.7,-60.85,39.95,59.925,31.1029,-1.0
2026-03-25 09:48:14.696111745,2026-03-25 09:59:12.704419724,GCJ6,M15,-1,4532.5,4532.5,4552.75,4492.0,4552.8,sl,-20.3,-20.45,13.5,20.25,1.5541,1.0
2026-03-25 11:22:18.904160147,2026-03-25 12:27:55.862453265,GCJ6,M15,1,4568.7,4569.6,4550.825,4605.95,4550.6,sl,-19.0,-19.15,12.25,18.375,0.8719,1.0
2026-03-25 12:31:43.220746929,2026-03-25 12:35:26.366326153,GCJ6,M15,-1,4525.7,4523.3,4541.225,4494.65,4541.6,sl,-18.3,-18.45,10.35,15.525,0.5287,1.0
2026-03-25 19:08:48.327755656,2026-03-25 19:11:55.528930321,GCJ6,M15,-1,4522.0,4522.0,4540.075,4485.85,4485.85,tp,36.15,36.0,12.05,18.075,1.6468,1.0
2026-03-25 19:08:48.630704882,2026-03-26 05:55:35.412577037,GCJ6,M15,-1,4519.5,4519.4,4551.675,4455.15,4455.15,tp,64.25,64.1,21.45,32.175,4.3968,1.0
2026-03-26 05:28:56.278806981,2026-03-26 05:56:26.539343732,GCJ6,M15,-1,4485.6,4485.3,4503.45,4449.9,4449.9,tp,35.4,35.25,11.9,17.85,3.7323,1.0
2026-03-26 05:30:06.122946556,2026-03-26 06:01:45.773884342,GCJ6,M15,-1,4484.3,4484.3,4513.85,4425.2,4425.2,tp,59.1,58.95,19.7,29.55,7.2517,1.0
2026-03-26 05:30:06.122946556,2026-03-26 05:56:21.087327902,GCJ6,H1,-1,4484.3,4484.3,4499.3,4454.3,4454.3,tp,30.0,29.85,30.0,15.0,0.5017,1.0
2026-03-26 08:43:56.998070279,2026-03-26 10:22:05.063451753,GCJ6,M15,-1,4412.1,4412.0,4437.225,4361.85,4437.5,sl,-25.5,-25.65,16.75,25.125,0.2325,1.0
2026-03-26 19:54:43.334726028,2026-03-26 20:12:02.863994948,GCJ6,M15,-1,4362.8,4359.6,4387.85,4312.7,4388.3,sl,-28.7,-28.85,16.7,25.05,1.162,-1.0
2026-03-30 05:49:31.628010014,2026-03-30 11:44:50.778004565,GCM6,M15,1,4548.0,4548.5,4530.85,4583.5,4583.5,tp,35.0,34.85,11.7,17.55,0.3255,1.0
2026-03-30 11:42:36.907978439,2026-03-30 13:49:05.574307452,GCM6,M15,1,4579.2,4580.1,4563.575,4611.95,4563.1,sl,-17.0,-17.15,10.75,16.125,2.7103,1.0
2026-03-30 17:57:10.581357977,2026-03-31 00:44:40.622168401,GCM6,M15,-1,4542.0,4542.0,4564.5,4497.0,4564.6,sl,-22.6,-22.75,15.0,22.5,1.4529,1.0
2026-03-31 01:18:53.327565867,2026-03-31 01:40:08.954682829,GCM6,M15,1,4587.1,4587.8,4568.975,4624.55,4624.55,tp,36.75,36.6,12.35,18.525,7.3148,1.0
2026-03-31 01:24:56.158971510,2026-03-31 01:43:54.377063196,GCM6,H1,1,4611.4,4611.9,4595.875,4643.65,4643.65,tp,31.75,31.6,31.85,15.925,5.4156,1.0
2026-03-31 01:24:56.158971510,2026-03-31 03:24:43.184766545,GCM6,M15,1,4611.4,4611.9,4588.85,4657.7,4588.4,sl,-23.5,-23.65,15.3,22.95,11.4156,1.0
2026-03-31 07:19:28.854202463,2026-03-31 07:59:14.828108035,GCM6,M15,-1,4575.7,4575.7,4595.8,4535.5,4595.9,sl,-20.2,-20.35,13.4,20.1,0.0747,1.0
2026-03-31 10:38:57.980807508,2026-03-31 11:11:17.309351459,GCM6,M15,-1,4571.8,4571.6,4585.45,4544.5,4585.5,sl,-13.9,-14.05,9.1,13.65,1.1494,1.0
2026-03-31 11:21:20.038957588,2026-03-31 13:53:56.619010260,GCM6,M15,1,4605.5,4606.0,4593.55,4630.9,4630.9,tp,24.9,24.75,8.3,12.45,0.6056,1.0
2026-03-31 11:25:54.965687241,2026-03-31 14:01:34.888044248,GCM6,M15,1,4610.2,4610.5,4592.125,4647.25,4647.25,tp,36.75,36.6,12.25,18.375,3.4319,1.0
2026-03-31 14:02:50.944436729,2026-03-31 19:00:15.308381315,GCM6,M15,1,4649.5,4650.5,4623.275,4704.05,4704.05,tp,53.55,53.4,17.95,26.925,10.2975,1.0
2026-03-31 14:02:50.944436729,2026-03-31 14:07:26.519480191,GCM6,H1,1,4649.5,4650.5,4636.75,4676.5,4636.7,sl,-13.8,-13.95,26.5,13.25,4.0475,1.0
2026-04-01 06:48:29.650728307,2026-04-01 14:54:33.300988539,GCM6,M15,1,4751.9,4752.6,4731.425,4794.65,4794.65,tp,42.05,41.9,14.05,21.075,3.5582,1.0
2026-04-01 11:30:24.269151529,2026-04-01 12:27:35.005034575,GCM6,M15,1,4774.2,4774.8,4752.15,4820.1,4752.1,sl,-22.7,-22.85,15.1,22.65,1.7567,1.0
2026-04-01 14:53:38.948465519,2026-04-02 01:04:21.207735900,GCM6,M15,1,4791.5,4791.7,4764.1,4846.9,4762.0,sl,-29.7,-29.85,18.4,27.6,1.1442,1.0
2026-04-01 23:15:12.259815324,2026-04-01 23:45:52.791721676,GCM6,M15,1,4821.0,4821.5,4806.275,4851.95,4806.0,sl,-15.5,-15.65,10.15,15.225,4.0034,1.0
2026-04-02 01:20:24.011451390,2026-04-02 01:32:16.615707399,GCM6,M15,-1,4743.3,4742.8,4770.45,4689.0,4689.0,tp,53.8,53.65,18.1,27.15,10.09,1.0
2026-04-02 01:32:16.615707399,2026-04-02 01:36:26.814271168,GCM6,M15,-1,4690.0,4687.1,4715.35,4639.3,4715.7,sl,-28.6,-28.75,16.9,25.35,25.2879,1.0
2026-04-02 05:33:51.937177924,2026-04-02 06:02:04.202897555,GCM6,M15,-1,4675.7,4675.7,4707.2,4612.7,4612.7,tp,63.0,62.85,21.0,31.5,1.8144,1.0
2026-04-02 13:58:32.190460441,2026-04-02 14:37:13.947411309,GCM6,M15,1,4677.0,4679.2,4655.75,4721.0,4721.0,tp,41.8,41.65,14.5,21.75,3.9756,1.0
2026-04-06 05:10:54.039808628,2026-04-06 05:58:10.743465696,GCM6,M15,1,4697.5,4698.2,4681.075,4732.15,4681.0,sl,-17.2,-17.35,11.35,17.025,0.6817,-1.0
2026-04-06 07:51:19.905562662,2026-04-06 13:21:55.039041390,GCM6,M15,1,4704.4,4705.0,4684.9,4745.2,4684.8,sl,-20.2,-20.35,13.4,20.1,0.3555,-1.0
2026-04-06 07:54:00.278661713,2026-04-06 12:20:49.695262118,GCM6,M15,1,4708.6,4710.0,4694.85,4740.3,4694.8,sl,-15.2,-15.35,10.1,15.15,9.6501,1.0
2026-04-06 09:00:23.470005267,2026-04-06 10:14:36.350478707,GCM6,H1,1,4726.4,4727.4,4713.65,4754.3,4713.5,sl,-13.9,-14.05,27.1,13.55,9.0065,-1.0
2026-04-07 01:00:02.644694542,2026-04-07 01:03:37.058913580,GCM6,M15,-1,4671.4,4671.2,4688.05,4638.1,4688.4,sl,-17.2,-17.35,11.1,16.65,5.7507,-1.0
2026-04-07 08:14:33.707666539,2026-04-07 11:10:42.551529311,GCM6,M15,1,4690.3,4690.6,4670.65,4730.5,4670.6,sl,-20.0,-20.15,13.3,19.95,1.4927,-1.0
2026-04-07 08:20:41.191190670,2026-04-07 11:10:51.597098201,GCM6,M15,1,4692.0,4692.7,4666.95,4743.9,4666.6,sl,-26.1,-26.25,17.1,25.65,5.0948,-1.0
2026-04-07 08:20:44.205297387,2026-04-07 08:23:15.939950476,GCM6,M15,1,4694.9,4695.6,4686.375,4714.05,4714.05,tp,18.45,18.3,6.15,9.225,8.0956,-1.0
2026-04-07 14:03:08.204745049,2026-04-07 14:33:51.213672596,GCM6,M15,-1,4653.9,4653.9,4678.05,4605.6,4678.4,sl,-24.5,-24.65,16.1,24.15,0.8023,-1.0
2026-04-07 14:04:48.158281341,2026-04-07 14:24:16.439289262,GCM6,M15,-1,4648.4,4648.2,4666.475,4612.25,4666.5,sl,-18.3,-18.45,12.05,18.075,6.33,-1.0
2026-04-07 19:20:14.275430220,2026-04-07 22:06:12.567498753,GCM6,M15,1,4721.2,4721.7,4693.275,4778.55,4778.55,tp,56.85,56.7,18.95,28.425,7.8373,-1.0
2026-04-07 19:20:15.720106679,2026-04-07 22:00:39.023796081,GCM6,M15,1,4724.0,4724.7,4703.2,4767.1,4767.1,tp,42.4,42.25,14.2,21.3,26.5877,-1.0
2026-04-08 08:42:49.290551870,2026-04-08 14:31:14.406031776,GCM6,M15,-1,4819.8,4819.8,4836.3,4786.8,4786.8,tp,33.0,32.85,11.0,16.5,2.2137,1.0
2026-04-08 09:43:17.167873626,2026-04-08 14:32:59.408755486,GCM6,M15,-1,4817.2,4817.2,4835.5,4780.6,4780.6,tp,36.6,36.45,12.2,18.3,5.9714,1.0
2026-04-08 17:55:58.828935974,2026-04-08 19:05:05.010832670,GCM6,M15,-1,4757.6,4757.5,4775.15,4722.5,4722.5,tp,35.0,34.85,11.7,17.55,0.933,1.0
2026-04-09 08:44:33.422158124,2026-04-09 12:01:17.333776192,GCM6,M15,1,4756.6,4757.1,4744.0,4782.7,4782.7,tp,25.6,25.45,8.6,12.9,3.7426,1.0
2026-04-09 08:48:56.165235451,2026-04-09 13:38:50.674408953,GCM6,M15,1,4757.7,4758.7,4741.125,4792.65,4792.65,tp,33.95,33.8,11.45,17.175,8.5656,1.0
2026-04-10 08:47:30.374720558,2026-04-10 09:18:43.039619753,GCM6,M15,-1,4760.4,4758.0,4770.075,4741.05,4770.2,sl,-12.2,-12.35,6.45,9.675,4.0418,1.0
2026-04-10 12:18:56.217746982,2026-04-10 12:23:15.352956676,GCM6,M15,1,4794.6,4795.0,4786.275,4812.15,4786.0,sl,-9.0,-9.15,5.75,8.625,5.8156,1.0
2026-04-10 14:15:42.433566236,2026-04-10 14:42:59.157239297,GCM6,M15,1,4810.0,4810.6,4800.825,4829.85,4799.0,sl,-11.6,-11.75,6.45,9.675,14.0118,1.0
2026-04-10 20:25:31.531050527,2026-04-12 22:00:00.572157655,GCM6,M15,-1,4768.4,4768.4,4781.45,4742.3,4742.3,tp,26.1,25.95,8.7,13.05,2.1754,1.0
2026-04-13 05:57:07.019171041,2026-04-13 09:35:07.515558343,GCM6,M15,1,4749.5,4750.0,4736.275,4777.45,4736.2,sl,-13.8,-13.95,9.15,13.725,1.9519,-1.0
2026-04-13 05:57:07.026151605,2026-04-13 09:35:07.514472027,GCM6,M15,1,4749.5,4750.2,4736.475,4777.65,4736.4,sl,-13.8,-13.95,9.15,13.725,1.202,-1.0
2026-04-13 11:41:12.018973454,2026-04-13 12:12:22.888865367,GCM6,M15,-1,4729.2,4729.1,4741.65,4704.3,4741.7,sl,-12.6,-12.75,8.3,12.45,5.4367,-1.0
2026-04-13 13:49:53.196368750,2026-04-13 13:53:08.942848678,GCM6,M15,1,4762.5,4763.0,4748.3,4792.4,4748.1,sl,-14.9,-15.05,9.8,14.7,3.8314,-1.0
2026-04-13 15:05:55.419668182,2026-04-13 16:13:32.154511661,GCM6,M15,-1,4725.2,4724.8,4743.2,4689.2,4743.3,sl,-18.5,-18.65,12.0,18.0,1.0987,-1.0
2026-04-13 16:47:20.143885711,2026-04-14 07:05:56.174883067,GCM6,M15,1,4768.0,4768.6,4745.4,4814.7,4814.7,tp,46.1,45.95,15.4,23.1,0.7889,-1.0
2026-04-14 06:53:32.976795607,2026-04-14 10:38:41.868631275,GCM6,M15,1,4802.8,4803.5,4789.75,4830.7,4787.6,sl,-15.9,-16.05,9.1,13.65,3.6425,1.0
2026-04-14 07:08:53.745324656,2026-04-14 07:19:12.625503509,GCM6,H1,1,4820.0,4820.9,4809.275,4842.95,4809.2,sl,-11.7,-11.85,22.45,11.225,31.1483,-1.0
2026-04-14 10:39:01.983420583,2026-04-14 10:53:04.613253180,GCM6,M15,-1,4780.0,4778.2,4794.775,4750.45,4794.8,sl,-16.6,-16.75,9.85,14.775,2.9006,1.0
2026-04-14 13:37:42.122613142,2026-04-14 17:05:47.586046659,GCM6,M15,1,4820.4,4821.0,4807.125,4847.85,4847.85,tp,26.85,26.7,9.05,13.575,4.3784,1.0
2026-04-15 01:11:57.758667899,2026-04-15 02:21:48.787653827,GCM6,M15,1,4874.6,4877.3,4862.9,4899.8,4862.6,sl,-14.7,-14.85,8.2,12.3,0.9494,1.0
2026-04-15 05:37:03.128303473,2026-04-15 09:11:05.397128883,GCM6,M15,-1,4841.0,4841.0,4849.475,4824.05,4824.05,tp,16.95,16.8,5.65,8.475,0.3675,1.0
2026-04-15 20:48:00.741812570,2026-04-15 22:21:01.175388561,GCM6,M15,-1,4812.2,4812.1,4821.275,4794.05,4821.3,sl,-9.2,-9.35,6.05,9.075,0.5502,1.0
2026-04-16 00:40:43.946717392,2026-04-16 01:18:55.698799251,GCM6,H1,1,4854.6,4858.7,4847.25,4870.5,4847.2,sl,-11.5,-11.65,15.5,7.75,0.6789,1.0
2026-04-16 00:40:43.946717392,2026-04-16 01:37:21.192559027,GCM6,M15,1,4854.6,4858.7,4839.25,4886.5,4839.0,sl,-19.7,-19.85,10.5,15.75,8.1789,1.0
2026-04-16 00:40:43.946717392,2026-04-16 01:35:24.281885121,GCM6,M15,1,4854.3,4858.7,4841.15,4881.2,4841.1,sl,-17.6,-17.75,8.9,13.35,17.1789,1.0
2026-04-16 05:06:08.286260391,2026-04-16 05:43:56.774084102,GCM6,M15,1,4859.7,4860.3,4848.1,4884.1,4848.0,sl,-12.3,-12.45,8.0,12.0,2.3523,1.0
2026-04-16 08:05:02.311376382,2026-04-16 11:56:38.359467086,GCM6,M15,-1,4832.9,4832.6,4844.15,4810.4,4844.2,sl,-11.6,-11.75,7.5,11.25,4.334,1.0
2026-04-16 13:52:18.377361252,2026-04-16 13:55:23.743168283,GCM6,M15,-1,4825.6,4825.4,4835.05,4806.7,4806.7,tp,18.7,18.55,6.3,9.45,1.3718,1.0
2026-04-17 00:44:59.918400444,2026-04-17 01:01:21.351477060,GCM6,M15,1,4819.7,4820.0,4812.625,4834.45,4812.6,sl,-7.4,-7.55,4.85,7.275,1.75,-1.0
2026-04-17 01:09:34.367430926,2026-04-17 01:12:19.987603038,GCM6,M15,-1,4806.0,4805.8,4813.35,4791.3,4791.3,tp,14.5,14.35,4.9,7.35,1.1595,-1.0
2026-04-17 01:10:28.071186166,2026-04-17 01:55:42.079668257,GCM6,M15,-1,4802.0,4802.0,4811.45,4783.1,4811.5,sl,-9.5,-9.65,6.3,9.45,5.4245,1.0
2026-04-17 04:42:47.974557911,2026-04-17 06:11:31.499051460,GCM6,M15,1,4822.2,4822.6,4809.475,4848.85,4809.3,sl,-13.3,-13.45,8.75,13.125,1.7133,-1.0
2026-04-17 11:45:24.480465625,2026-04-17 12:28:10.341455190,GCM6,M15,1,4822.7,4823.0,4814.15,4840.7,4840.7,tp,17.7,17.55,5.9,8.85,0.5068,-1.0
2026-04-17 12:40:02.317907017,2026-04-17 13:10:55.091020412,GCM6,M15,1,4846.2,4846.5,4820.775,4897.95,4897.95,tp,51.45,51.3,17.15,25.725,20.9173,1.0
2026-04-17 13:10:53.602213034,2026-04-17 13:20:41.651935645,GCM6,H4,1,4895.4,4896.4,4879.825,4927.75,4879.5,sl,-16.9,-17.05,31.95,15.975,25.1816,1.0
2026-04-17 19:55:04.174672157,2026-04-17 20:49:46.749529315,GCM6,M15,-1,4875.0,4875.0,4885.425,4854.15,4854.15,tp,20.85,20.7,6.95,10.425,0.1678,1.0
2026-04-20 11:53:12.663185542,2026-04-20 13:29:26.626988819,GCM6,M15,1,4825.4,4825.7,4816.775,4843.55,4843.55,tp,17.85,17.7,5.95,8.925,2.3869,-1.0
2026-04-20 12:18:31.264808998,2026-04-20 12:35:13.674477243,GCM6,M15,1,4834.5,4834.6,4823.2,4857.4,4823.1,sl,-11.5,-11.65,7.6,11.4,8.3087,-1.0
2026-04-21 03:42:00.050698106,2026-04-21 12:30:33.371250430,GCM6,M15,-1,4811.9,4811.8,4826.375,4782.95,4782.95,tp,28.85,28.7,9.65,14.475,10.7,-1.0
2026-04-21 05:52:43.069627558,2026-04-21 11:41:47.797093386,GCM6,M15,-1,4803.1,4803.1,4813.375,4782.55,4813.4,sl,-10.3,-10.45,6.85,10.275,18.1286,-1.0
2026-04-21 11:40:47.024054889,2026-04-21 12:19:36.850015712,GCM6,M15,1,4812.2,4812.5,4803.65,4830.2,4803.6,sl,-8.9,-9.05,5.9,8.85,0.9297,-1.0
2026-04-21 12:30:33.371250430,2026-04-21 12:33:15.279962063,GCM6,M15,-1,4790.8,4781.5,4803.55,4765.3,4803.8,sl,-22.3,-22.45,8.5,12.75,3.2593,-1.0
2026-04-21 14:46:40.195316918,2026-04-21 15:10:19.153494046,GCM6,H1,-1,4752.0,4751.3,4760.725,4734.55,4761.0,sl,-9.7,-9.85,17.45,8.725,30.7778,-1.0
2026-04-21 14:46:40.195316918,2026-04-21 15:13:48.074176451,GCM6,H4,-1,4752.0,4751.3,4768.4,4719.2,4768.4,sl,-17.1,-17.25,32.8,16.4,6.7778,-1.0
2026-04-22 10:02:50.684423929,2026-04-22 10:59:53.543104593,GCM6,M15,-1,4769.9,4769.7,4779.275,4751.15,4779.3,sl,-9.6,-9.75,6.25,9.375,2.7974,-1.0
2026-04-22 12:41:48.829089895,2026-04-22 13:44:11.591253044,GCM6,M15,-1,4764.3,4764.3,4773.075,4746.75,4773.2,sl,-8.9,-9.05,5.85,8.775,0.4469,-1.0
2026-04-22 23:01:16.396101455,2026-04-23 00:12:50.098341969,GCM6,M15,-1,4742.1,4742.1,4749.45,4727.4,4727.4,tp,14.7,14.55,4.9,7.35,4.5212,-1.0
2026-04-23 00:52:06.696181494,2026-04-23 01:00:07.599801974,GCM6,M15,1,4770.2,4770.7,4761.625,4788.85,4761.5,sl,-9.2,-9.35,6.05,9.075,3.8685,-1.0
2026-04-23 05:30:25.014604979,2026-04-23 05:34:05.671216443,GCM6,M15,-1,4713.9,4713.3,4722.6,4696.5,4722.7,sl,-9.4,-9.55,5.8,8.7,0.0069,-1.0
2026-04-23 05:30:46.590325266,2026-04-23 05:51:48.133211137,GCM6,M15,-1,4710.4,4710.4,4730.425,4670.35,4730.5,sl,-20.1,-20.25,13.35,20.025,3.0129,-1.0
2026-04-23 10:12:04.153848451,2026-04-23 11:37:17.646234870,GCM6,M15,-1,4705.7,4705.7,4720.175,4676.75,4720.2,sl,-14.5,-14.65,9.65,14.475,2.4512,-1.0
2026-04-23 12:00:45.491985238,2026-04-23 17:09:18.119243961,GCM6,M15,1,4742.1,4742.5,4731.3,4764.6,4731.0,sl,-11.5,-11.65,7.4,11.1,1.7626,-1.0
2026-04-24 02:24:41.294390118,2026-04-24 04:25:13.955251222,GCM6,M15,-1,4702.0,4702.0,4714.6,4676.8,4676.8,tp,25.2,25.05,8.4,12.6,0.9115,-1.0
2026-04-24 04:22:07.782191798,2026-04-24 05:34:27.909825060,GCM6,M15,-1,4680.1,4678.8,4699.0,4642.3,4699.4,sl,-20.6,-20.75,12.6,18.9,8.3688,-1.0
2026-04-24 04:22:07.782191798,2026-04-24 04:47:10.855475974,GCM6,H1,-1,4680.1,4678.8,4688.075,4664.15,4688.3,sl,-9.5,-9.65,15.95,7.975,1.3688,-1.0
2026-04-24 11:07:26.551357849,2026-04-24 11:28:23.205900559,GCM6,M15,1,4712.7,4713.5,4703.425,4732.45,4732.45,tp,18.95,18.8,6.45,9.675,0.624,-1.0
2026-04-24 11:24:30.515614126,2026-04-24 12:49:18.905579788,GCM6,M15,1,4726.7,4727.2,4709.7,4761.9,4709.7,sl,-17.5,-17.65,11.6,17.4,7.9085,-1.0
2026-04-24 13:48:40.996496507,2026-04-26 22:00:00.741776812,GCM6,M15,1,4733.9,4734.3,4718.4,4766.1,4711.4,sl,-22.9,-23.05,10.6,15.9,0.0614,-1.0
2026-04-27 08:26:50.981052342,2026-04-27 13:35:25.121347194,GCM6,M15,-1,4724.0,4724.0,4732.4,4707.2,4707.2,tp,16.8,16.65,5.6,8.4,0.4475,-1.0
2026-04-27 15:02:29.326851585,2026-04-27 15:29:35.646712667,GCM6,H1,-1,4686.6,4686.3,4694.7,4670.4,4694.8,sl,-8.5,-8.65,16.2,8.1,6.0415,-1.0
2026-04-27 15:02:29.326851585,2026-04-27 17:33:45.947641878,GCM6,M15,-1,4686.6,4686.3,4699.2,4661.4,4699.3,sl,-13.0,-13.15,8.4,12.6,12.7915,-1.0
2026-04-28 01:56:18.679481331,2026-04-28 02:02:10.227922217,GCM6,M15,-1,4691.7,4691.7,4697.4,4680.3,4680.3,tp,11.4,11.25,3.8,5.7,3.1885,-1.0
2026-04-28 02:00:06.056432532,2026-04-28 02:03:49.402456427,GCM6,H1,-1,4681.2,4681.1,4685.575,4672.45,4685.6,sl,-4.5,-4.65,8.75,4.375,1.0017,-1.0
2026-04-28 02:00:06.056432532,2026-04-28 02:12:08.336422868,GCM6,M15,-1,4681.2,4681.1,4691.475,4660.65,4691.6,sl,-10.5,-10.65,6.85,10.275,8.0017,-1.0
2026-04-28 04:23:13.594217564,2026-04-28 05:06:19.561853534,GCM6,M15,-1,4679.9,4679.9,4688.0,4663.7,4663.7,tp,16.2,16.05,5.4,8.1,0.1371,-1.0
2026-04-28 05:06:15.910993543,2026-04-28 07:55:51.577618862,GCM6,H4,-1,4672.2,4672.0,4690.9,4634.8,4634.8,tp,37.2,37.05,37.4,18.7,17.1044,-1.0
2026-04-29 00:01:07.226012227,2026-04-29 01:00:59.693512219,GCM6,M15,1,4615.9,4617.2,4607.425,4633.75,4607.3,sl,-9.9,-10.05,5.85,8.775,4.2687,-1.0
2026-04-29 07:24:39.412187692,2026-04-29 12:54:56.055482144,GCM6,M15,-1,4589.1,4589.1,4604.55,4558.2,4558.2,tp,30.9,30.75,10.3,15.45,4.1609,-1.0
2026-04-29 09:50:11.701822662,2026-04-29 10:16:53.735560797,GCM6,M15,-1,4570.0,4569.5,4586.125,4537.75,4586.3,sl,-16.8,-16.95,10.75,16.125,17.0866,-1.0
2026-04-29 09:50:22.861680103,2026-04-30 06:55:10.935863175,GCM6,M15,-1,4567.6,4567.6,4597.375,4508.05,4597.5,sl,-29.9,-30.05,19.85,29.775,19.5897,-1.0
2026-04-29 09:50:22.861680103,2026-04-29 10:05:17.927049007,GCM6,H1,-1,4567.6,4567.6,4576.875,4549.05,4576.9,sl,-9.3,-9.45,18.55,9.275,12.8397,-1.0
2026-04-29 12:34:21.938853900,2026-04-29 13:39:26.649915939,GCM6,M15,-1,4564.5,4564.1,4576.8,4539.9,4539.9,tp,24.2,24.05,8.2,12.3,0.5728,-1.0
2026-04-29 23:45:29.940488344,2026-04-30 00:46:14.436425708,GCM6,M15,1,4567.3,4568.0,4560.125,4582.85,4582.85,tp,14.85,14.7,5.05,7.575,0.5083,-1.0
2026-04-30 00:00:21.765816783,2026-04-30 04:00:59.506085903,GCM6,M15,1,4578.3,4579.0,4566.125,4604.15,4566.1,sl,-12.9,-13.05,8.45,12.675,5.756,-1.0
2026-04-30 06:52:57.303206697,2026-04-30 07:57:03.701573302,GCM6,M15,1,4594.1,4594.6,4583.725,4616.35,4616.35,tp,21.75,21.6,7.25,10.875,2.8826,-1.0
2026-04-30 08:04:05.918337169,2026-04-30 10:21:59.105067991,GCM6,M15,1,4621.3,4621.8,4610.7,4644.0,4644.0,tp,22.2,22.05,7.4,11.1,24.8183,-1.0
2026-04-30 08:04:07.096675667,2026-04-30 09:30:41.942010671,GCM6,H1,1,4624.3,4624.8,4616.1,4641.9,4641.9,tp,17.1,16.95,17.2,8.6,23.0686,-1.0
2026-04-30 08:04:07.096675667,2026-04-30 10:30:00.091680582,GCM6,M15,1,4624.3,4624.8,4608.95,4656.2,4656.2,tp,31.4,31.25,10.5,15.75,29.8186,-1.0
2026-04-30 16:16:02.388978772,2026-04-30 18:02:03.279986032,GCM6,M15,-1,4621.3,4621.3,4636.075,4591.75,4636.4,sl,-15.1,-15.25,9.85,14.775,0.0173,1.0
2026-05-01 01:11:45.612452390,2026-05-01 02:03:26.364590691,GCM6,M15,-1,4627.7,4627.6,4635.35,4612.4,4635.4,sl,-7.8,-7.95,5.1,7.65,2.196,1.0
2026-05-01 04:32:48.488847487,2026-05-01 06:29:42.094163617,GCM6,M15,-1,4625.9,4625.8,4636.4,4604.9,4604.9,tp,20.9,20.75,7.0,10.5,1.0468,1.0
2026-05-01 05:55:40.283787167,2026-05-01 07:46:18.402283596,GCM6,M15,-1,4618.0,4618.0,4629.4,4595.2,4595.2,tp,22.8,22.65,7.6,11.4,11.4279,1.0
2026-05-01 14:00:40.398012438,2026-05-01 14:12:51.545464204,GCM6,M15,1,4648.1,4648.9,4637.675,4669.85,4669.85,tp,20.95,20.8,7.15,10.725,9.5112,1.0
2026-05-01 14:02:06.284904803,2026-05-01 14:03:01.709196511,GCM6,M15,1,4652.0,4652.8,4646.975,4663.85,4646.9,sl,-5.9,-6.05,3.75,5.625,13.7851,1.0
2026-05-01 14:12:18.880805847,2026-05-01 14:41:54.638751513,GCM6,M15,1,4658.8,4659.1,4644.625,4688.05,4644.5,sl,-14.6,-14.75,9.65,14.475,25.4552,1.0
2026-05-01 14:12:18.880805847,2026-05-01 14:36:01.167943536,GCM6,H1,1,4658.8,4659.1,4650.225,4676.55,4650.2,sl,-8.9,-9.05,17.55,8.775,19.2052,1.0
2026-05-01 14:12:18.880805847,2026-05-01 14:50:10.250583780,GCM6,M15,1,4658.6,4659.1,4639.825,4697.65,4639.6,sl,-19.5,-19.65,12.85,19.275,22.7052,1.0
2026-05-04 00:01:38.511062719,2026-05-04 06:38:54.557132911,GCM6,M15,-1,4619.0,4618.7,4630.925,4595.15,4595.15,tp,23.55,23.4,7.95,11.925,0.7774,1.0
2026-05-04 06:05:15.795566808,2026-05-04 10:03:39.824721392,GCM6,M15,-1,4602.0,4601.6,4615.65,4574.7,4574.7,tp,26.9,26.75,9.1,13.65,1.3377,1.0
2026-05-04 15:21:37.789248392,2026-05-04 15:29:37.155421652,GCM6,M15,-1,4535.0,4534.3,4550.15,4504.7,4550.3,sl,-16.0,-16.15,10.1,15.15,2.8605,-1.0
2026-05-05 05:35:04.605842862,2026-05-05 06:18:04.667899774,GCM6,M15,1,4556.4,4556.8,4549.575,4570.95,4549.4,sl,-7.4,-7.55,4.75,7.125,0.5846,-1.0
2026-05-05 11:37:03.691384817,2026-05-05 13:09:03.467430492,GCM6,M15,1,4570.5,4570.8,4560.65,4590.8,4590.8,tp,20.0,19.85,6.7,10.05,0.3677,-1.0
2026-05-05 13:17:19.775311622,2026-05-05 16:31:20.147597668,GCM6,M15,1,4594.7,4594.9,4566.25,4652.2,4566.2,sl,-28.7,-28.85,19.1,28.65,20.5388,-1.0
2026-05-05 19:56:22.125223129,2026-05-05 22:55:19.076777259,GCM6,M15,-1,4563.8,4563.8,4572.5,4546.4,4572.6,sl,-8.8,-8.95,5.8,8.7,0.6895,-1.0
2026-05-05 22:55:29.908390718,2026-05-05 23:11:40.164680005,GCM6,M15,1,4576.5,4577.4,4569.95,4591.1,4591.1,tp,13.7,13.55,4.7,7.05,1.925,-1.0
2026-05-05 23:12:50.871119886,2026-05-06 00:41:24.960416491,GCM6,M15,1,4597.5,4597.9,4586.075,4620.95,4620.95,tp,23.05,22.9,7.75,11.625,6.7141,-1.0
2026-05-06 05:58:19.488946902,2026-05-06 08:51:13.615763500,GCM6,H4,1,4673.0,4673.9,4653.65,4712.3,4712.3,tp,38.4,38.25,39.1,19.55,33.9721,-1.0
2026-05-07 01:10:19.318365263,2026-05-07 04:34:18.283649830,GCM6,M15,1,4711.3,4711.7,4701.775,4731.25,4701.6,sl,-10.1,-10.25,6.55,9.825,2.672,1.0
2026-05-07 01:48:43.260557927,2026-05-07 02:12:53.213122500,GCM6,M15,1,4728.7,4729.0,4714.675,4757.65,4714.6,sl,-14.4,-14.55,9.55,14.325,9.312,1.0
2026-05-07 06:31:31.495399477,2026-05-07 06:39:21.599585651,GCM6,M15,1,4730.5,4730.8,4721.55,4749.0,4749.0,tp,18.2,18.05,6.1,9.15,2.5254,1.0
2026-05-07 06:31:50.385219479,2026-05-07 06:43:57.454724348,GCM6,H1,1,4734.6,4735.3,4723.225,4758.55,4758.55,tp,23.25,23.1,23.55,11.775,11.5307,1.0
2026-05-07 06:31:50.385219479,2026-05-07 16:19:09.545573450,GCM6,M15,1,4734.6,4735.3,4714.05,4776.6,4713.5,sl,-21.8,-21.95,13.9,20.85,17.5307,1.0
2026-05-07 13:32:56.613534046,2026-05-07 13:47:52.010898439,GCM6,M15,1,4763.6,4763.9,4749.35,4793.0,4749.2,sl,-14.7,-14.85,9.7,14.55,3.2991,1.0
2026-05-07 16:04:32.870361529,2026-05-07 17:27:00.896736155,GCM6,M15,-1,4732.0,4732.0,4744.825,4706.35,4706.35,tp,25.65,25.5,8.55,12.825,4.8258,1.0
2026-05-07 17:27:09.826959363,2026-05-07 17:29:08.866510759,GCM6,M15,-1,4700.4,4700.4,4710.75,4679.7,4710.8,sl,-10.4,-10.55,6.9,10.35,10.7027,1.0
2026-05-07 20:57:09.944251108,2026-05-08 00:00:04.343449992,GCM6,M15,-1,4696.6,4696.3,4715.725,4658.35,4715.8,sl,-19.5,-19.65,12.75,19.125,1.4528,1.0
2026-05-07 22:00:00.502956635,2026-05-07 22:00:00.576591316,GCM6,M15,-1,4689.8,4682.1,4696.925,4675.55,4675.55,tp,6.55,6.4,4.75,7.125,26.2501,1.0
2026-05-08 01:50:09.616686857,2026-05-08 07:25:26.670464654,GCM6,M15,1,4729.1,4729.7,4709.8,4769.2,4709.7,sl,-20.0,-20.15,13.2,19.8,2.586,1.0
2026-05-08 06:28:56.868075626,2026-05-08 07:11:42.325313787,GCM6,M15,1,4741.4,4742.0,4727.8,4769.2,4727.5,sl,-14.5,-14.65,9.2,13.8,2.2325,1.0
2026-05-08 13:30:33.615127799,2026-05-08 14:10:31.011141740,GCM6,M15,1,4743.5,4744.0,4729.525,4772.95,4729.5,sl,-14.5,-14.65,9.65,14.475,5.0093,1.0
2026-05-11 00:53:26.449875887,2026-05-11 00:59:54.622704704,GCM6,M15,-1,4680.1,4680.0,4692.475,4655.35,4692.9,sl,-12.9,-13.05,8.25,12.375,0.6407,-1.0
2026-05-11 04:21:11.178802276,2026-05-11 12:23:49.980386378,GCM6,M15,-1,4678.4,4676.4,4701.275,4632.65,4701.4,sl,-25.0,-25.15,15.25,22.875,1.3531,-1.0
2026-05-11 05:43:06.331765926,2026-05-11 12:21:52.855120275,GCM6,H4,-1,4671.0,4670.3,4690.0,4633.0,4690.4,sl,-20.1,-20.25,38.0,19.0,1.7184,-1.0
2026-05-11 13:01:45.548637441,2026-05-11 13:46:00.732986566,GCM6,M15,1,4714.1,4714.5,4692.825,4757.85,4757.85,tp,43.35,43.2,14.45,21.675,9.5293,-1.0
2026-05-12 03:45:54.436249256,2026-05-12 06:26:22.909450452,GCM6,M15,-1,4729.8,4729.5,4742.025,4705.35,4705.35,tp,24.15,24.0,8.15,12.225,0.0151,1.0
2026-05-12 06:00:12.656711119,2026-05-12 07:03:42.720800052,GCM6,M15,-1,4716.8,4716.6,4725.125,4700.15,4700.15,tp,16.45,16.3,5.55,8.325,11.2535,1.0
2026-05-12 15:22:45.485107243,2026-05-12 15:33:19.458883678,GCM6,M15,-1,4658.7,4658.5,4668.75,4638.6,4668.9,sl,-10.4,-10.55,6.7,10.05,27.6293,-1.0
2026-05-12 15:22:47.776937675,2026-05-12 15:29:57.478975183,GCM6,H1,-1,4655.1,4653.8,4663.975,4637.35,4664.1,sl,-10.3,-10.45,17.75,8.875,25.3799,-1.0
2026-05-12 15:22:47.776937675,2026-05-12 15:30:11.015299489,GCM6,M15,-1,4655.1,4653.8,4666.95,4631.4,4667.0,sl,-13.2,-13.35,7.9,11.85,31.3799,-1.0
2026-05-12 19:54:02.405458551,2026-05-13 09:22:33.286407006,GCM6,M15,1,4719.8,4720.5,4693.85,4773.5,4692.3,sl,-28.2,-28.35,17.7,26.55,4.9007,-1.0
2026-05-13 09:14:37.589760651,2026-05-13 10:08:41.823118243,GCM6,M15,-1,4701.3,4701.3,4714.8,4674.3,4714.9,sl,-13.6,-13.75,9.0,13.5,1.4938,-1.0
2026-05-13 09:22:33.071915995,2026-05-13 09:50:48.549912448,GCM6,M15,-1,4696.0,4696.0,4705.075,4677.85,4705.3,sl,-9.3,-9.45,6.05,9.075,4.3759,-1.0
2026-05-13 12:22:41.138606596,2026-05-13 15:37:07.481681008,GCM6,M15,-1,4692.3,4692.0,4704.825,4667.25,4704.9,sl,-12.9,-13.05,8.35,12.525,0.8781,-1.0
2026-05-14 03:39:00.457442942,2026-05-14 04:21:29.743985236,GCM6,M15,-1,4685.5,4685.5,4693.15,4670.2,4693.3,sl,-7.8,-7.95,5.1,7.65,6.6501,-1.0
2026-05-14 04:32:37.485635787,2026-05-14 05:59:46.717860454,GCM6,M15,1,4714.0,4714.4,4698.2,4746.8,4698.2,sl,-16.2,-16.35,10.8,16.2,1.2937,-1.0
2026-05-14 04:36:13.643233031,2026-05-14 05:03:17.757989687,GCM6,M15,1,4718.2,4718.4,4707.45,4740.3,4707.2,sl,-11.2,-11.35,7.3,10.95,16.3538,-1.0
2026-05-14 04:36:13.643233031,2026-05-14 05:15:12.273057855,GCM6,M15,1,4717.9,4718.4,4706.225,4742.45,4706.0,sl,-12.4,-12.55,8.05,12.075,10.1038,-1.0
2026-05-14 07:35:06.799738137,2026-05-14 07:50:20.418480363,GCM6,M15,1,4719.7,4720.0,4708.45,4743.1,4708.4,sl,-11.6,-11.75,7.7,11.55,0.8352,-1.0
2026-05-14 07:36:33.694221025,2026-05-14 07:46:20.059797551,GCM6,M15,1,4723.1,4723.6,4713.7,4743.4,4713.6,sl,-10.0,-10.15,6.6,9.9,23.1094,-1.0
2026-05-14 13:29:42.943883303,2026-05-14 13:42:28.919581773,GCM6,M15,-1,4694.6,4694.4,4704.95,4673.9,4673.9,tp,20.5,20.35,6.9,10.35,1.7453,-1.0
2026-05-14 13:42:28.927890006,2026-05-14 13:43:34.332604263,GCM6,H1,-1,4673.2,4673.1,4680.925,4657.75,4681.1,sl,-8.0,-8.15,15.45,7.725,0.708,-1.0
2026-05-14 13:42:28.927890006,2026-05-14 13:46:51.372914764,GCM6,M15,-1,4673.2,4673.1,4688.725,4642.15,4688.9,sl,-15.8,-15.95,10.35,15.525,7.458,-1.0
2026-05-15 00:01:24.008089224,2026-05-15 00:03:16.641957070,GCM6,M15,-1,4649.3,4648.6,4656.425,4635.05,4656.7,sl,-8.1,-8.25,4.75,7.125,0.2733,-1.0
2026-05-15 00:25:17.934180046,2026-05-15 01:30:03.112596977,GCM6,H4,-1,4645.2,4645.2,4661.65,4612.3,4612.3,tp,32.9,32.75,32.9,16.45,24.4216,-1.0
2026-05-15 04:43:40.929642521,2026-05-15 05:31:05.606006939,GCM6,M15,-1,4611.0,4611.0,4625.4,4582.2,4582.2,tp,28.8,28.65,9.6,14.4,0.728,-1.0
2026-05-15 08:17:04.967152305,2026-05-15 13:45:00.064048715,GCM6,M15,-1,4560.1,4560.1,4578.325,4523.65,4523.65,tp,36.45,36.3,12.15,18.225,0.2847,-1.0
2026-05-15 13:37:26.746365416,2026-05-15 14:13:41.161865203,GCM6,M15,-1,4535.4,4535.4,4553.1,4500.0,4553.3,sl,-17.9,-18.05,11.8,17.7,1.6241,-1.0
2026-05-18 00:33:19.494261383,2026-05-18 00:34:25.620161934,GCM6,H1,-1,4513.8,4512.9,4523.975,4493.45,4493.45,tp,19.45,19.3,20.35,10.175,1.5554,-1.0
2026-05-18 11:10:11.241001240,2026-05-18 11:35:20.655242993,GCM6,M15,-1,4533.1,4533.1,4551.025,4497.25,4551.5,sl,-18.4,-18.55,11.95,17.925,2.9198,-1.0
2026-05-18 11:40:21.935742259,2026-05-18 12:04:02.360431433,GCM6,M15,1,4564.0,4564.4,4551.125,4590.95,4551.1,sl,-13.3,-13.45,8.85,13.275,1.9228,-1.0
2026-05-19 05:23:28.017036252,2026-05-19 06:13:23.573376495,GCM6,M15,-1,4538.3,4538.3,4549.1,4516.7,4549.2,sl,-10.9,-11.05,7.2,10.8,8.3911,-1.0
2026-05-19 05:23:41.261267321,2026-05-19 06:18:51.042697465,GCM6,M15,-1,4536.2,4535.2,4552.4,4503.8,4552.4,sl,-17.2,-17.35,10.8,16.2,12.1448,-1.0
2026-05-19 05:24:10.643333311,2026-05-19 06:18:50.034459143,GCM6,M15,-1,4533.5,4533.4,4551.95,4496.6,4552.0,sl,-18.6,-18.75,12.3,18.45,16.153,-1.0
2026-05-19 10:43:41.029502345,2026-05-19 11:03:10.075612177,GCM6,M15,-1,4533.9,4533.0,4550.925,4499.85,4551.1,sl,-18.1,-18.25,11.35,17.025,3.2281,-1.0
2026-05-19 13:31:21.579485023,2026-05-19 13:50:55.290399245,GCM6,H1,-1,4483.5,4482.2,4494.7,4461.1,4494.7,sl,-12.5,-12.65,22.4,11.2,28.5227,-1.0
2026-05-19 13:31:21.579485023,2026-05-19 13:54:08.620451542,GCM6,H4,-1,4483.5,4482.2,4501.075,4448.35,4501.2,sl,-19.0,-19.15,35.15,17.575,1.5227,-1.0
2026-05-19 13:31:21.579485023,2026-05-19 14:04:59.143798454,GCM6,M15,-1,4483.5,4482.2,4515.225,4420.05,4515.5,sl,-33.3,-33.45,21.15,31.725,34.7727,-1.0
2026-05-20 01:27:25.436260324,2026-05-20 03:08:00.384148721,GCM6,M15,-1,4480.0,4480.0,4491.925,4456.15,4456.15,tp,23.85,23.7,7.95,11.925,0.7071,-1.0
2026-05-20 14:11:04.085016683,2026-05-20 14:16:00.395925951,GCM6,M15,-1,4475.1,4475.0,4487.325,4450.65,4487.6,sl,-12.6,-12.75,8.15,12.225,2.4345,-1.0
2026-05-20 14:22:28.087240107,2026-05-24 23:07:14.002444047,GCM6,M15,1,4512.0,4514.2,4481.85,4573.2,4573.2,tp,59.0,58.85,20.3,30.45,11.3745,-1.0
2026-05-20 14:30:13.650027635,2026-05-20 14:55:10.940075742,GCM6,M15,1,4516.0,4516.4,4507.65,4533.3,4533.3,tp,16.9,16.75,5.7,8.55,19.7538,-1.0
2026-05-20 15:15:50.701992809,2026-05-20 15:25:07.151326183,GCM6,M15,1,4551.5,4551.7,4537.675,4579.75,4537.5,sl,-14.2,-14.35,9.35,14.025,26.0141,-1.0
2026-05-21 00:15:34.921405741,2026-05-21 00:18:22.751039420,GCM6,M15,1,4553.8,4554.3,4546.5,4569.9,4546.4,sl,-7.9,-8.05,5.2,7.8,1.5097,1.0
2026-05-21 02:34:30.146488855,2026-05-21 07:28:57.804239372,GCM6,M15,-1,4535.6,4535.6,4545.8,4515.2,4515.2,tp,20.4,20.25,6.8,10.2,1.075,1.0
2026-05-21 10:27:00.275710239,2026-05-21 17:10:28.556365881,GCM6,M15,-1,4513.2,4513.2,4526.475,4486.65,4526.6,sl,-13.4,-13.55,8.85,13.275,0.9501,-1.0
2026-05-21 17:00:24.477006095,2026-05-21 17:49:40.190006179,GCM6,M15,1,4522.3,4523.0,4506.575,4554.95,4554.95,tp,31.95,31.8,10.75,16.125,1.0068,-1.0
2026-05-21 17:20:29.862783774,2026-05-21 18:54:56.374630478,GCM6,M15,1,4544.2,4544.9,4530.775,4572.85,4530.7,sl,-14.2,-14.35,9.35,14.025,5.5916,-1.0
2026-05-22 05:56:29.492256956,2026-05-22 06:29:47.711924708,GCM6,M15,-1,4519.4,4519.1,4527.05,4504.1,4527.2,sl,-8.1,-8.25,5.1,7.65,1.1915,1.0
2026-05-22 09:54:20.106195805,2026-05-22 10:31:36.107068558,GCM6,M15,1,4535.4,4535.8,4523.875,4559.65,4523.8,sl,-12.0,-12.15,7.95,11.925,1.9056,1.0
2026-05-22 13:42:37.470757705,2026-05-22 14:14:55.465490635,GCM6,M15,-1,4511.4,4510.9,4522.05,4490.1,4490.1,tp,20.8,20.65,7.1,10.65,0.7104,1.0
2026-05-22 14:00:30.311814268,2026-05-22 14:14:55.465490635,GCM6,M15,-1,4508.2,4508.1,4520.125,4484.35,4484.35,tp,23.75,23.6,7.95,11.925,6.0084,1.0
2026-05-22 14:00:30.311814268,2026-05-22 14:14:55.465490635,GCM6,H1,-1,4508.2,4508.1,4518.25,4488.1,4488.1,tp,20.0,19.85,20.1,10.05,0.0084,1.0
2026-05-25 09:36:33.183363772,2026-05-25 12:08:33.042674894,GCM6,M15,1,4567.2,4567.4,4558.7,4584.8,4558.7,sl,-8.7,-8.85,5.8,8.7,2.3592,1.0
2026-05-25 17:13:08.795615075,2026-05-25 17:45:24.588518753,GCM6,M15,1,4579.0,4579.9,4567.625,4602.95,4567.6,sl,-12.3,-12.45,7.85,11.775,3.2191,1.0
2026-05-25 23:10:52.456026305,2026-05-25 23:25:31.710544795,GCM6,M15,1,4581.0,4581.5,4574.475,4594.95,4574.3,sl,-7.2,-7.35,4.55,6.825,0.4312,1.0
2026-05-25 23:18:23.033106695,2026-05-25 23:23:18.981394099,GCM6,H1,1,4582.6,4583.2,4576.0,4596.1,4576.0,sl,-7.2,-7.35,13.4,6.7,15.3064,1.0
2026-05-25 23:18:23.033106695,2026-05-25 23:32:00.196946511,GCM6,M15,1,4582.6,4583.2,4566.45,4616.4,4566.3,sl,-16.9,-17.05,11.1,16.65,21.5564,1.0
2026-05-25 23:33:12.390742302,2026-05-26 00:01:51.695894543,GCM6,M15,-1,4565.6,4565.6,4572.05,4552.7,4552.7,tp,12.9,12.75,4.3,6.45,0.0534,1.0
2026-05-26 00:01:49.629421970,2026-05-26 01:37:35.136182398,GCM6,M15,-1,4554.4,4554.2,4563.775,4535.65,4535.65,tp,18.55,18.4,6.25,9.375,9.5305,1.0
2026-05-26 04:37:00.260252755,2026-05-26 06:25:49.814199467,GCM6,M15,-1,4528.1,4528.1,4536.65,4511.0,4536.8,sl,-8.7,-8.85,5.7,8.55,0.8667,1.0
2026-05-26 07:17:22.121263343,2026-05-26 07:48:48.915931459,GCM6,M15,-1,4523.4,4523.3,4532.4,4505.4,4532.4,sl,-9.1,-9.25,6.0,9.0,0.0395,1.0
2026-05-26 10:50:26.969225871,2026-05-26 11:23:03.053546710,GCM6,M15,1,4539.9,4540.2,4526.325,4567.95,4526.3,sl,-13.9,-14.05,9.25,13.875,0.8408,-1.0
2026-05-29 06:00:08.974199305,2026-05-29 06:18:00.035625618,GCQ6,M15,1,4551.2,4551.6,4541.1,4572.6,4540.8,sl,-10.8,-10.95,7.0,10.5,2.5025,1.0
2026-05-29 14:01:49.085618039,2026-05-29 14:27:14.240034923,GCQ6,M15,1,4574.4,4574.7,4558.8,4606.5,4558.8,sl,-15.9,-16.05,10.6,15.9,1.2803,1.0
2026-06-01 03:18:20.825753358,2026-06-01 05:49:44.590641878,GCQ6,M15,-1,4545.5,4545.5,4554.95,4526.6,4555.0,sl,-9.5,-9.65,6.3,9.45,3.0558,1.0
2026-06-01 13:11:23.252383627,2026-06-01 13:22:40.096636671,GCQ6,M15,-1,4518.6,4518.4,4529.475,4496.85,4496.85,tp,21.55,21.4,7.25,10.875,1.4398,1.0
2026-06-01 23:49:28.663458848,2026-06-02 00:21:08.659767465,GCQ6,M15,-1,4509.1,4508.9,4515.925,4495.45,4516.0,sl,-7.1,-7.25,4.55,6.825,0.8246,-1.0
2026-06-02 00:32:13.054379564,2026-06-02 00:34:35.752332764,GCQ6,M15,1,4525.6,4526.1,4520.8,4536.1,4520.6,sl,-5.5,-5.65,3.4,5.1,4.537,-1.0
2026-06-02 03:29:14.690050103,2026-06-02 06:22:22.817921076,GCQ6,M15,1,4526.8,4527.6,4511.1,4559.7,4559.7,tp,32.1,31.95,10.8,16.2,0.7374,-1.0
2026-06-02 04:46:43.816213847,2026-06-02 14:00:01.154812886,GCQ6,M15,1,4542.8,4543.3,4529.125,4571.65,4525.1,sl,-18.2,-18.35,9.45,14.175,15.2788,1.0
2026-06-02 05:30:22.628722375,2026-06-02 12:59:19.121581847,GCQ6,M15,1,4555.4,4556.8,4542.7,4582.3,4542.7,sl,-14.1,-14.25,8.8,13.2,21.5063,1.0
2026-06-02 12:47:37.851202928,2026-06-02 13:54:51.207821764,GCQ6,M15,-1,4550.9,4550.7,4558.625,4535.45,4535.45,tp,15.25,15.1,5.15,7.725,1.0438,1.0
2026-06-02 23:10:38.827392691,2026-06-02 23:23:28.004798881,GCQ6,M15,-1,4508.0,4508.0,4514.15,4495.7,4495.7,tp,12.3,12.15,4.1,6.15,2.4275,-1.0
2026-06-02 23:28:46.039579409,2026-06-03 00:00:33.389499761,GCQ6,M15,-1,4492.3,4491.5,4507.15,4462.6,4507.3,sl,-15.8,-15.95,9.9,14.85,19.4795,1.0
2026-06-02 23:28:46.039579409,2026-06-02 23:42:18.756906497,GCQ6,H1,-1,4492.3,4491.5,4499.5,4477.9,4499.5,sl,-8.0,-8.15,14.4,7.2,13.4795,1.0
2026-06-03 00:41:13.411365163,2026-06-03 01:00:07.068892062,GCQ6,M15,1,4522.7,4523.2,4512.475,4544.65,4512.2,sl,-11.0,-11.15,7.15,10.725,0.4371,-1.0
2026-06-03 05:30:36.414916438,2026-06-03 13:44:59.436007156,GCQ6,M15,-1,4490.5,4490.1,4507.9,4455.7,4455.7,tp,34.4,34.25,11.6,17.4,4.0101,-1.0
2026-06-03 08:51:47.977698046,2026-06-03 09:06:36.726358737,GCQ6,H1,-1,4476.0,4476.0,4483.0,4462.0,4483.0,sl,-7.0,-7.15,14.0,7.0,32.8633,-1.0
2026-06-03 08:51:47.977698046,2026-06-03 10:07:05.287435281,GCQ6,H4,-1,4476.0,4476.0,4493.55,4440.9,4496.2,sl,-20.2,-20.35,35.1,17.55,8.8633,-1.0
2026-06-03 13:42:49.865075046,2026-06-03 14:10:58.123519929,GCQ6,M15,-1,4467.2,4467.2,4482.125,4437.35,4482.2,sl,-15.0,-15.15,9.95,14.925,2.2139,-1.0
2026-06-03 20:34:26.934292787,2026-06-03 22:56:31.563197438,GCQ6,M15,-1,4461.1,4461.1,4470.4,4442.5,4471.3,sl,-10.2,-10.35,6.2,9.3,2.0741,-1.0
2026-06-03 22:16:12.801284438,2026-06-03 22:57:03.609462067,GCQ6,M15,-1,4454.0,4453.9,4473.5,4415.0,4473.5,sl,-19.6,-19.75,13.0,19.5,6.2702,-1.0
2026-06-03 23:43:06.341835263,2026-06-04 00:38:51.795315086,GCQ6,M15,1,4480.0,4480.5,4472.475,4496.55,4472.2,sl,-8.3,-8.45,5.35,8.025,1.2184,-1.0
2026-06-04 01:22:34.127041295,2026-06-04 01:52:18.233770849,GCQ6,M15,1,4496.5,4497.2,4484.65,4522.0,4484.5,sl,-12.7,-12.85,8.3,12.45,12.1261,-1.0
2026-06-04 11:26:42.363010673,2026-06-04 11:57:06.993814500,GCQ6,M15,1,4511.2,4511.5,4499.05,4536.4,4536.4,tp,24.9,24.75,8.3,12.45,4.6951,-1.0
2026-06-04 11:26:42.363010673,2026-06-04 11:56:20.501196227,GCQ6,M15,1,4511.2,4511.5,4499.7,4534.8,4534.8,tp,23.3,23.15,7.8,11.7,4.4451,-1.0
2026-06-04 11:27:11.458611303,2026-06-04 14:43:32.083420719,GCQ6,M15,1,4516.1,4517.1,4502.85,4543.8,4502.7,sl,-14.4,-14.55,9.1,13.65,28.9532,-1.0
2026-06-04 11:46:29.106696966,2026-06-04 14:29:16.879862454,GCQ6,M15,1,4525.1,4525.8,4511.5,4552.9,4511.3,sl,-14.5,-14.65,9.2,13.8,33.0248,-1.0
2026-06-04 14:53:52.654897423,2026-06-04 15:02:36.489660641,GCQ6,M15,-1,4485.4,4485.3,4496.875,4462.45,4496.9,sl,-11.6,-11.75,7.65,11.475,4.398,-1.0
2026-06-04 22:04:29.854048510,2026-06-04 22:28:02.046615835,GCQ6,M15,-1,4500.0,4500.0,4507.125,4485.75,4507.2,sl,-7.2,-7.35,4.75,7.125,1.325,1.0
2026-06-05 00:12:16.482917486,2026-06-05 00:35:13.772593191,GCQ6,H1,-1,4483.8,4483.8,4488.6,4474.2,4488.6,sl,-4.8,-4.95,9.6,4.8,0.2046,-1.0
2026-06-05 00:12:16.482917486,2026-06-05 01:05:09.390696078,GCQ6,M15,-1,4483.8,4483.8,4496.175,4459.05,4496.2,sl,-12.4,-12.55,8.25,12.375,7.2046,-1.0
2026-06-05 02:01:19.046367867,2026-06-05 07:12:16.989856219,GCQ6,M15,-1,4470.0,4470.0,4486.8,4436.4,4486.9,sl,-16.9,-17.05,11.2,16.8,22.772,-1.0
2026-06-05 06:15:00.496529060,2026-06-05 06:24:38.850880402,GCQ6,M15,-1,4461.2,4461.2,4470.8,4442.0,4471.0,sl,-9.8,-9.95,6.4,9.6,0.7501,-1.0
2026-06-05 11:51:27.566925451,2026-06-05 12:30:01.148957463,GCQ6,M15,1,4496.6,4497.0,4487.925,4514.25,4480.0,sl,-17.0,-17.15,5.85,8.775,0.3577,-1.0
2026-06-05 11:51:27.566925451,2026-06-05 12:30:01.148957463,GCQ6,M15,1,4496.6,4497.0,4487.7,4515.6,4480.0,sl,-17.0,-17.15,6.2,9.3,0.6077,-1.0
2026-06-05 12:51:57.707956959,2026-06-05 13:00:00.547182577,GCQ6,M15,-1,4454.8,4454.4,4467.625,4429.15,4429.15,tp,25.25,25.1,8.55,12.825,4.366,-1.0
2026-06-05 12:52:39.473826927,2026-06-05 13:00:00.626817012,GCQ6,H1,-1,4450.1,4448.4,4460.825,4428.65,4428.65,tp,19.75,19.6,21.45,10.725,29.8776,-1.0
2026-06-05 12:52:39.473826927,2026-06-05 13:37:54.501541964,GCQ6,H4,-1,4450.1,4448.4,4467.6,4415.1,4415.1,tp,33.3,33.15,35.0,17.5,4.8776,-1.0
2026-06-08 01:30:19.684823849,2026-06-08 01:45:42.107027796,GCQ6,M15,-1,4333.4,4333.2,4352.6,4295.0,4352.6,sl,-19.4,-19.55,12.8,19.2,1.2555,-1.0
2026-06-08 05:34:12.578734815,2026-06-08 07:24:36.238015159,GCQ6,M15,-1,4323.6,4323.6,4339.275,4292.25,4341.6,sl,-18.0,-18.15,10.45,15.675,1.8202,-1.0
2026-06-08 11:14:59.032391993,2026-06-08 13:38:07.412302595,GCQ6,M15,1,4342.0,4343.3,4330.05,4367.4,4367.4,tp,24.1,23.95,8.3,12.45,1.7497,-1.0
2026-06-08 11:15:02.661344548,2026-06-09 13:48:59.466244647,GCQ6,M15,1,4346.4,4346.8,4330.3,4379.8,4379.8,tp,33.0,32.85,11.0,16.5,4.7507,-1.0
2026-06-08 23:34:32.317477173,2026-06-09 01:22:20.547656542,GCQ6,M15,-1,4339.0,4338.6,4355.35,4306.3,4355.5,sl,-16.9,-17.05,10.9,16.35,6.8256,-1.0
2026-06-09 05:32:29.829865755,2026-06-09 06:31:06.789149547,GCQ6,M15,1,4366.5,4366.7,4356.775,4386.25,4356.7,sl,-10.0,-10.15,6.55,9.825,0.0416,-1.0
2026-06-09 05:41:51.586868863,2026-06-09 06:30:25.894237911,GCQ6,M15,1,4371.0,4371.3,4361.125,4391.05,4361.0,sl,-10.3,-10.45,6.65,9.975,10.9477,-1.0
2026-06-09 05:42:01.384101543,2026-06-09 06:13:45.743936111,GCQ6,H1,1,4371.5,4371.8,4364.6,4386.2,4364.4,sl,-7.4,-7.55,14.4,7.2,6.7004,-1.0
2026-06-09 05:42:01.384101543,2026-06-09 07:14:38.697200758,GCQ6,M15,1,4371.5,4371.8,4351.7,4412.0,4351.5,sl,-20.3,-20.45,13.4,20.1,13.9504,-1.0
2026-06-09 07:15:03.431037324,2026-06-09 08:12:52.072254691,GCQ6,M15,-1,4348.6,4348.6,4359.4,4327.0,4359.4,sl,-10.8,-10.95,7.2,10.8,0.501,-1.0
2026-06-09 13:48:47.073068602,2026-06-09 13:52:41.898626503,GCQ6,M15,1,4375.7,4376.2,4363.05,4402.2,4363.0,sl,-13.2,-13.35,8.7,13.05,6.0631,-1.0
2026-06-09 14:14:03.130993894,2026-06-09 14:42:33.072034606,GCQ6,M15,-1,4344.5,4344.5,4354.55,4324.4,4324.4,tp,20.1,19.95,6.7,10.05,3.9842,-1.0
2026-06-09 14:17:13.120671474,2026-06-09 14:26:17.507880155,GCQ6,M15,-1,4336.0,4336.0,4347.7,4312.6,4347.9,sl,-11.9,-12.05,7.8,11.7,12.287,-1.0
2026-06-09 14:17:13.120671474,2026-06-09 14:22:54.870991551,GCQ6,H1,-1,4336.0,4336.0,4343.975,4320.05,4344.1,sl,-8.1,-8.25,15.95,7.975,6.287,-1.0
2026-06-09 15:31:35.034509896,2026-06-09 22:51:43.207809035,GCQ6,M15,-1,4297.1,4297.0,4316.075,4259.15,4259.15,tp,37.85,37.7,12.65,18.975,27.7764,-1.0
2026-06-10 08:03:13.992942859,2026-06-10 12:10:59.511017390,GCQ6,M15,-1,4194.2,4194.2,4209.575,4163.45,4163.45,tp,30.75,30.6,10.25,15.375,1.0539,-1.0
2026-06-10 14:56:08.031352846,2026-06-10 20:02:02.707430782,GCQ6,M15,-1,4152.0,4150.8,4177.275,4101.45,4101.45,tp,49.35,49.2,16.85,25.275,0.4356,-1.0
2026-06-11 12:10:40.455068518,2026-06-11 13:46:31.471522918,GCQ6,M15,-1,4098.1,4098.1,4109.275,4075.75,4109.3,sl,-11.2,-11.35,7.45,11.175,0.4279,-1.0
2026-06-11 14:12:46.059708825,2026-06-11 14:22:10.811432351,GCQ6,M15,-1,4073.4,4073.4,4091.25,4037.7,4091.3,sl,-17.9,-18.05,11.9,17.85,9.2128,-1.0
2026-06-11 17:30:10.712956887,2026-06-11 17:33:38.647607727,GCQ6,M15,1,4133.6,4133.8,4119.975,4161.15,4161.15,tp,27.35,27.2,9.15,13.725,7.253,-1.0
2026-06-11 17:30:15.180807439,2026-06-11 17:41:53.177357160,GCQ6,M15,1,4138.5,4138.8,4117.325,4181.45,4181.45,tp,42.65,42.5,14.25,21.375,13.7542,-1.0
2026-06-11 19:14:14.158367934,2026-06-11 22:45:32.959361183,GCQ6,M15,1,4209.5,4209.8,4187.5,4254.1,4254.1,tp,44.3,44.15,14.8,22.2,27.2373,-1.0
2026-06-12 05:58:33.097305884,2026-06-12 07:56:53.734147544,GCQ6,M15,-1,4192.9,4192.6,4209.025,4160.65,4209.2,sl,-16.6,-16.75,10.75,16.125,2.2259,1.0
2026-06-12 08:15:15.765682022,2026-06-12 08:55:30.728823638,GCQ6,M15,1,4226.7,4227.0,4218.15,4244.7,4244.7,tp,17.7,17.55,5.9,8.85,2.5044,1.0
2026-06-12 15:24:46.765345364,2026-06-12 15:39:19.213206068,GCQ6,M15,1,4249.6,4250.1,4236.65,4276.7,4236.4,sl,-13.7,-13.85,8.9,13.35,3.413,1.0
2026-06-15 01:32:44.782309585,2026-06-15 02:38:34.126751166,GCQ6,M15,1,4329.6,4330.0,4317.825,4354.05,4354.05,tp,24.05,23.9,8.05,12.075,1.2958,1.0
2026-06-15 08:32:09.595434007,2026-06-15 13:30:45.211665100,GCQ6,M15,1,4353.9,4354.0,4342.0,4378.0,4378.0,tp,24.0,23.85,8.0,12.0,1.036,1.0
2026-06-15 08:32:31.206745744,2026-06-15 12:17:23.392069320,GCQ6,M15,1,4356.8,4357.4,4347.025,4376.95,4346.9,sl,-10.5,-10.65,6.65,9.975,3.542,1.0
2026-06-15 11:30:32.723950469,2026-06-15 11:46:04.971841684,GCQ6,M15,1,4366.1,4366.6,4356.275,4386.65,4356.2,sl,-10.4,-10.55,6.75,10.125,0.7591,1.0
2026-06-15 17:36:08.614872479,2026-06-16 08:16:22.877857031,GCQ6,M15,-1,4345.3,4345.3,4362.175,4311.55,4362.3,sl,-17.0,-17.15,11.25,16.875,3.1024,1.0
2026-06-16 03:35:43.673857774,2026-06-16 05:58:48.705306392,GCQ6,M15,1,4346.8,4347.4,4336.0,4370.2,4336.0,sl,-11.4,-11.55,7.6,11.4,0.3455,1.0
2026-06-16 07:52:10.140550527,2026-06-16 09:09:11.661277465,GCQ6,M15,1,4354.1,4354.6,4347.075,4369.35,4369.35,tp,14.75,14.6,4.95,7.425,2.1195,1.0
2026-06-17 01:07:06.370722384,2026-06-17 01:20:11.717801503,GCQ6,M15,1,4368.1,4368.5,4359.275,4386.95,4359.2,sl,-9.3,-9.45,6.15,9.225,6.8684,1.0
2026-06-17 03:15:04.237302375,2026-06-17 13:23:00.256195740,GCQ6,M15,-1,4348.2,4348.2,4358.325,4327.95,4358.4,sl,-10.2,-10.35,6.75,10.125,1.0012,1.0
2026-06-17 08:45:45.931817683,2026-06-17 09:24:27.647606044,GCQ6,M15,-1,4337.1,4337.0,4347.225,4316.85,4347.3,sl,-10.3,-10.45,6.75,10.125,2.0128,1.0
2026-06-17 09:30:17.193611209,2026-06-17 11:35:05.036006880,GCQ6,M15,1,4353.8,4354.2,4344.725,4372.85,4344.7,sl,-9.5,-9.65,6.25,9.375,1.5048,1.0
2026-06-17 13:22:30.924922606,2026-06-17 14:23:28.754287956,GCQ6,M15,1,4355.1,4355.5,4349.35,4367.8,4367.8,tp,12.3,12.15,4.1,6.15,1.6253,1.0
2026-06-17 14:23:30.644957294,2026-06-17 14:47:18.744008215,GCQ6,M15,1,4369.8,4370.4,4360.175,4390.55,4360.1,sl,-10.3,-10.45,6.75,10.125,11.1418,1.0
2026-06-17 14:23:30.644957294,2026-06-17 14:30:10.171439196,GCQ6,H1,1,4369.8,4370.4,4363.875,4382.85,4382.85,tp,12.45,12.3,12.65,6.325,4.3918,1.0
2026-06-17 14:24:08.658820107,2026-06-17 14:47:18.058435356,GCQ6,M15,1,4376.5,4376.8,4361.2,4408.0,4361.2,sl,-15.6,-15.75,10.4,15.6,23.1524,1.0
2026-06-17 14:24:08.658820107,2026-06-17 14:40:16.998921900,GCQ6,H1,1,4376.5,4376.8,4369.65,4391.1,4369.6,sl,-7.2,-7.35,14.3,7.15,15.4024,1.0
2026-06-17 14:24:08.664014510,2026-06-17 14:41:28.151129153,GCQ6,H1,1,4376.5,4376.9,4368.35,4394.0,4368.0,sl,-8.9,-9.05,17.1,8.55,17.4024,1.0
2026-06-17 14:24:08.664014510,2026-06-17 14:47:18.058435356,GCQ6,M15,1,4376.5,4376.9,4361.3,4408.1,4361.2,sl,-15.7,-15.85,10.4,15.6,23.4024,1.0
2026-06-17 17:33:36.746791127,2026-06-17 18:00:05.033718740,GCQ6,H4,1,4391.5,4392.0,4379.6,4416.8,4378.7,sl,-13.3,-13.45,24.8,12.4,17.5602,1.0
2026-06-17 18:04:42.031769207,2026-06-17 18:08:33.830403122,GCQ6,M15,-1,4338.7,4338.6,4349.575,4316.95,4316.95,tp,21.65,21.5,7.25,10.875,3.8283,1.0
2026-06-17 18:04:58.568366268,2026-06-17 18:05:42.693600270,GCQ6,M15,-1,4335.6,4335.5,4342.275,4322.25,4322.25,tp,13.25,13.1,4.45,6.675,7.0829,1.0
2026-06-17 18:04:58.568366268,2026-06-17 18:08:06.626958663,GCQ6,H1,-1,4335.6,4335.5,4343.375,4320.05,4320.05,tp,15.45,15.3,15.55,7.775,1.0829,1.0
2026-06-17 18:05:17.316961154,2026-06-17 18:05:43.109651459,GCQ6,H1,-1,4333.7,4333.7,4339.85,4321.4,4321.4,tp,12.3,12.15,12.3,6.15,18.0881,1.0
2026-06-17 18:05:17.316961154,2026-06-17 18:08:36.122400139,GCQ6,M15,-1,4333.7,4333.7,4344.8,4311.5,4311.5,tp,22.2,22.05,7.4,11.1,25.3381,1.0
2026-06-18 14:04:04.536173400,2026-06-18 23:14:38.708852263,GCQ6,M15,-1,4257.9,4257.3,4279.65,4214.4,4214.4,tp,42.9,42.75,14.5,21.75,0.0679,-1.0
2026-06-18 16:36:03.564374252,2026-06-19 02:50:55.099465500,GCQ6,M15,-1,4237.4,4236.6,4260.05,4192.1,4192.1,tp,44.5,44.35,15.1,22.65,17.851,-1.0
2026-06-18 16:36:03.564374252,2026-06-18 17:15:17.811422448,GCQ6,H1,-1,4237.4,4236.6,4248.0,4216.2,4248.0,sl,-11.4,-11.55,21.2,10.6,11.601,-1.0
2026-06-18 19:02:38.889094358,2026-06-18 23:14:38.708852263,GCQ6,M15,-1,4233.0,4233.0,4242.225,4214.55,4214.55,tp,18.45,18.3,6.15,9.225,0.0441,-1.0
2026-06-18 23:02:44.306975375,2026-06-19 00:18:35.062460687,GCQ6,M15,-1,4220.3,4220.2,4229.15,4202.6,4202.6,tp,17.6,17.45,5.9,8.85,0.2956,-1.0
2026-06-19 12:59:46.837479382,2026-06-19 13:03:05.888599315,GCQ6,M15,1,4196.7,4197.3,4187.375,4216.85,4187.3,sl,-10.0,-10.15,6.55,9.825,2.2463,-1.0
2026-06-22 09:06:24.066380201,2026-06-22 12:50:54.828500132,GCQ6,M15,1,4225.4,4225.8,4216.575,4244.25,4216.5,sl,-9.3,-9.45,6.15,9.225,0.1067,-1.0
2026-06-22 13:27:54.777585631,2026-06-22 13:46:47.337287652,GCQ6,M15,-1,4206.5,4206.5,4216.025,4187.45,4216.5,sl,-10.0,-10.15,6.35,9.525,3.4652,-1.0
2026-06-22 15:49:59.619086561,2026-06-22 15:55:46.797353751,GCQ6,M15,-1,4188.1,4188.1,4198.825,4166.65,4198.9,sl,-10.8,-10.95,7.15,10.725,9.5832,-1.0
2026-06-23 01:33:35.508734087,2026-06-23 01:42:05.388803859,GCQ6,H1,-1,4187.7,4187.3,4192.6,4177.9,4177.9,tp,9.4,9.25,9.8,4.9,0.5599,-1.0
2026-06-23 01:33:35.508734087,2026-06-23 03:01:55.017727140,GCQ6,M15,-1,4187.7,4187.3,4200.3,4162.5,4162.5,tp,24.8,24.65,8.4,12.6,7.5599,-1.0
2026-06-23 13:48:52.500857955,2026-06-23 18:25:21.300176483,GCQ6,M15,1,4151.1,4151.9,4139.7,4175.7,4139.7,sl,-12.2,-12.35,8.0,12.0,1.5646,-1.0
2026-06-23 22:22:33.445980070,2026-06-24 02:31:04.344535841,GCQ6,M15,-1,4122.8,4122.8,4142.75,4082.9,4082.9,tp,39.9,39.75,13.3,19.95,6.876,-1.0
2026-06-23 23:37:49.478970839,2026-06-24 00:01:58.484905319,GCQ6,M15,-1,4108.2,4107.9,4120.8,4083.0,4120.8,sl,-12.9,-13.05,8.4,12.6,13.3804,-1.0
2026-06-23 23:37:49.478970839,2026-06-23 23:53:03.873228079,GCQ6,H1,-1,4108.2,4107.9,4117.4,4089.8,4117.5,sl,-9.6,-9.75,18.4,9.2,6.6304,-1.0
2026-06-24 11:06:00.100583223,2026-06-24 12:25:03.115525892,GCQ6,M15,-1,4067.0,4066.3,4080.05,4040.9,4040.9,tp,25.4,25.25,8.7,13.05,5.6,-1.0
2026-06-24 18:03:27.148191005,2026-06-24 18:11:11.863535206,GCQ6,M15,-1,3980.3,3980.3,4007.525,3925.85,4007.7,sl,-27.4,-27.55,18.15,27.225,2.5575,-1.0
2026-06-25 08:22:37.170015268,2026-06-25 09:37:03.596033037,GCQ6,M15,1,4016.6,4016.9,4002.275,4046.15,4002.1,sl,-14.8,-14.95,9.75,14.625,2.377,-1.0
2026-06-25 12:30:22.817681251,2026-06-25 12:35:05.879657279,GCQ6,M15,1,4017.9,4018.4,4007.85,4038.9,4007.6,sl,-10.8,-10.95,6.9,10.35,1.7563,-1.0
2026-06-25 12:48:31.698389705,2026-06-26 02:37:42.952243887,GCQ6,M15,1,4033.9,4034.4,4010.85,4081.5,4010.7,sl,-23.7,-23.85,15.7,23.55,11.0588,-1.0
2026-06-25 15:22:28.257387991,2026-06-26 02:19:51.164195984,GCQ6,M15,1,4049.9,4050.5,4024.65,4101.6,4024.5,sl,-26.0,-26.15,17.1,25.65,0.1245,-1.0
2026-06-26 02:19:39.817125651,2026-06-26 02:55:53.268369452,GCQ6,M15,-1,4026.3,4026.3,4039.5,3999.9,3999.9,tp,26.4,26.25,8.8,13.2,0.0777,-1.0
2026-06-26 09:19:33.088214702,2026-06-26 13:51:46.101324071,GCQ6,M15,1,4060.0,4061.5,4048.525,4083.85,4083.85,tp,22.35,22.2,7.85,11.775,14.8259,-1.0
2026-06-26 09:19:33.088214702,2026-06-26 12:43:11.087243262,GCQ6,H1,1,4060.0,4061.5,4051.475,4077.95,4051.4,sl,-10.1,-10.25,17.65,8.825,7.3259,-1.0
2026-06-29 03:22:22.925510601,2026-06-29 04:36:35.649942895,GCQ6,M15,1,4088.7,4089.3,4071.775,4123.75,4071.5,sl,-17.8,-17.95,11.55,17.325,0.373,1.0
2026-06-29 05:01:16.532160766,2026-06-29 07:29:33.079080820,GCQ6,M15,-1,4062.6,4062.6,4080.15,4027.5,4080.2,sl,-17.6,-17.75,11.7,17.55,2.5213,1.0
2026-06-29 09:48:10.224742812,2026-06-29 12:10:58.630152553,GCQ6,M15,-1,4053.8,4053.8,4065.35,4030.7,4065.4,sl,-11.6,-11.75,7.7,11.55,2.0528,1.0
2026-06-29 14:03:37.274211079,2026-06-29 14:15:47.044124211,GCQ6,M15,-1,4038.1,4037.8,4050.025,4014.25,4014.25,tp,23.55,23.4,7.95,11.925,2.0604,1.0
2026-06-30 00:06:16.847844318,2026-06-30 00:11:46.825756942,GCQ6,M15,-1,4019.2,4018.9,4024.6,4008.4,4024.8,sl,-5.9,-6.05,3.6,5.4,1.6047,-1.0
2026-06-30 00:37:06.154533784,2026-06-30 01:06:36.090754163,GCQ6,M15,-1,4012.0,4012.0,4025.5,3985.0,3985.0,tp,27.0,26.85,9.0,13.5,8.1184,-1.0
2026-06-30 00:37:06.154533784,2026-06-30 00:56:09.626680500,GCQ6,H1,-1,4012.0,4012.0,4018.725,3998.55,3998.55,tp,13.45,13.3,13.45,6.725,0.6184,-1.0
2026-06-30 06:32:28.554867977,2026-06-30 14:21:25.777352350,GCQ6,M15,1,4036.7,4037.6,4021.925,4068.05,4068.05,tp,30.45,30.3,10.25,15.375,5.0413,-1.0
2026-06-30 06:35:18.203911689,2026-06-30 06:36:37.495915849,GCQ6,M15,1,4046.7,4047.0,4040.025,4060.95,4040.0,sl,-7.0,-7.15,4.65,6.975,11.3384,-1.0
2026-06-30 12:55:51.523948453,2026-06-30 13:07:49.293319766,GCQ6,M15,-1,4025.9,4025.8,4033.85,4010.0,4033.9,sl,-8.1,-8.25,5.3,7.95,1.181,-1.0
2026-06-30 14:09:19.733349895,2026-06-30 19:50:20.622164350,GCQ6,M15,1,4051.4,4052.3,4034.275,4088.05,4034.2,sl,-18.1,-18.25,11.95,17.925,0.1555,-1.0
2026-06-30 14:09:19.733349895,2026-06-30 14:23:40.395144699,GCQ6,M15,1,4051.8,4052.3,4041.425,4073.15,4073.15,tp,20.85,20.7,7.05,10.575,3.9055,-1.0
2026-06-30 14:21:08.472448995,2026-06-30 15:02:02.738291831,GCQ6,M15,1,4067.0,4067.4,4050.375,4101.45,4050.3,sl,-17.1,-17.25,11.35,17.025,24.1024,1.0
2026-06-30 19:48:05.083774576,2026-06-30 20:55:40.163363241,GCQ6,M15,-1,4034.9,4034.8,4040.825,4023.05,4023.05,tp,11.75,11.6,3.95,5.925,0.5514,-1.0
2026-06-30 20:55:40.994956985,2026-07-01 06:07:18.400048756,GCQ6,M15,-1,4022.1,4022.1,4043.85,3978.6,3978.6,tp,43.5,43.35,14.5,21.75,5.9281,-1.0
2026-07-01 05:12:03.364992263,2026-07-01 08:17:13.562274903,GCQ6,M15,-1,3983.0,3983.0,3993.725,3961.55,3994.0,sl,-11.0,-11.15,7.15,10.725,0.9509,-1.0
2026-07-01 11:50:32.084544038,2026-07-01 12:01:58.500505892,GCQ6,M15,1,4048.7,4049.2,4043.275,4061.05,4043.2,sl,-6.0,-6.15,3.95,5.925,15.5922,-1.0
2026-07-01 13:38:57.742743730,2026-07-01 13:40:21.556682697,GCQ6,H1,1,4078.1,4078.4,4071.575,4092.05,4092.05,tp,13.65,13.5,13.65,6.825,13.6494,-1.0
2026-07-01 13:38:57.742743730,2026-07-01 13:44:50.594070496,GCQ6,M15,1,4078.1,4078.4,4062.125,4110.95,4110.95,tp,32.55,32.4,10.85,16.275,21.1494,-1.0
2026-07-02 03:49:26.324188545,2026-07-02 05:13:28.975441511,GCQ6,M15,1,4080.5,4080.9,4066.275,4110.15,4066.2,sl,-14.7,-14.85,9.75,14.625,0.574,1.0
2026-07-02 06:02:22.308561441,2026-07-02 07:23:15.298269766,GCQ6,M15,1,4086.3,4087.2,4076.4,4107.0,4076.4,sl,-10.8,-10.95,6.8,10.2,0.0395,1.0
2026-07-02 08:56:44.368274972,2026-07-02 09:31:48.263966718,GCQ6,M15,1,4092.5,4092.8,4076.15,4126.1,4076.0,sl,-16.8,-16.95,11.1,16.65,0.4457,1.0
2026-07-02 12:30:42.402354699,2026-07-02 12:31:25.253876563,GCQ6,M15,1,4131.0,4131.6,4117.825,4158.55,4117.4,sl,-14.2,-14.35,9.05,13.575,19.7618,1.0
2026-07-02 12:30:42.402354699,2026-07-02 12:31:22.456732310,GCQ6,H1,1,4131.0,4131.6,4123.75,4147.3,4123.6,sl,-8.0,-8.15,15.7,7.85,12.5118,1.0
2026-07-02 22:09:19.970059798,2026-07-03 00:51:07.937634883,GCQ6,M15,1,4140.6,4140.9,4131.275,4159.85,4159.85,tp,18.95,18.8,6.35,9.525,1.4055,1.0
2026-07-03 13:09:11.533592380,2026-07-03 14:08:59.130197526,GCQ6,M15,-1,4180.7,4180.6,4186.4,4169.3,4169.3,tp,11.3,11.15,3.8,5.7,1.4032,1.0
2026-07-03 14:07:14.536389390,2026-07-03 15:03:12.633959318,GCQ6,M15,-1,4173.6,4173.1,4184.025,4152.75,4184.1,sl,-11.0,-11.15,6.95,10.425,5.6207,1.0
2026-07-06 01:48:11.366700209,2026-07-06 02:07:06.910955293,GCQ6,M15,1,4214.1,4214.4,4192.05,4259.1,4192.0,sl,-22.4,-22.55,14.9,22.35,0.3032,1.0
2026-07-06 02:35:45.130122239,2026-07-07 01:27:49.156501985,GCQ6,M15,-1,4182.4,4182.3,4203.55,4140.1,4140.1,tp,42.2,42.05,14.1,21.15,0.3459,1.0
2026-07-06 05:03:32.998523277,2026-07-06 07:45:27.064453252,GCQ6,H1,-1,4167.7,4167.7,4177.05,4149.0,4177.1,sl,-9.4,-9.55,18.7,9.35,1.0592,1.0
2026-07-06 09:26:25.567134567,2026-07-06 10:43:19.576796214,GCQ6,M15,-1,4156.4,4156.3,4167.95,4133.3,4168.2,sl,-11.9,-12.05,7.7,11.55,1.4404,1.0
2026-07-06 12:41:48.156796930,2026-07-06 13:01:00.518179741,GCQ6,M15,-1,4148.4,4148.4,4157.55,4130.1,4157.9,sl,-9.5,-9.65,6.1,9.15,0.9467,1.0
2026-07-06 17:51:49.384756942,2026-07-07 00:43:14.753357471,GCQ6,M15,1,4172.2,4172.5,4160.25,4196.7,4160.2,sl,-12.3,-12.45,8.1,12.15,4.3637,1.0
2026-07-06 18:35:42.326900453,2026-07-06 23:57:43.363282372,GCQ6,M15,1,4178.1,4178.3,4168.15,4198.3,4168.1,sl,-10.2,-10.35,6.7,10.05,8.5951,1.0
2026-07-06 22:35:01.049232587,2026-07-06 23:07:53.634098734,GCQ6,M15,1,4179.6,4179.8,4174.025,4191.35,4174.0,sl,-5.8,-5.95,3.85,5.775,1.8336,1.0
2026-07-07 01:27:49.156501985,2026-07-07 01:44:35.068449859,GCQ6,M15,-1,4140.6,4139.7,4153.5,4114.8,4153.5,sl,-13.8,-13.95,8.6,12.9,8.7137,1.0
2026-07-07 01:27:49.156501985,2026-07-07 01:30:20.824907627,GCQ6,H1,-1,4140.6,4139.7,4146.55,4128.7,4146.7,sl,-7.0,-7.15,11.9,5.95,1.4637,1.0
2026-07-07 03:46:20.781295613,2026-07-07 04:09:03.545023983,GCQ6,M15,-1,4137.6,4137.4,4149.45,4113.9,4149.5,sl,-12.1,-12.25,7.9,11.85,0.2724,1.0
2026-07-07 11:18:35.375613462,2026-07-07 12:09:53.262471380,GCQ6,M15,1,4150.9,4151.4,4135.45,4182.7,4182.7,tp,31.3,31.15,10.5,15.75,1.0598,-1.0
2026-07-07 12:09:42.687010948,2026-07-07 12:26:50.854667479,GCQ6,H1,1,4179.6,4180.0,4174.625,4190.45,4174.6,sl,-5.4,-5.55,10.55,5.275,8.1619,-1.0
2026-07-07 12:09:42.687010948,2026-07-07 12:37:17.554010686,GCQ6,M15,1,4179.5,4180.0,4173.675,4192.35,4173.6,sl,-6.4,-6.55,4.15,6.225,11.4119,1.0
2026-07-07 18:49:14.662231881,2026-07-07 19:07:13.977939973,GCQ6,M15,-1,4146.9,4146.9,4156.35,4128.0,4128.0,tp,18.9,18.75,6.3,9.45,0.8207,-1.0
2026-07-07 19:01:06.312289177,2026-07-07 19:15:11.117375549,GCQ6,M15,-1,4130.6,4130.6,4139.375,4113.05,4113.05,tp,17.55,17.4,5.85,8.775,7.5184,-1.0
2026-07-07 19:07:13.977939973,2026-07-07 19:16:06.809665774,GCQ6,M15,-1,4127.7,4127.0,4137.75,4107.6,4107.6,tp,19.4,19.25,6.7,10.05,11.3705,-1.0
2026-07-07 19:07:13.977939973,2026-07-07 19:15:07.903400934,GCQ6,H1,-1,4127.7,4127.0,4134.825,4113.45,4113.45,tp,13.55,13.4,14.25,7.125,5.1205,1.0
2026-07-08 03:01:52.617118966,2026-07-08 08:16:53.736357289,GCQ6,M15,1,4137.1,4137.6,4118.775,4175.25,4118.3,sl,-19.3,-19.45,12.55,18.825,0.2813,-1.0
2026-07-08 08:17:57.616129477,2026-07-08 08:39:31.622895251,GCQ6,M15,-1,4102.7,4102.3,4115.0,4078.1,4078.1,tp,24.2,24.05,8.2,12.3,9.7993,-1.0
2026-07-08 08:17:57.616129477,2026-07-08 08:36:34.638692766,GCQ6,H1,-1,4102.7,4102.3,4111.775,4084.55,4084.55,tp,17.75,17.6,18.15,9.075,3.2993,-1.0
2026-07-08 14:43:45.867723330,2026-07-08 16:43:48.954140195,GCQ6,M15,-1,4050.0,4047.7,4063.2,4023.6,4063.2,sl,-15.5,-15.65,8.8,13.2,2.4794,-1.0
2026-07-08 18:46:31.190600699,2026-07-09 01:03:49.468910222,GCQ6,M15,1,4096.8,4097.3,4075.8,4139.7,4075.8,sl,-21.5,-21.65,14.2,21.3,3.7753,-1.0
2026-07-09 06:00:17.566016721,2026-07-09 12:08:46.221771147,GCQ6,M15,1,4099.1,4099.4,4085.15,4127.9,4127.9,tp,28.5,28.35,9.5,14.25,3.5049,-1.0
2026-07-09 06:00:19.636079294,2026-07-09 08:21:14.417784721,GCQ6,M15,1,4101.6,4102.6,4091.825,4123.55,4123.55,tp,20.95,20.8,7.05,10.575,9.0055,-1.0
2026-07-09 06:00:19.636079294,2026-07-09 06:59:46.996958294,GCQ6,H1,1,4101.6,4102.6,4094.675,4116.95,4116.95,tp,14.35,14.2,14.85,7.425,2.0055,-1.0
2026-07-09 12:08:46.196410567,2026-07-09 12:19:09.307988560,GCQ6,M15,1,4127.4,4127.8,4118.525,4145.75,4118.4,sl,-9.4,-9.55,6.05,9.075,1.6462,-1.0
2026-07-09 14:04:00.774724757,2026-07-09 14:10:18.760773870,GCQ6,H1,1,4144.7,4145.0,4135.325,4164.35,4135.3,sl,-9.7,-9.85,19.35,9.675,23.0669,-1.0
2026-07-09 14:05:41.752829079,2026-07-09 14:09:12.300886934,GCQ6,M15,1,4144.7,4147.2,4135.725,4164.75,4135.6,sl,-11.6,-11.75,6.45,9.675,29.5949,-1.0
2026-07-09 16:32:36.069896232,2026-07-09 16:59:59.196193806,GCQ6,M15,1,4147.4,4147.6,4137.775,4167.25,4137.7,sl,-9.9,-10.05,6.55,9.825,0.2934,1.0
2026-07-10 00:24:38.834099572,2026-07-10 00:45:13.501288230,GCQ6,M15,-1,4128.3,4128.3,4133.7,4117.5,4133.8,sl,-5.5,-5.65,3.6,5.4,1.6608,1.0
2026-07-10 05:38:07.048054295,2026-07-10 13:27:45.494357207,GCQ6,M15,-1,4118.3,4117.9,4129.625,4095.65,4095.65,tp,22.25,22.1,7.55,11.325,1.6353,1.0
2026-07-10 13:27:01.350125871,2026-07-10 14:28:41.293068396,GCQ6,M15,-1,4102.8,4102.6,4117.05,4074.3,4117.5,sl,-14.9,-15.05,9.5,14.25,24.4504,-1.0
2026-07-10 13:27:01.350125871,2026-07-10 13:43:47.295005054,GCQ6,M15,-1,4103.0,4102.6,4110.275,4088.45,4110.3,sl,-7.7,-7.85,4.85,7.275,2.2004,1.0
2026-07-10 20:53:11.846993580,2026-07-12 22:00:00.475341822,GCQ6,M15,1,4124.8,4125.0,4118.625,4137.75,4137.75,tp,12.75,12.6,4.25,6.375,2.1366,1.0
2026-07-10 20:53:12.446901369,2026-07-12 22:00:00.663123092,GCQ6,M15,1,4127.0,4127.3,4109.9,4162.1,4106.5,sl,-20.8,-20.95,11.6,17.4,6.6368,-1.0
2026-07-13 03:06:28.703492655,2026-07-13 08:22:39.881323878,GCQ6,M15,-1,4069.4,4069.4,4087.4,4033.4,4087.5,sl,-18.1,-18.25,12.0,18.0,0.358,-1.0
2026-07-13 08:11:06.970808092,2026-07-13 10:41:55.953477182,GCQ6,M15,1,4080.9,4081.2,4063.25,4116.8,4063.0,sl,-18.2,-18.35,11.9,17.85,0.9353,-1.0
2026-07-13 13:51:18.295366366,2026-07-13 14:16:45.562575294,GCQ6,M15,-1,4055.0,4055.0,4068.575,4027.85,4027.85,tp,27.15,27.0,9.05,13.575,1.1051,-1.0
2026-07-13 13:51:50.404058396,2026-07-13 14:16:46.426603730,GCQ6,M15,-1,4052.0,4050.8,4065.5,4025.0,4025.0,tp,25.8,25.65,9.0,13.5,5.614,-1.0
2026-07-14 00:07:24.079308374,2026-07-14 00:10:30.684220939,GCQ6,M15,-1,3992.9,3992.0,4003.475,3971.75,4003.6,sl,-11.6,-11.75,7.05,10.575,5.1234,-1.0
2026-07-14 01:58:15.909931406,2026-07-14 04:32:28.768769079,GCQ6,M15,1,4015.5,4015.7,4009.6,4027.6,4027.6,tp,11.9,11.75,4.0,6.0,1.7211,-1.0
2026-07-14 12:03:22.230986743,2026-07-14 12:08:29.941253283,GCQ6,M15,1,4040.4,4040.9,4033.125,4055.85,4033.1,sl,-7.8,-7.95,5.05,7.575,4.3062,-1.0
2026-07-15 01:35:40.045588196,2026-07-15 05:11:32.996341886,GCQ6,M15,-1,4052.7,4052.7,4062.6,4032.9,4032.9,tp,19.8,19.65,6.6,9.9,0.0945,-1.0
2026-07-15 01:40:25.664743986,2026-07-15 05:11:32.996341886,GCQ6,M15,-1,4049.2,4049.2,4057.375,4032.85,4032.85,tp,16.35,16.2,5.45,8.175,4.9238,-1.0
2026-07-15 11:41:30.291516565,2026-07-15 12:37:55.649754685,GCQ6,M15,1,4044.7,4045.0,4032.0,4070.7,4070.7,tp,25.7,25.55,8.6,12.9,3.9417,-1.0
2026-07-15 12:37:33.027579623,2026-07-15 15:12:48.485432483,GCQ6,M15,1,4068.6,4069.0,4057.375,4092.25,4057.3,sl,-11.7,-11.85,7.75,11.625,9.3758,-1.0
2026-07-15 18:29:54.954336767,2026-07-15 18:58:13.583283223,GCQ6,M15,1,4080.7,4081.2,4066.6,4109.8,4066.3,sl,-14.9,-15.05,9.6,14.4,3.2486,-1.0
2026-07-16 02:39:06.467624326,2026-07-16 11:48:59.145374373,GCQ6,M15,-1,4033.0,4033.0,4047.7,4003.6,4047.8,sl,-14.8,-14.95,9.8,14.7,7.9018,-1.0
2026-07-16 06:35:05.007136067,2026-07-16 08:02:07.444908358,GCQ6,M15,-1,4029.4,4029.4,4037.65,4012.9,4037.7,sl,-8.3,-8.45,5.5,8.25,1.8347,-1.0
2026-07-16 11:25:43.459895351,2026-07-16 11:36:02.565045398,GCQ6,M15,-1,4027.7,4027.7,4036.25,4010.6,4036.3,sl,-8.6,-8.75,5.7,8.55,2.6787,-1.0
2026-07-16 11:46:21.200067217,2026-07-16 11:49:55.494366167,GCQ6,M15,1,4043.2,4043.5,4036.975,4056.55,4036.8,sl,-6.7,-6.85,4.35,6.525,0.2726,-1.0
2026-07-16 12:16:15.421057228,2026-07-16 12:18:41.106373670,GCQ6,M15,-1,4023.3,4023.1,4031.4,4007.1,4031.5,sl,-8.4,-8.55,5.4,8.1,26.021,-1.0
2026-07-16 12:16:15.421057228,2026-07-16 12:18:38.286956987,GCQ6,H1,-1,4023.3,4023.1,4030.725,4008.45,4030.8,sl,-7.7,-7.85,14.85,7.425,19.271,-1.0
2026-07-16 19:35:24.449024435,2026-07-17 01:06:31.079180724,GCQ6,M15,-1,3977.1,3977.1,3998.025,3935.25,3998.7,sl,-21.6,-21.75,13.95,20.925,4.3401,1.0
2026-07-17 12:20:21.927728891,2026-07-17 12:43:03.709602276,GCQ6,M15,-1,3991.3,3991.3,3999.25,3975.4,3975.4,tp,15.9,15.75,5.3,7.95,1.5894,-1.0
2026-07-17 12:42:43.098953852,2026-07-17 13:38:28.701675675,GCQ6,M15,-1,3978.4,3978.4,3993.1,3949.0,3993.3,sl,-14.9,-15.05,9.8,14.7,5.212,-1.0
2026-07-17 13:39:29.592059338,2026-07-17 13:39:38.643832550,GCQ6,M15,1,4006.5,4007.0,4000.125,4020.15,4000.0,sl,-7.0,-7.15,4.45,6.675,2.1582,-1.0
2026-07-17 15:04:25.416543953,2026-07-17 20:59:59.139024532,GCQ6,M15,1,4010.7,4011.8,4001.175,4030.65,4022.4,eos,10.6,10.45,6.55,9.825,6.3237,-1.0
2026-07-17 15:04:25.472760854,2026-07-17 15:52:58.049732983,GCQ6,H1,1,4012.2,4013.4,4006.475,4024.85,4024.85,tp,11.45,11.3,12.25,6.125,3.0737,-1.0
2026-07-17 15:04:25.472760854,2026-07-17 20:59:59.139024532,GCQ6,M15,1,4012.2,4013.4,4003.85,4029.5,4022.4,eos,9.0,8.85,5.7,8.55,9.5737,-1.0
2026-07-17 15:47:06.610685153,2026-07-17 19:23:38.306368449,GCQ6,M15,1,4021.8,4022.0,4008.475,4048.75,4008.4,sl,-13.6,-13.75,8.95,13.425,22.2852,-1.0
